table_name	col_name	data_type
ACC_LOG_DTL_IX	access_instant	decimal(16,6)
ACC_LOG_DTL_IX	process_id	string
ACC_LOG_DTL_IX	data_mnemonic_id	string
ACC_LOG_DTL_IX	string_value	string
ACC_LOG_DTL_IX	integer_value	decimal(18,0)
ACC_LOG_DTL_IX	dl_load_dt	date
ACC_LOG_DTL_IX	dl_load_ts	timestamp
ACC_LOG_DTL_IX_2022	access_instant	decimal(16,6)
ACC_LOG_DTL_IX_2022	process_id	string
ACC_LOG_DTL_IX_2022	data_mnemonic_id	string
ACC_LOG_DTL_IX_2022	string_value	string
ACC_LOG_DTL_IX_2022	integer_value	decimal(18,0)
ACC_LOG_DTL_IX_2022	dl_load_dt	date
ACC_LOG_DTL_IX_2022	dl_load_ts	timestamp
ACC_LOG_DTL_IX_2023	access_instant	decimal(16,6)
ACC_LOG_DTL_IX_2023	process_id	string
ACC_LOG_DTL_IX_2023	data_mnemonic_id	string
ACC_LOG_DTL_IX_2023	string_value	string
ACC_LOG_DTL_IX_2023	integer_value	decimal(18,0)
ACC_LOG_DTL_IX_2023	dl_load_dt	date
ACC_LOG_DTL_IX_2023	dl_load_ts	timestamp
ACC_LOG_DTL_IX_2024	access_instant	decimal(16,6)
ACC_LOG_DTL_IX_2024	process_id	string
ACC_LOG_DTL_IX_2024	data_mnemonic_id	string
ACC_LOG_DTL_IX_2024	string_value	string
ACC_LOG_DTL_IX_2024	integer_value	decimal(18,0)
ACC_LOG_DTL_IX_2024	dl_load_dt	date
ACC_LOG_DTL_IX_2024	dl_load_ts	timestamp
ACC_LOG_DTL_IX_2025	access_instant	decimal(16,6)
ACC_LOG_DTL_IX_2025	process_id	string
ACC_LOG_DTL_IX_2025	data_mnemonic_id	string
ACC_LOG_DTL_IX_2025	string_value	string
ACC_LOG_DTL_IX_2025	integer_value	decimal(18,0)
ACC_LOG_DTL_IX_2025	dl_load_dt	date
ACC_LOG_DTL_IX_2025	dl_load_ts	timestamp
ACC_LOG_DTL_IX_2026	access_instant	decimal(16,6)
ACC_LOG_DTL_IX_2026	process_id	string
ACC_LOG_DTL_IX_2026	data_mnemonic_id	string
ACC_LOG_DTL_IX_2026	string_value	string
ACC_LOG_DTL_IX_2026	integer_value	decimal(18,0)
ACC_LOG_DTL_IX_2026	dl_load_dt	date
ACC_LOG_DTL_IX_2026	dl_load_ts	timestamp
ACC_LOG_DTL_NI	access_instant	decimal(16,6)
ACC_LOG_DTL_NI	process_id	string
ACC_LOG_DTL_NI	data_mnemonic_id	string
ACC_LOG_DTL_NI	string_value	string
ACC_LOG_DTL_NI	integer_value	decimal(18,0)
ACC_LOG_DTL_NI	dl_load_dt	date
ACC_LOG_DTL_NI	dl_load_ts	timestamp
ACC_LOG_DTL_NI_2024	access_instant	decimal(16,6)
ACC_LOG_DTL_NI_2024	process_id	string
ACC_LOG_DTL_NI_2024	data_mnemonic_id	string
ACC_LOG_DTL_NI_2024	string_value	string
ACC_LOG_DTL_NI_2024	integer_value	decimal(18,0)
ACC_LOG_DTL_NI_2024	dl_load_dt	date
ACC_LOG_DTL_NI_2024	dl_load_ts	timestamp
ACC_LOG_DTL_NI_2025	access_instant	decimal(16,6)
ACC_LOG_DTL_NI_2025	process_id	string
ACC_LOG_DTL_NI_2025	data_mnemonic_id	string
ACC_LOG_DTL_NI_2025	string_value	string
ACC_LOG_DTL_NI_2025	integer_value	decimal(18,0)
ACC_LOG_DTL_NI_2025	dl_load_dt	date
ACC_LOG_DTL_NI_2025	dl_load_ts	timestamp
ACC_LOG_DTL_NI_2026	access_instant	decimal(16,6)
ACC_LOG_DTL_NI_2026	process_id	string
ACC_LOG_DTL_NI_2026	data_mnemonic_id	string
ACC_LOG_DTL_NI_2026	string_value	string
ACC_LOG_DTL_NI_2026	integer_value	decimal(18,0)
ACC_LOG_DTL_NI_2026	dl_load_dt	date
ACC_LOG_DTL_NI_2026	dl_load_ts	timestamp
ACC_LOG_MTLDTL_IX	access_instant	decimal(16,6)
ACC_LOG_MTLDTL_IX	process_id	string
ACC_LOG_MTLDTL_IX	data_mnemonic_id	string
ACC_LOG_MTLDTL_IX	identifier	string
ACC_LOG_MTLDTL_IX	string_value	string
ACC_LOG_MTLDTL_IX	integer_value	decimal(18,0)
ACC_LOG_MTLDTL_IX	dl_load_dt	date
ACC_LOG_MTLDTL_IX	dl_load_ts	timestamp
ACC_LOG_MTLDTL_IX_2022	access_instant	decimal(16,6)
ACC_LOG_MTLDTL_IX_2022	process_id	string
ACC_LOG_MTLDTL_IX_2022	data_mnemonic_id	string
ACC_LOG_MTLDTL_IX_2022	identifier	string
ACC_LOG_MTLDTL_IX_2022	string_value	string
ACC_LOG_MTLDTL_IX_2022	integer_value	decimal(18,0)
ACC_LOG_MTLDTL_IX_2022	dl_load_dt	date
ACC_LOG_MTLDTL_IX_2022	dl_load_ts	timestamp
ACC_WRKF_DTL_IX_2023	access_instant	decimal(16,6)
ACC_WRKF_DTL_IX_2023	process_id	string
ACC_WRKF_DTL_IX_2023	data_mnemonic_id	string
ACC_WRKF_DTL_IX_2023	string_value	string
ACC_WRKF_DTL_IX_2023	integer_value	decimal(18,0)
ACC_WRKF_DTL_IX_2023	dl_load_dt	date
ACC_WRKF_DTL_IX_2023	dl_load_ts	timestamp
ACC_WRKF_DTL_IX_2024	access_instant	decimal(16,6)
ACC_WRKF_DTL_IX_2024	process_id	string
ACC_WRKF_DTL_IX_2024	data_mnemonic_id	string
ACC_WRKF_DTL_IX_2024	string_value	string
ACC_WRKF_DTL_IX_2024	integer_value	decimal(18,0)
ACC_WRKF_DTL_IX_2024	dl_load_dt	date
ACC_WRKF_DTL_IX_2024	dl_load_ts	timestamp
ACCESS_LOG	access_instant	decimal(16,6)
ACCESS_LOG	process_id	string
ACCESS_LOG	access_time	timestamp
ACCESS_LOG	metric_id	decimal(18,0)
ACCESS_LOG	user_id	string
ACCESS_LOG	workstation_id	string
ACCESS_LOG	pat_id	string
ACCESS_LOG	csn	decimal(18,0)
ACCESS_LOG	access_action_c	int
ACCESS_LOG	deployment_id	string
ACCESS_LOG	audit_session_id	string
ACCESS_LOG	dl_load_dt	date
ACCESS_LOG	dl_load_ts	timestamp
ACCESS_LOG_2019	access_instant	decimal(16,6)
ACCESS_LOG_2019	process_id	string
ACCESS_LOG_2019	access_time	timestamp
ACCESS_LOG_2019	metric_id	decimal(18,0)
ACCESS_LOG_2019	user_id	string
ACCESS_LOG_2019	workstation_id	string
ACCESS_LOG_2019	pat_id	string
ACCESS_LOG_2019	csn	decimal(18,0)
ACCESS_LOG_2019	access_action_c	int
ACCESS_LOG_2019	deployment_id	string
ACCESS_LOG_2019	audit_session_id	string
ACCESS_LOG_2019	dl_load_dt	date
ACCESS_LOG_2019	dl_load_ts	timestamp
ACCESS_LOG_2020	access_instant	decimal(16,6)
ACCESS_LOG_2020	process_id	string
ACCESS_LOG_2020	access_time	timestamp
ACCESS_LOG_2020	metric_id	decimal(18,0)
ACCESS_LOG_2020	user_id	string
ACCESS_LOG_2020	workstation_id	string
ACCESS_LOG_2020	pat_id	string
ACCESS_LOG_2020	csn	decimal(18,0)
ACCESS_LOG_2020	access_action_c	int
ACCESS_LOG_2020	deployment_id	string
ACCESS_LOG_2020	audit_session_id	string
ACCESS_LOG_2020	dl_load_dt	date
ACCESS_LOG_2020	dl_load_ts	timestamp
ACCESS_LOG_2021	access_instant	decimal(16,6)
ACCESS_LOG_2021	process_id	string
ACCESS_LOG_2021	access_time	timestamp
ACCESS_LOG_2021	metric_id	decimal(18,0)
ACCESS_LOG_2021	user_id	string
ACCESS_LOG_2021	workstation_id	string
ACCESS_LOG_2021	pat_id	string
ACCESS_LOG_2021	csn	decimal(18,0)
ACCESS_LOG_2021	access_action_c	int
ACCESS_LOG_2021	deployment_id	string
ACCESS_LOG_2021	audit_session_id	string
ACCESS_LOG_2021	dl_load_dt	date
ACCESS_LOG_2021	dl_load_ts	timestamp
ACCESS_LOG_2022	access_instant	decimal(16,6)
ACCESS_LOG_2022	process_id	string
ACCESS_LOG_2022	access_time	timestamp
ACCESS_LOG_2022	metric_id	decimal(18,0)
ACCESS_LOG_2022	user_id	string
ACCESS_LOG_2022	workstation_id	string
ACCESS_LOG_2022	pat_id	string
ACCESS_LOG_2022	csn	decimal(18,0)
ACCESS_LOG_2022	access_action_c	int
ACCESS_LOG_2022	deployment_id	string
ACCESS_LOG_2022	audit_session_id	string
ACCESS_LOG_2022	dl_load_dt	date
ACCESS_LOG_2022	dl_load_ts	timestamp
ACCESS_LOG_2023	access_instant	decimal(16,6)
ACCESS_LOG_2023	process_id	string
ACCESS_LOG_2023	access_time	timestamp
ACCESS_LOG_2023	metric_id	decimal(18,0)
ACCESS_LOG_2023	user_id	string
ACCESS_LOG_2023	workstation_id	string
ACCESS_LOG_2023	pat_id	string
ACCESS_LOG_2023	csn	decimal(18,0)
ACCESS_LOG_2023	access_action_c	int
ACCESS_LOG_2023	deployment_id	string
ACCESS_LOG_2023	audit_session_id	string
ACCESS_LOG_2023	dl_load_dt	date
ACCESS_LOG_2023	dl_load_ts	timestamp
ACCESS_LOG_2024	access_instant	decimal(16,6)
ACCESS_LOG_2024	process_id	string
ACCESS_LOG_2024	access_time	timestamp
ACCESS_LOG_2024	metric_id	decimal(18,0)
ACCESS_LOG_2024	user_id	string
ACCESS_LOG_2024	workstation_id	string
ACCESS_LOG_2024	pat_id	string
ACCESS_LOG_2024	csn	decimal(18,0)
ACCESS_LOG_2024	access_action_c	int
ACCESS_LOG_2024	deployment_id	string
ACCESS_LOG_2024	audit_session_id	string
ACCESS_LOG_2024	dl_load_dt	date
ACCESS_LOG_2024	dl_load_ts	timestamp
ACCESS_LOG_2025	access_instant	decimal(16,6)
ACCESS_LOG_2025	process_id	string
ACCESS_LOG_2025	access_time	timestamp
ACCESS_LOG_2025	metric_id	decimal(18,0)
ACCESS_LOG_2025	user_id	string
ACCESS_LOG_2025	workstation_id	string
ACCESS_LOG_2025	pat_id	string
ACCESS_LOG_2025	csn	decimal(18,0)
ACCESS_LOG_2025	access_action_c	int
ACCESS_LOG_2025	deployment_id	string
ACCESS_LOG_2025	audit_session_id	string
ACCESS_LOG_2025	dl_load_dt	date
ACCESS_LOG_2025	dl_load_ts	timestamp
ACCESS_LOG_2026	access_instant	decimal(16,6)
ACCESS_LOG_2026	process_id	string
ACCESS_LOG_2026	access_time	timestamp
ACCESS_LOG_2026	metric_id	decimal(18,0)
ACCESS_LOG_2026	user_id	string
ACCESS_LOG_2026	workstation_id	string
ACCESS_LOG_2026	pat_id	string
ACCESS_LOG_2026	csn	decimal(18,0)
ACCESS_LOG_2026	access_action_c	int
ACCESS_LOG_2026	deployment_id	string
ACCESS_LOG_2026	audit_session_id	string
ACCESS_LOG_2026	dl_load_dt	date
ACCESS_LOG_2026	dl_load_ts	timestamp
ACCESS_LOG_ARCHIVED	access_instant	decimal(16,6)
ACCESS_LOG_ARCHIVED	process_id	string
ACCESS_LOG_ARCHIVED	access_time	timestamp
ACCESS_LOG_ARCHIVED	metric_id	decimal(18,0)
ACCESS_LOG_ARCHIVED	user_id	string
ACCESS_LOG_ARCHIVED	workstation_id	string
ACCESS_LOG_ARCHIVED	pat_id	string
ACCESS_LOG_ARCHIVED	csn	decimal(18,0)
ACCESS_LOG_ARCHIVED	access_action_c	int
ACCESS_LOG_ARCHIVED	deployment_id	string
ACCESS_LOG_ARCHIVED	audit_session_id	string
ACCESS_LOG_ARCHIVED	dl_load_dt	date
ACCESS_LOG_ARCHIVED	dl_load_ts	timestamp
ACCESS_LOG_METRIC	metric_id	decimal(18,0)
ACCESS_LOG_METRIC	metric_name	string
ACCESS_LOG_METRIC	cnt_metric_evnt_c	int
ACCESS_LOG_METRIC	norm_factor	decimal(12,0)
ACCESS_LOG_METRIC	metric_desc	string
ACCESS_LOG_METRIC	metric_type_c	int
ACCESS_LOG_METRIC	metric_group_c	int
ACCESS_LOG_METRIC	metric_action_c	int
ACCESS_LOG_METRIC	metric_log_type_c	int
ACCESS_LOG_METRIC	access_log_type_c	int
ACCESS_LOG_METRIC	metric_evnt_typ_c	int
ACCESS_LOG_METRIC	metric_ovrmtrc_id	decimal(18,0)
ACCESS_LOG_METRIC	metric_status_c	int
ACCESS_LOG_METRIC	metric_wrkf_typ_c	int
ACCESS_LOG_METRIC	cm_phy_owner_id	string
ACCESS_LOG_METRIC	cm_log_owner_id	string
ACCESS_LOG_METRIC	event_action_type_c	int
ACCESS_LOG_METRIC	event_act_subtype_c	int
ACCESS_LOG_METRIC	dl_load_dt	date
ACCESS_LOG_METRIC	dl_load_ts	timestamp
ACCESS_LOG_MNEM	data_mnemonic_id	string
ACCESS_LOG_MNEM	data_desc	string
ACCESS_LOG_MNEM	data_indexed_c	int
ACCESS_LOG_MNEM	data_ini_item	string
ACCESS_LOG_MNEM	values_per_evnt_c	int
ACCESS_LOG_MNEM	cm_phy_owner_id	string
ACCESS_LOG_MNEM	cm_log_owner_id	string
ACCESS_LOG_MNEM	dl_load_dt	date
ACCESS_LOG_MNEM	dl_load_ts	timestamp
ACCESS_LOG_VW	access_instant	decimal(16,6)
ACCESS_LOG_VW	process_id	string
ACCESS_LOG_VW	access_time	timestamp
ACCESS_LOG_VW	metric_id	decimal(18,0)
ACCESS_LOG_VW	user_id	string
ACCESS_LOG_VW	workstation_id	string
ACCESS_LOG_VW	pat_id	string
ACCESS_LOG_VW	csn	decimal(18,0)
ACCESS_LOG_VW	access_action_c	int
ACCESS_LOG_VW	deployment_id	string
ACCESS_LOG_VW	audit_session_id	string
ACCESS_LOG_VW	dl_load_dt	date
ACCESS_LOG_VW	dl_load_ts	timestamp
ACCESS_WRKF_2023	ACCESS_INSTANT	double
ACCESS_WRKF_2023	PROCESS_ID	string
ACCESS_WRKF_2023	ACCESS_TIME	timestamp
ACCESS_WRKF_2023	METRIC_ID	int
ACCESS_WRKF_2023	USER_ID	string
ACCESS_WRKF_2023	WORKSTATION_ID	string
ACCESS_WRKF_2023	PAT_ID	string
ACCESS_WRKF_2023	CSN	bigint
ACCESS_WRKF_2023	ACCESS_ACTION_C	int
ACCESS_WRKF_2023	DEPLOYMENT_ID	int
ACCESS_WRKF_2023	AUDIT_SESSION_ID	string
ACCESS_WRKF_2024	access_instant	double
ACCESS_WRKF_2024	process_id	string
ACCESS_WRKF_2024	access_time	timestamp
ACCESS_WRKF_2024	metric_id	int
ACCESS_WRKF_2024	user_id	string
ACCESS_WRKF_2024	workstation_id	string
ACCESS_WRKF_2024	pat_id	string
ACCESS_WRKF_2024	csn	bigint
ACCESS_WRKF_2024	access_action_c	int
ACCESS_WRKF_2024	deployment_id	int
ACCESS_WRKF_2024	audit_session_id	string
ACCESS_WRKF_2024	dl_load_dt	date
ACCESS_WRKF_2024	dl_load_ts	timestamp
ACUITY_CONFIG	acuity_system_id	decimal(18,0)
ACUITY_CONFIG	cm_phy_owner_id	string
ACUITY_CONFIG	cm_log_owner_id	string
ACUITY_CONFIG	acuity_system_name	string
ACUITY_CONFIG	record_status_c	int
ACUITY_CONFIG	display_name	string
ACUITY_CONFIG	display_column_id	decimal(18,0)
ACUITY_CONFIG	discol_id_stock_ti	decimal(18,0)
ACUITY_CONFIG	disid_tm_sinc_revi	decimal(18,0)
ACUITY_CONFIG	scoring_sys_pg_id	decimal(18,0)
ACUITY_CONFIG	inst_noadd_edt_dttm	timestamp
ACUITY_CONFIG	inst_rec_updt_dttm	timestamp
ACUITY_CONFIG	metric_template_c	int
ACUITY_CONFIG	metric_desc	string
ACUITY_CONFIG	grp_cat_c	int
ACUITY_CONFIG	format_type_c	int
ACUITY_CONFIG	direction_c	int
ACUITY_CONFIG	goal	int
ACUITY_CONFIG	goal_text	string
ACUITY_CONFIG	metric_data_type_c	int
ACUITY_CONFIG	background_only_yn	string
ACUITY_CONFIG	scale_min	int
ACUITY_CONFIG	scale_max	int
ACUITY_CONFIG	radar_definition	decimal(18,0)
ACUITY_CONFIG	metric_app_c	int
ACUITY_CONFIG	acuity_rec_type_c	int
ACUITY_CONFIG	model_algorithm_c	int
ACUITY_CONFIG	flo_meas_id	string
ACUITY_CONFIG	template_id	string
ACUITY_CONFIG	data_to_rdi_yn	string
ACUITY_CONFIG	data_valid_time	int
ACUITY_CONFIG	scr_filter_rule_id	string
ACUITY_CONFIG	model_usage_date	timestamp
ACUITY_CONFIG	model_parent_id	decimal(18,0)
ACUITY_CONFIG	model_override_yn	string
ACUITY_CONFIG	model_external_endpoint_id	decimal(18,0)
ACUITY_CONFIG	model_major_train	string
ACUITY_CONFIG	batch_simple_action_id	decimal(18,0)
ACUITY_CONFIG	model_database	string
ACUITY_CONFIG	no_database_yn	string
ACUITY_CONFIG	display_null_as_hyphen_yn	string
ACUITY_CONFIG	batch_resub_freq_c	int
ACUITY_CONFIG	batch_resub_period_low_num	int
ACUITY_CONFIG	batch_resub_period_high_num	int
ACUITY_CONFIG	batch_resub_interval_num	int
ACUITY_CONFIG	batch_resub_start_time	timestamp
ACUITY_CONFIG	batch_resub_end_time	timestamp
ACUITY_CONFIG	primary_model_res_type_c	int
ACUITY_CONFIG	model_reg_score_rule_id	string
ACUITY_CONFIG	model_database_item	int
ACUITY_CONFIG	model_max_enty_num	int
ACUITY_CONFIG	aiservices_type_c	int
ACUITY_CONFIG	cloud_archive_yn	string
ACUITY_CONFIG	nl_platform_ident	string
ACUITY_CONFIG	model_ensemble_cnt	int
ACUITY_CONFIG	feedback_yn	string
ACUITY_CONFIG	dl_load_dt	date
ACUITY_CONFIG	dl_load_ts	timestamp
ACUITY_CONFIG	usage_tracking_yn	string
ACUITY_CONFIG	workload_trtmnt_team_rel_c	string
ACUITY_CONFIG	points_per_hour	decimal(15,4)
ACUITY_CONFIG	model_dashboard_id	decimal(18,0)
ACUITY_CONFIG	feedback_details_prnt_grp_id	decimal(18,0)
ACUITY_RULE_SCORE	registry_data_id	decimal(18,0)
ACUITY_RULE_SCORE	contact_date_real	double
ACUITY_RULE_SCORE	line	int
ACUITY_RULE_SCORE	contact_date	timestamp
ACUITY_RULE_SCORE	rule_id	string
ACUITY_RULE_SCORE	rule_score	decimal(18,5)
ACUITY_RULE_SCORE	rule_type_c	int
ACUITY_RULE_SCORE	score_calc_utc_dttm	timestamp
ACUITY_RULE_SCORE	adv_model_options	string
ACUITY_RULE_SCORE	dl_load_dt	date
ACUITY_RULE_SCORE	dl_load_ts	timestamp
ALERT	alt_id	decimal(18,0)
ALERT	cm_phy_owner_id	string
ALERT	cm_log_owner_id	string
ALERT	alert_desc	string
ALERT	med_alert_type_c	int
ALERT	pat_id	string
ALERT	pat_csn	decimal(18,0)
ALERT	med_vendor_c	int
ALERT	bpa_locator_id	decimal(18,0)
ALERT	general_alt_type_c	int
ALERT	immun_id	decimal(18,0)
ALERT	mar_duplicate_yn	string
ALERT	update_date	timestamp
ALERT	rec_archived_yn	string
ALERT	pump_id	string
ALERT	mar_action_c	string
ALERT	med_alert_subtype_c	int
ALERT	nba_locator_id	decimal(18,0)
ALERT	nba_pat_id	string
ALERT	nba_prov_id	string
ALERT	nba_guarantor_acct_id	decimal(18,0)
ALERT	nba_prospect_record_id	decimal(18,0)
ALERT	nba_submitter_record_id	decimal(18,0)
ALERT	blood_alert_bucket_c	int
ALERT	record_status_c	int
ALERT	bpa_is_pat_facing_yn	string
ALERT	dl_load_dt	date
ALERT	dl_load_ts	timestamp
ALERT	ord_valid_lpp_id	decimal(18,0)
ALERT	expected_wkfl_actvties_c	int
ALERT	med_advisory_record_id	decimal(18,0)
ALERT	med_advisory_type_c	int
ALERT	hm_topic_id	decimal(18,0)
ALERT	protocol_id	decimal(18,0)
ALERT	order_group_id	decimal(18,0)
ALERT	med_advisory_user_feedback_c	int
ALERT	med_advisory_user_comment	string
ALERT_ACTION	alert_id	decimal(18,0)
ALERT_ACTION	contact_date_real	double
ALERT_ACTION	line	int
ALERT_ACTION	contact_date	timestamp
ALERT_ACTION	action_type_c	int
ALERT_ACTION	action_ident	string
ALERT_ACTION	action_name	string
ALERT_ACTION	action_parent_row	int
ALERT_ACTION	action_outcome_c	int
ALERT_ACTION	alt_csn_id	decimal(18,0)
ALERT_ACTION	action_freq_c	int
ALERT_ACTION	dl_load_dt	date
ALERT_ACTION	dl_load_ts	timestamp
ALL_CATEGORIES	ini	string
ALL_CATEGORIES	item	decimal(19,1)
ALL_CATEGORIES	value_c	string
ALL_CATEGORIES	name	string
ALL_CATEGORIES	title	string
ALL_CATEGORIES	abbr	string
ALL_CATEGORIES	internal_id	string
ALL_CATEGORIES	is_active_yn	string
ALL_CATEGORIES	dl_load_dt	date
ALL_CATEGORIES	dl_load_ts	timestamp
ALLERGY	allergy_id	decimal(18,0)
ALLERGY	pat_id	string
ALLERGY	allergen_id	decimal(18,0)
ALLERGY	description	string
ALLERGY	reaction	string
ALLERGY	date_noted	timestamp
ALLERGY	status	string
ALLERGY	entered_date	timestamp
ALLERGY	entry_user_id	string
ALLERGY	severity_c	int
ALLERGY	update_date	timestamp
ALLERGY	cm_phy_owner_id	string
ALLERGY	cm_log_owner_id	string
ALLERGY	allergy_severity_c	int
ALLERGY	alrgy_status_c	int
ALLERGY	alrgy_dlet_rsn_c	int
ALLERGY	alrgy_dlt_cmt	string
ALLERGY	contra_exp_dt	timestamp
ALLERGY	alrgy_entered_dttm	timestamp
ALLERGY	allergy_synonym	string
ALLERGY	rec_archived_yn	string
ALLERGY	allergy_certainty_c	int
ALLERGY	allergy_source_c	int
ALLERGY	allergy_pat_csn	decimal(18,0)
ALLERGY	alrgy_est_start_date_val	string
ALLERGY	allergy_noted_date_accuracy_c	int
ALLERGY	dl_load_dt	date
ALLERGY	dl_load_ts	timestamp
ALLERGY	alrgy_transmtl_utc_dttm	timestamp
ALLERGY_FLAG	pat_id	string
ALLERGY_FLAG	line	int
ALLERGY_FLAG	cm_phy_owner_id	string
ALLERGY_FLAG	cm_log_owner_id	string
ALLERGY_FLAG	alrgy_flag_yn	string
ALLERGY_FLAG	alrgy_flg_upd_by_id	string
ALLERGY_FLAG	alrgy_flag_upd_dttm	timestamp
ALLERGY_FLAG	dl_load_dt	date
ALLERGY_FLAG	dl_load_ts	timestamp
ALLERGY_REACTIONS	allergy_id	decimal(18,0)
ALLERGY_REACTIONS	line	int
ALLERGY_REACTIONS	reaction_c	int
ALLERGY_REACTIONS	update_date	timestamp
ALLERGY_REACTIONS	cm_phy_owner_id	string
ALLERGY_REACTIONS	cm_log_owner_id	string
ALLERGY_REACTIONS	dl_load_dt	date
ALLERGY_REACTIONS	dl_load_ts	timestamp
ALT_HISTORY	alt_id	decimal(18,0)
ALT_HISTORY	alt_date_real	double
ALT_HISTORY	alt_csn_id	decimal(18,0)
ALT_HISTORY	contact_date	timestamp
ALT_HISTORY	cm_ct_owner_id	string
ALT_HISTORY	user_intset_csn	decimal(18,0)
ALT_HISTORY	sys_intset_csn	decimal(18,0)
ALT_HISTORY	alt_status_c	int
ALT_HISTORY	user_id	string
ALT_HISTORY	alt_action_inst	timestamp
ALT_HISTORY	alt_group_info	string
ALT_HISTORY	shown_place_c	int
ALT_HISTORY	overall_ovr_rsn_c	int
ALT_HISTORY	overall_ovr_cmnt	string
ALT_HISTORY	spec_ovr_rsn_c	int
ALT_HISTORY	spec_ovr_cmnt	string
ALT_HISTORY	immunization_lpl_id	decimal(18,0)
ALT_HISTORY	bpa_fup_async_frq_c	int
ALT_HISTORY	bpa_fup_ib_freq_c	int
ALT_HISTORY	importance_lvl_c	string
ALT_HISTORY	provider_type_c	string
ALT_HISTORY	was_shown_c	int
ALT_HISTORY	specific_defr_rsn_c	int
ALT_HISTORY	scanned_barcode	string
ALT_HISTORY	ndc_csn_id	string
ALT_HISTORY	barcode_erx_id	decimal(18,0)
ALT_HISTORY	barcode_ord_id	decimal(18,0)
ALT_HISTORY	pat_csn_id	decimal(18,0)
ALT_HISTORY	alert_type_ovtime_c	int
ALT_HISTORY	sign_off_emp_id	string
ALT_HISTORY	sign_off_datetime	timestamp
ALT_HISTORY	sign_off_comment	string
ALT_HISTORY	dosing_weight	decimal(12,3)
ALT_HISTORY	wt_record_datetime	timestamp
ALT_HISTORY	wt_source_c	int
ALT_HISTORY	wt_comments	string
ALT_HISTORY	dosing_height	decimal(12,3)
ALT_HISTORY	ht_record_datetime	timestamp
ALT_HISTORY	ht_source_c	int
ALT_HISTORY	dosing_bsa	decimal(12,3)
ALT_HISTORY	bsa_source_c	int
ALT_HISTORY	bsa_calc_detail	string
ALT_HISTORY	geri_alrt_sev_lvl_c	int
ALT_HISTORY	pedi_alrt_sev_lvl_c	int
ALT_HISTORY	prc_manage_level_c	int
ALT_HISTORY	alert_allergen_id	decimal(18,0)
ALT_HISTORY	allergy_level_c	int
ALT_HISTORY	inact_ingred_ind_yn	string
ALT_HISTORY	inact_review_yn	string
ALT_HISTORY	alert_root_aller_id	decimal(18,0)
ALT_HISTORY	alert_med_class_id	decimal(18,0)
ALT_HISTORY	patient_dep_id	decimal(18,0)
ALT_HISTORY	alert_allergy_id	decimal(18,0)
ALT_HISTORY	int_dtms_fddb_id	decimal(18,0)
ALT_HISTORY	drug_int_basic_id	decimal(18,0)
ALT_HISTORY	drug_int_svrty_c	int
ALT_HISTORY	drug_int_fddb_svr_c	int
ALT_HISTORY	drug_int_basiclvl_c	int
ALT_HISTORY	drug_int_nddf_svr_c	string
ALT_HISTORY	drug_int_gs_svr_c	int
ALT_HISTORY	dup_alert_cls_c	int
ALT_HISTORY	dup_alert_allow	int
ALT_HISTORY	dup_alert_sign_c	int
ALT_HISTORY	ivchek_csn	decimal(18,0)
ALT_HISTORY	ivchek_csrating_c	int
ALT_HISTORY	ivchek_solution_num	int
ALT_HISTORY	iv_test_result_c	int
ALT_HISTORY	preg_alrt_sig_lvl_c	int
ALT_HISTORY	lact_alrt_sev_lvl_c	int
ALT_HISTORY	drug_dis_sev_nddf_c	int
ALT_HISTORY	pa_ptcode_c	int
ALT_HISTORY	pa_fda_c	int
ALT_HISTORY	pa_briggs_c	int
ALT_HISTORY	la_code_c	int
ALT_HISTORY	la_rating_c	int
ALT_HISTORY	la_aap_c	int
ALT_HISTORY	tpn_component_val	decimal(18,2)
ALT_HISTORY	tpn_comp_unit_c	int
ALT_HISTORY	tpn_range_min	decimal(18,2)
ALT_HISTORY	tpn_range_max	decimal(18,2)
ALT_HISTORY	tpn_component_c	int
ALT_HISTORY	drug_int_gs_wfg_yn	string
ALT_HISTORY	drug_int_gs_pres_yn	string
ALT_HISTORY	drug_int_gs_rxtx_yn	string
ALT_HISTORY	drug_int_gs_rx_yn	string
ALT_HISTORY	dm_alert_sign_c	int
ALT_HISTORY	bpa_trgr_action_c	int
ALT_HISTORY	contact_num	int
ALT_HISTORY	is_nonfiltered_yn	string
ALT_HISTORY	allergy_replace_id	decimal(18,0)
ALT_HISTORY	drug_allergy_grp_c	int
ALT_HISTORY	overridden_int_id	decimal(18,0)
ALT_HISTORY	int_manage_code_c	int
ALT_HISTORY	bpa_ack_sde_id	decimal(18,0)
ALT_HISTORY	bpa_ack_sde_ctxt_id	decimal(18,0)
ALT_HISTORY	bpa_ack_sde_value	string
ALT_HISTORY	default_gest_age	int
ALT_HISTORY	order_context_c	int
ALT_HISTORY	bpa_ack_app_opt_c	int
ALT_HISTORY	bpa_ack_lockout_tm	int
ALT_HISTORY	dl_load_dt	date
ALT_HISTORY	dl_load_ts	timestamp
ALT_HISTORY_2	alt_id	decimal(18,0)
ALT_HISTORY_2	alt_csn_id	decimal(18,0)
ALT_HISTORY_2	filterout_reason_c	int
ALT_HISTORY_2	dup_alert_ing_c	int
ALT_HISTORY_2	dup_alert_group_c	int
ALT_HISTORY_2	vendor_external_id	string
ALT_HISTORY_2	bpa_ack_lpp_id	decimal(18,0)
ALT_HISTORY_2	pat_cond_chk_sev_c	int
ALT_HISTORY_2	tpn_vol_infused	decimal(18,2)
ALT_HISTORY_2	act_tkn_inst_dttm	timestamp
ALT_HISTORY_2	ingredient_line	int
ALT_HISTORY_2	study_container_id	decimal(18,0)
ALT_HISTORY_2	bpa_trgr_dv_dt_yn	string
ALT_HISTORY_2	preg_alrt_sev_dk_c	int
ALT_HISTORY_2	lact_alrt_sev_dk_c	int
ALT_HISTORY_2	contact_date_real	double
ALT_HISTORY_2	complete_bpa_original_csn_id	decimal(18,0)
ALT_HISTORY_2	crit_dose_popup_yn	string
ALT_HISTORY_2	locator_failed_yn	string
ALT_HISTORY_2	dup_alt_combined_yn	string
ALT_HISTORY_2	bpa_ack_lockout_tm_float	double
ALT_HISTORY_2	hard_stop_yn	string
ALT_HISTORY_2	bpa_display_mode_c	int
ALT_HISTORY_2	user_platform_c	int
ALT_HISTORY_2	drugstudy_severity_c	int
ALT_HISTORY_2	medbase_drug_drug_severity_c	int
ALT_HISTORY_2	medbase_drug_drug_doc_level_c	int
ALT_HISTORY_2	fi_lactation_severity_c	int
ALT_HISTORY_2	fi_pregnancy_severity_c	int
ALT_HISTORY_2	fi_geriatric_severity_c	int
ALT_HISTORY_2	allergy_certainty_c	int
ALT_HISTORY_2	net_bpa_savings	decimal(18,2)
ALT_HISTORY_2	hci_severity_level_c	int
ALT_HISTORY_2	bpa_act_fsd_id	string
ALT_HISTORY_2	bpa_act_flo_disp	string
ALT_HISTORY_2	bpa_act_flo_freq_c	int
ALT_HISTORY_2	bpa_act_template_id	string
ALT_HISTORY_2	was_forced_scroll_yn	string
ALT_HISTORY_2	dd_int_numeric_sev	int
ALT_HISTORY_2	atah_warning_idnt	string
ALT_HISTORY_2	atah_drug_drug_type_c	int
ALT_HISTORY_2	atah_renal_type_c	int
ALT_HISTORY_2	atah_pediatric_type_c	int
ALT_HISTORY_2	atah_drug_disease_type_c	int
ALT_HISTORY_2	atah_specific_warning_idnt	string
ALT_HISTORY_2	atah_severity_c	int
ALT_HISTORY_2	atah_duplicate_type_c	int
ALT_HISTORY_2	atah_drug_allergy_type_c	int
ALT_HISTORY_2	bpa_card_id	string
ALT_HISTORY_2	ack_btn_caption	string
ALT_HISTORY_2	bpa_def_trigger_c	int
ALT_HISTORY_2	cdshks_fb_stat_c	int
ALT_HISTORY_2	atah_dose_type_c	int
ALT_HISTORY_2	nba_action_utc_dttm	timestamp
ALT_HISTORY_2	nba_user_id	string
ALT_HISTORY_2	nba_department_id	decimal(18,0)
ALT_HISTORY_2	nba_result_c	int
ALT_HISTORY_2	nba_dfr_reason_c	int
ALT_HISTORY_2	nba_dfr_days_num	int
ALT_HISTORY_2	nba_dec_reason_c	int
ALT_HISTORY_2	nba_comm_id	string
ALT_HISTORY_2	nba_business_seg_id	decimal(18,0)
ALT_HISTORY_2	nba_action_dttm	timestamp
ALT_HISTORY_2	atah_pregnancy_type_c	int
ALT_HISTORY_2	atah_lactation_type_c	int
ALT_HISTORY_2	ack_dynamic_code	string
ALT_HISTORY_2	ack_dynamic_codesys	string
ALT_HISTORY_2	drug_int_fest_rel_c	int
ALT_HISTORY_2	drug_int_fest_src_c	int
ALT_HISTORY_2	bpa_fbk_ib_msg_id	string
ALT_HISTORY_2	bpa_fbk_c	int
ALT_HISTORY_2	bpa_fbk_cmt	string
ALT_HISTORY_2	atah_indications_type_c	int
ALT_HISTORY_2	myc_tickler_audit_csn_id	decimal(18,0)
ALT_HISTORY_2	bpa_act_preg_stat_c	int
ALT_HISTORY_2	bpa_act_preg_freq_c	int
ALT_HISTORY_2	atah_severity_subtype_c	int
ALT_HISTORY_2	atah_severity_free_text	string
ALT_HISTORY_2	atah_severity_subtype_freetext	string
ALT_HISTORY_2	atah_monitoring_type_c	int
ALT_HISTORY_2	action_ident	int
ALT_HISTORY_2	error_message	string
ALT_HISTORY_2	atah_message_identifier	string
ALT_HISTORY_2	st_standard_c	int
ALT_HISTORY_2	st_comprehensive_c	int
ALT_HISTORY_2	ord_valid_workflow_c	int
ALT_HISTORY_2	alt_action_inst_local_dttm	timestamp
ALT_HISTORY_2	ord_valid_lpr_name	string
ALT_HISTORY_2	bpa_addl_factors_text	string
ALT_HISTORY_2	bpa_addl_factors_utc_dttm	timestamp
ALT_HISTORY_2	alrgy_from_outside_src_yn	string
ALT_HISTORY_2	log_hm_action_c	int
ALT_HISTORY_2	log_hmt_ppn_rsn_c	int
ALT_HISTORY_2	log_hm_type_c	int
ALT_HISTORY_2	log_hm_edit_rsn_c	int
ALT_HISTORY_2	log_hm_comp_type_c	int
ALT_HISTORY_2	opa_sent_advisory_yn	string
ALT_HISTORY_2	nba_act_importance_lvl_c	int
ALT_HISTORY_2	dl_load_dt	date
ALT_HISTORY_2	dl_load_ts	timestamp
AN_HSB_LINK_INFO	summary_block_id	decimal(18,0)
AN_HSB_LINK_INFO	cm_phy_owner_id	string
AN_HSB_LINK_INFO	cm_log_owner_id	string
AN_HSB_LINK_INFO	anes_ept_link_id	string
AN_HSB_LINK_INFO	anes_ept_csn_link	decimal(18,0)
AN_HSB_LINK_INFO	an_unlinked_flag_yn	string
AN_HSB_LINK_INFO	anes_proc_id	decimal(18,0)
AN_HSB_LINK_INFO	anes_proc_date	timestamp
AN_HSB_LINK_INFO	anes_pre_op_diag_id	decimal(18,0)
AN_HSB_LINK_INFO	anes_proc_time	timestamp
AN_HSB_LINK_INFO	anes_proc_cmt	string
AN_HSB_LINK_INFO	anes_preop_comp_yn	string
AN_HSB_LINK_INFO	anes_intraop_com_yn	string
AN_HSB_LINK_INFO	anes_pacu_comp_yn	string
AN_HSB_LINK_INFO	anes_postop_comp_yn	string
AN_HSB_LINK_INFO	anes_doc_comp_yn	string
AN_HSB_LINK_INFO	an_doc_comp_instant	timestamp
AN_HSB_LINK_INFO	an_batch_cls_don_yn	string
AN_HSB_LINK_INFO	an_resp_prov_id	string
AN_HSB_LINK_INFO	an_date	timestamp
AN_HSB_LINK_INFO	an_time	timestamp
AN_HSB_LINK_INFO	an_start_datetime	timestamp
AN_HSB_LINK_INFO	an_stop_datetime	timestamp
AN_HSB_LINK_INFO	update_date	timestamp
AN_HSB_LINK_INFO	name	string
AN_HSB_LINK_INFO	an_52_enc_csn_id	decimal(18,0)
AN_HSB_LINK_INFO	an_proc_name	string
AN_HSB_LINK_INFO	an_record_date	timestamp
AN_HSB_LINK_INFO	an_billing_csn_id	decimal(18,0)
AN_HSB_LINK_INFO	an_macro_tried_yn	string
AN_HSB_LINK_INFO	primary_log_enc_csn	decimal(18,0)
AN_HSB_LINK_INFO	primary_prc_enc_csn	decimal(18,0)
AN_HSB_LINK_INFO	an_bat_process_dttm	timestamp
AN_HSB_LINK_INFO	an_primary_note_id	string
AN_HSB_LINK_INFO	rpt_status_c	int
AN_HSB_LINK_INFO	dl_load_dt	date
AN_HSB_LINK_INFO	dl_load_ts	timestamp
AN_HSB_LINK_INFO	an_enc_ref_ident	string
AN_HSB_LINK_INFO	billing_enc_ref_ident	string
AN_HSB_LINK_INFO	primary_log_id	string
AN_HSB_LINK_INFO	external_episode_ref_ident	string
AP_CASE_TYPES	lab_id	string
AP_CASE_TYPES	cm_phy_owner_id	string
AP_CASE_TYPES	cm_log_owner_id	string
AP_CASE_TYPES	id_piece_format_c	int
AP_CASE_TYPES	delim_prec_sld	string
AP_CASE_TYPES	delim_prec_spec	string
AP_CASE_TYPES	ap_worklist_type_c	int
AP_CASE_TYPES	case_type_name	string
AP_CASE_TYPES	ap_use_histology_yn	string
AP_CASE_TYPES	case_expected_len	int
AP_CASE_TYPES	case_expected_len_c	int
AP_CASE_TYPES	type_case_c	int
AP_CASE_TYPES	ap_rel_rpt_set_id	decimal(18,0)
AP_CASE_TYPES	ap_use_in_basket_yn	string
AP_CASE_TYPES	report_name	string
AP_CASE_TYPES	ap_qa_rpt_set_id	decimal(18,0)
AP_CASE_TYPES	med_cyto_workflow_c	int
AP_CASE_TYPES	ap_chrg_review_yn	string
AP_CASE_TYPES	skip_on_source_yn	string
AP_CASE_TYPES	allow_manual_num_c	int
AP_CASE_TYPES	ap_chrg_review_c	int
AP_CASE_TYPES	belongs_to_lab_id	string
AP_CASE_TYPES	dl_load_dt	date
AP_CASE_TYPES	dl_load_ts	timestamp
AP_SPECIMEN_DESC	specimen_id	string
AP_SPECIMEN_DESC	cm_phy_owner_id	string
AP_SPECIMEN_DESC	cm_log_owner_id	string
AP_SPECIMEN_DESC	ap_spec_descr_id	string
AP_SPECIMEN_DESC	ap_spec_descr_cmt	string
AP_SPECIMEN_DESC	dl_load_dt	date
AP_SPECIMEN_DESC	dl_load_ts	timestamp
APPOINTMENT_PREDICT	pat_enc_csn_id	decimal(18,0)
APPOINTMENT_PREDICT	line	int
APPOINTMENT_PREDICT	pat_id	string
APPOINTMENT_PREDICT	pat_enc_date_real	double
APPOINTMENT_PREDICT	contact_date	timestamp
APPOINTMENT_PREDICT	cm_ct_owner_id	string
APPOINTMENT_PREDICT	probability_percent	decimal(18,3)
APPOINTMENT_PREDICT	evaluation_utc_dttm	timestamp
APPOINTMENT_PREDICT	dl_load_dt	date
APPOINTMENT_PREDICT	dl_load_ts	timestamp
AUDIT_SESSION	audit_session_id	string
AUDIT_SESSION	audit_platform_c	int
AUDIT_SESSION	session_start_utc_dttm	timestamp
AUDIT_SESSION	session_update_utc_dttm	timestamp
AUDIT_SESSION	dl_load_dt	date
AUDIT_SESSION	dl_load_ts	timestamp
BILL_AREA	bill_area_id	decimal(18,0)
BILL_AREA	cm_phy_owner_id	string
BILL_AREA	cm_log_owner_id	string
BILL_AREA	record_name	string
BILL_AREA	record_status_c	int
BILL_AREA	abbr	string
BILL_AREA	gl_prefix	string
BILL_AREA	rpt_grp_one	string
BILL_AREA	rpt_grp_two	string
BILL_AREA	rpt_grp_three	string
BILL_AREA	rpt_grp_four	string
BILL_AREA	rpt_grp_five	string
BILL_AREA	rpt_grp_six	string
BILL_AREA	rpt_grp_seven	string
BILL_AREA	rpt_grp_eight	string
BILL_AREA	rpt_grp_nine	string
BILL_AREA	rpt_grp_ten	string
BILL_AREA	rpt_grp_eleven_c	int
BILL_AREA	rpt_grp_twelve_c	int
BILL_AREA	rpt_grp_thirteen_c	int
BILL_AREA	rpt_grp_fourteen_c	int
BILL_AREA	rpt_grp_fifteen_c	int
BILL_AREA	rpt_grp_sixteen_c	int
BILL_AREA	rpt_grp_seventeen_c	int
BILL_AREA	rpt_grp_eighteen_c	int
BILL_AREA	rpt_grp_nineteen_c	int
BILL_AREA	rpt_grp_twenty_c	int
BILL_AREA	record_creation_dt	timestamp
BILL_AREA	instant_of_update	timestamp
BILL_AREA	fin_div_id	decimal(18,0)
BILL_AREA	fin_subdiv_id	decimal(18,0)
BILL_AREA	eff_from_date	timestamp
BILL_AREA	eff_to_date	timestamp
BILL_AREA	dl_load_dt	date
BILL_AREA	dl_load_ts	timestamp
BILL_AREA	external_ident	string
BLOCK	block_id	decimal(18,0)
BLOCK	cm_phy_owner_id	string
BLOCK	cm_log_owner_id	string
BLOCK	block_name	string
BLOCK	block_type_c	int
BLOCK	provider_id	string
BLOCK	surgeon_group_id	string
BLOCK	surgical_service_c	string
BLOCK	record_status_c	int
BLOCK	record_creation_date	timestamp
BLOCK	instant_of_update_dttm	timestamp
BLOCK	dl_load_dt	date
BLOCK	dl_load_ts	timestamp
BLOCK	responsible_prov_id	string
BLOCK	source_block_id	decimal(18,0)
BLOOD_ADMIN_INFO	order_id	decimal(18,0)
BLOOD_ADMIN_INFO	line	int
BLOOD_ADMIN_INFO	cm_phy_owner_id	string
BLOOD_ADMIN_INFO	cm_log_owner_id	string
BLOOD_ADMIN_INFO	blood_admin_unit	string
BLOOD_ADMIN_INFO	blood_admin_reg	string
BLOOD_ADMIN_INFO	blood_admin_prod	string
BLOOD_ADMIN_INFO	blood_admin_exp_dttm	timestamp
BLOOD_ADMIN_INFO	blood_admin_type	string
BLOOD_ADMIN_INFO	blood_scncmp_unit_c	int
BLOOD_ADMIN_INFO	blood_scncmp_reg_c	int
BLOOD_ADMIN_INFO	blood_scncmp_pc_c	int
BLOOD_ADMIN_INFO	blood_scncmp_exp_c	int
BLOOD_ADMIN_INFO	blood_scncmp_type_c	int
BLOOD_ADMIN_INFO	dl_load_dt	date
BLOOD_ADMIN_INFO	dl_load_ts	timestamp
BND_EPSD_INFO	episode_id	decimal(18,0)
BND_EPSD_INFO	cm_phy_owner_id	string
BND_EPSD_INFO	cm_log_owner_id	string
BND_EPSD_INFO	bnd_epsd_bill_sts_c	int
BND_EPSD_INFO	coverage_id	decimal(18,0)
BND_EPSD_INFO	payor_id	decimal(18,0)
BND_EPSD_INFO	self_pay_yn	string
BND_EPSD_INFO	bpc_id	decimal(18,0)
BND_EPSD_INFO	bpc_csn	decimal(18,0)
BND_EPSD_INFO	billing_start_dt	timestamp
BND_EPSD_INFO	billing_end_dt	timestamp
BND_EPSD_INFO	exp_total_pmt	decimal(18,2)
BND_EPSD_INFO	exp_hosp_pmt	decimal(18,2)
BND_EPSD_INFO	exp_prof_pmt	decimal(18,2)
BND_EPSD_INFO	main_event_csn	decimal(18,0)
BND_EPSD_INFO	main_event_user_id	string
BND_EPSD_INFO	main_event_set_dttm	timestamp
BND_EPSD_INFO	close_or_void_date	timestamp
BND_EPSD_INFO	bnd_epsd_void_rsn_c	int
BND_EPSD_INFO	bnd_epsd_sys_bill_sts_c	int
BND_EPSD_INFO	last_link_unlink_date	timestamp
BND_EPSD_INFO	last_orig_pmt_date	timestamp
BND_EPSD_INFO	dl_load_dt	date
BND_EPSD_INFO	dl_load_ts	timestamp
BND_EPSD_INFO	last_bill_link_unlink_dt	timestamp
CACHED_USER_TYPE	user_id	string
CACHED_USER_TYPE	line	int
CACHED_USER_TYPE	cm_phy_owner_id	string
CACHED_USER_TYPE	cm_log_owner_id	string
CACHED_USER_TYPE	cached_user_type_c	int
CACHED_USER_TYPE	department_id	decimal(18,0)
CACHED_USER_TYPE	template_id	string
CACHED_USER_TYPE	cache_date	timestamp
CACHED_USER_TYPE	dl_load_dt	date
CACHED_USER_TYPE	dl_load_ts	timestamp
CARE_INTG_ELEM	care_intg_id	string
CARE_INTG_ELEM	line	int
CARE_INTG_ELEM	problem_id	string
CARE_INTG_ELEM	cm_phy_owner_id	string
CARE_INTG_ELEM	cm_log_owner_id	string
CARE_INTG_ELEM	dl_load_dt	date
CARE_INTG_ELEM	dl_load_ts	timestamp
CARE_TEAM_EDIT_HX	pat_id	string
CARE_TEAM_EDIT_HX	line	int
CARE_TEAM_EDIT_HX	cm_phy_owner_id	string
CARE_TEAM_EDIT_HX	cm_log_owner_id	string
CARE_TEAM_EDIT_HX	change_datetime	timestamp
CARE_TEAM_EDIT_HX	change_user_id	string
CARE_TEAM_EDIT_HX	change_type_c	int
CARE_TEAM_EDIT_HX	prov_id	string
CARE_TEAM_EDIT_HX	specialty_new_c	string
CARE_TEAM_EDIT_HX	change_req_by_new_c	int
CARE_TEAM_EDIT_HX	pcp_type_c	int
CARE_TEAM_EDIT_HX	eff_new_dt	timestamp
CARE_TEAM_EDIT_HX	termination_new_dt	timestamp
CARE_TEAM_EDIT_HX	switch_reason_new_c	int
CARE_TEAM_EDIT_HX	comments_new	string
CARE_TEAM_EDIT_HX	ser_address_new_id	string
CARE_TEAM_EDIT_HX	results_new_c	int
CARE_TEAM_EDIT_HX	ed_notif_new_yn	string
CARE_TEAM_EDIT_HX	pcp_message_new_yn	string
CARE_TEAM_EDIT_HX	relationship_new_c	string
CARE_TEAM_EDIT_HX	line_num	decimal(18,0)
CARE_TEAM_EDIT_HX	dl_load_dt	date
CARE_TEAM_EDIT_HX	dl_load_ts	timestamp
CAREPLAN_INFO	care_intg_id	string
CAREPLAN_INFO	cm_phy_owner_id	string
CAREPLAN_INFO	cm_log_owner_id	string
CAREPLAN_INFO	careplan_type_c	int
CAREPLAN_INFO	pat_enc_csn_id	decimal(18,0)
CAREPLAN_INFO	patient_id	string
CAREPLAN_INFO	linked_pat_careplan_yn	string
CAREPLAN_INFO	rfl_instr_note_id	string
CAREPLAN_INFO	rec_archived_yn	string
CAREPLAN_INFO	alert_csn_id	decimal(18,0)
CAREPLAN_INFO	reading_careplan_id	string
CAREPLAN_INFO	last_edited_dttm	timestamp
CAREPLAN_INFO	record_status_2_c	int
CAREPLAN_INFO	pat_enroll_department_id	decimal(18,0)
CAREPLAN_INFO	is_autogenerated_yn	string
CAREPLAN_INFO	dl_load_dt	date
CAREPLAN_INFO	dl_load_ts	timestamp
CAREPLAN_TEMP_INFO	template_id	decimal(18,0)
CAREPLAN_TEMP_INFO	cm_phy_owner_id	string
CAREPLAN_TEMP_INFO	cm_log_owner_id	string
CAREPLAN_TEMP_INFO	template_name	string
CAREPLAN_TEMP_INFO	record_status_c	int
CAREPLAN_TEMP_INFO	display_name	string
CAREPLAN_TEMP_INFO	template_type_c	int
CAREPLAN_TEMP_INFO	allow_select_yn	string
CAREPLAN_TEMP_INFO	myc_care_program_c	int
CAREPLAN_TEMP_INFO	auto_resolve_careplan_yn	string
CAREPLAN_TEMP_INFO	pat_friendly_desc	string
CAREPLAN_TEMP_INFO	pat_friendly_duration	string
CAREPLAN_TEMP_INFO	careplan_icon_path	string
CAREPLAN_TEMP_INFO	self_enroll_rule_id	string
CAREPLAN_TEMP_INFO	disclaimer_smarttext_id	string
CAREPLAN_TEMP_INFO	pat_friendly_display_name	string
CAREPLAN_TEMP_INFO	is_autogenerated_yn	string
CAREPLAN_TEMP_INFO	auto_resolve_action_c	int
CAREPLAN_TEMP_INFO	dl_load_dt	date
CAREPLAN_TEMP_INFO	dl_load_ts	timestamp
CAREPLAN_TEMP_INFO	jrny_assoc_rule_id	string
CAREPLAN_TEMPLATE	careplan_id	string
CAREPLAN_TEMPLATE	line	int
CAREPLAN_TEMPLATE	cm_phy_owner_id	string
CAREPLAN_TEMPLATE	cm_log_owner_id	string
CAREPLAN_TEMPLATE	careplan_template_id	decimal(18,0)
CAREPLAN_TEMPLATE	dl_load_dt	date
CAREPLAN_TEMPLATE	dl_load_ts	timestamp
CASE_AP_RELATED_ORDERS	requisition_id	string
CASE_AP_RELATED_ORDERS	line	string
CASE_AP_RELATED_ORDERS	cm_phy_owner_id	string
CASE_AP_RELATED_ORDERS	cm_log_owner_id	string
CASE_AP_RELATED_ORDERS	order_id	string
CASE_AP_RELATED_ORDERS	dl_load_dt	date
CASE_AP_RELATED_ORDERS	dl_load_ts	timestamp
CASE_AP_WORKLIST_NOTES	requisition_id	decimal(18,0)
CASE_AP_WORKLIST_NOTES	line	int
CASE_AP_WORKLIST_NOTES	cm_phy_owner_id	string
CASE_AP_WORKLIST_NOTES	cm_log_owner_id	string
CASE_AP_WORKLIST_NOTES	notes	string
CASE_AP_WORKLIST_NOTES	dl_load_dt	date
CASE_AP_WORKLIST_NOTES	dl_load_ts	timestamp
CHAT_ACCESS_LOG	conversation_id	decimal(18,0)
CHAT_ACCESS_LOG	contact_date_real	double
CHAT_ACCESS_LOG	line	int
CHAT_ACCESS_LOG	contact_date	timestamp
CHAT_ACCESS_LOG	reader_user_id	string
CHAT_ACCESS_LOG	accessed_inst_utc_dttm	timestamp
CHAT_ACCESS_LOG	accessed_msg_ln	int
CHAT_ACCESS_LOG	reader_mypt_id	string
CHAT_ACCESS_LOG	dl_load_dt	date
CHAT_ACCESS_LOG	dl_load_ts	timestamp
CHAT_CONVERSATIONS	conversation_id	decimal(18,0)
CHAT_CONVERSATIONS	cm_phy_owner_id	string
CHAT_CONVERSATIONS	cm_log_owner_id	string
CHAT_CONVERSATIONS	record_name	string
CHAT_CONVERSATIONS	record_status_c	int
CHAT_CONVERSATIONS	lst_update_utc_dttm	timestamp
CHAT_CONVERSATIONS	purge_message_utc_dttm	timestamp
CHAT_CONVERSATIONS	pat_id	string
CHAT_CONVERSATIONS	record_creation_date	timestamp
CHAT_CONVERSATIONS	instant_of_update_dttm	timestamp
CHAT_CONVERSATIONS	conversation_type_c	int
CHAT_CONVERSATIONS	pat_enc_csn_id	decimal(18,0)
CHAT_CONVERSATIONS	pat_conversation_thread_id	decimal(18,0)
CHAT_CONVERSATIONS	chat_context_type_c	int
CHAT_CONVERSATIONS	linked_push_notif_id	decimal(18,0)
CHAT_CONVERSATIONS	original_group_id	decimal(18,0)
CHAT_CONVERSATIONS	broadcast_def_id	decimal(18,0)
CHAT_CONVERSATIONS	dl_load_dt	date
CHAT_CONVERSATIONS	dl_load_ts	timestamp
CHAT_CONVERSATIONS	active_escalation_id	decimal(18,0)
CHAT_CONVERSATIONS	created_by_user_id	string
CHAT_MESSAGE	conversation_id	decimal(18,0)
CHAT_MESSAGE	contact_date_real	double
CHAT_MESSAGE	line	int
CHAT_MESSAGE	contact_date	timestamp
CHAT_MESSAGE	inst_sent_utc_dttm	timestamp
CHAT_MESSAGE	message_type_c	int
CHAT_MESSAGE	message_priority_c	int
CHAT_MESSAGE	sender_user_id	string
CHAT_MESSAGE	sender_mypt_id	string
CHAT_MESSAGE	pat_message_id	string
CHAT_MESSAGE	dl_load_dt	date
CHAT_MESSAGE	dl_load_ts	timestamp
CHAT_MESSAGE	description_ss	varchar(3000)
CHAT_MESSAGE	message_is_edited_yn	string
CHAT_MESSAGE	priority_change_reason_c	int
CHAT_MESSAGE_CONTENT	conversation_id	decimal(18,0)
CHAT_MESSAGE_CONTENT	contact_date_real	double
CHAT_MESSAGE_CONTENT	line	int
CHAT_MESSAGE_CONTENT	contact_date	timestamp
CHAT_MESSAGE_CONTENT	msg_text	string
CHAT_MESSAGE_CONTENT	media_document_id	string
CHAT_MESSAGE_CONTENT	link_content_type_c	int
CHAT_MESSAGE_CONTENT	link_report_info_id	decimal(18,0)
CHAT_MESSAGE_CONTENT	dl_load_dt	date
CHAT_MESSAGE_CONTENT	dl_load_ts	timestamp
CHAT_MESSAGE_CONTENT	link_order_session_event_id	varchar(18)
CHAT_MESSAGE_CONTENT	link_order_session_event_line	int
CHAT_MESSAGE_CONTENT	link_dashboard_id	decimal(18,0)
CHAT_MESSAGE_CONTENT	order_id	decimal(18,0)
CHAT_MESSAGE_CONTENT	caption_ss	varchar(500)
CHAT_MESSAGE_CONTENT	description_ss	varchar(3000)
CHAT_MESSAGE_CONTENT	order_snapshot_utc_dttm	timestamp
CHAT_MESSAGE_CONTENT	link_rds_pat_enc_csn_id	decimal(18,0)
CHAT_MESSAGE_CONTENT	link_pending_adt_event_pend_id	string
CHAT_MESSAGE_CONTENT	link_transfer_center_comm_id	decimal(18,0)
CHAT_MESSAGE_CONTENT	record_contact	decimal(18,2)
CHAT_MESSAGE_CONTENT	linked_auth_request_id	decimal(18,0)
CHAT_MESSAGE_CONTENT	escalation_id	decimal(18,0)
CHAT_MESSAGE_CONTENT	linked_treatment_plan_id	decimal(18,0)
CHAT_MESSAGE_CONTENT	link_push_notif_id	decimal(18,0)
CHAT_MESSAGE_CONTENT	linked_mouth_id	decimal(18,0)
CHAT_MESSAGE_CONTENT	linked_dent_plan_id	decimal(18,0)
CHAT_MESSAGE_CONTENT	linked_action_c	int
CHAT_MESSAGE_CONTENT	shift_bundle_id	decimal(18,0)
CHAT_PARTICIPANT	conversation_id	decimal(18,0)
CHAT_PARTICIPANT	line	int
CHAT_PARTICIPANT	cm_phy_owner_id	string
CHAT_PARTICIPANT	cm_log_owner_id	string
CHAT_PARTICIPANT	user_id	string
CHAT_PARTICIPANT	user_mypt_id	string
CHAT_PARTICIPANT	user_active_c	int
CHAT_PARTICIPANT	lst_read_utc_dttm	timestamp
CHAT_PARTICIPANT	update_instant_dttm	timestamp
CHAT_PARTICIPANT	lst_read_msg_ln	int
CHAT_PARTICIPANT	lst_read_msg_dat	decimal(18,2)
CHAT_PARTICIPANT	read_all_msg_yn	string
CHAT_PARTICIPANT	added_from_group_yn	string
CHAT_PARTICIPANT	unread_message_cnt	int
CHAT_PARTICIPANT	last_important_utc_dttm	timestamp
CHAT_PARTICIPANT	user_priority_c	int
CHAT_PARTICIPANT	lst_reaction_ln	int
CHAT_PARTICIPANT	lst_react_contact_date	timestamp
CHAT_PARTICIPANT	lst_reaction_utc_dttm	timestamp
CHAT_PARTICIPANT	latest_reaction_seen_utc_dttm	timestamp
CHAT_PARTICIPANT	show_in_unread_yn	string
CHAT_PARTICIPANT	dl_load_dt	date
CHAT_PARTICIPANT	dl_load_ts	timestamp
CHILD_NOTE_INFO	note_id	string
CHILD_NOTE_INFO	line	int
CHILD_NOTE_INFO	cm_phy_owner_id	string
CHILD_NOTE_INFO	cm_log_owner_id	string
CHILD_NOTE_INFO	text_note_csn_id	decimal(18,0)
CHILD_NOTE_INFO	link_type_c	int
CHILD_NOTE_INFO	link_user_id	string
CHILD_NOTE_INFO	link_utc	timestamp
CHILD_NOTE_INFO	source_note_csn_id	decimal(18,0)
CHILD_NOTE_INFO	link_dttm	timestamp
CHILD_NOTE_INFO	dl_load_dt	date
CHILD_NOTE_INFO	dl_load_ts	timestamp
CL_CHRG_EDIT_RULE	rule_id	string
CL_CHRG_EDIT_RULE	rule_name	string
CL_CHRG_EDIT_RULE	cm_phy_owner_id	string
CL_CHRG_EDIT_RULE	cm_log_owner_id	string
CL_CHRG_EDIT_RULE	display_name	string
CL_CHRG_EDIT_RULE	rpt_display_pp_id	decimal(18,0)
CL_CHRG_EDIT_RULE	rule_descrip_string	string
CL_CHRG_EDIT_RULE	perf_measure_c	int
CL_CHRG_EDIT_RULE	rule_return_type_c	int
CL_CHRG_EDIT_RULE	networked_ini	string
CL_CHRG_EDIT_RULE	networked_item	string
CL_CHRG_EDIT_RULE	ovride_status_c	int
CL_CHRG_EDIT_RULE	ovride_context	string
CL_CHRG_EDIT_RULE	ovride_parent_id	string
CL_CHRG_EDIT_RULE	ovride_instant_tm	timestamp
CL_CHRG_EDIT_RULE	overridable_yn	string
CL_CHRG_EDIT_RULE	rule_activity	string
CL_CHRG_EDIT_RULE	rule_patlist_col_id	decimal(18,0)
CL_CHRG_EDIT_RULE	eff_date	timestamp
CL_CHRG_EDIT_RULE	description	string
CL_CHRG_EDIT_RULE	depend_final_yn	string
CL_CHRG_EDIT_RULE	dl_load_dt	date
CL_CHRG_EDIT_RULE	dl_load_ts	timestamp
CL_CHRG_EDIT_RULE	rule_context_id	decimal(18,0)
CL_CHRG_EDIT_RULE	ext_cdi_priority_component	string
CL_ELG	allergen_id	decimal(18,0)
CL_ELG	allergen_name	string
CL_ELG	record_state_name	string
CL_ELG	edit_name	string
CL_ELG	allergen_type_c	int
CL_ELG	intractn_fwd_id	decimal(18,0)
CL_ELG	med_intrct_link	string
CL_ELG	cm_phy_owner_id	string
CL_ELG	cm_log_owner_id	string
CL_ELG	potential_inact_yn	string
CL_ELG	imported_alg_name	string
CL_ELG	protect_name_yn	string
CL_ELG	common_yn	string
CL_ELG	sort_priority	int
CL_ELG	last_imp_upd_i_dttm	timestamp
CL_ELG	replace_allergen_id	decimal(18,0)
CL_ELG	ven_import_status_c	int
CL_ELG	ven_repl_alrgy_id	decimal(18,0)
CL_ELG	protect_is_common_yn	string
CL_ELG	record_state_c	int
CL_ELG	alrgy_absence_yn	string
CL_ELG	user_defined_yn	string
CL_ELG	dl_load_dt	date
CL_ELG	dl_load_ts	timestamp
CL_EMP_ID	user_number_id	string
CL_EMP_ID	line	int
CL_EMP_ID	cm_phy_owner_id	string
CL_EMP_ID	cm_log_owner_id	string
CL_EMP_ID	mpi_id_type_id	decimal(18,0)
CL_EMP_ID	mpi_id	string
CL_EMP_ID	mpi_from_date	timestamp
CL_EMP_ID	mpi_to_date	timestamp
CL_EMP_ID	mpi_ret_chk_pp_id	decimal(18,0)
CL_EMP_ID	mpi_ret_chk_rule_id	string
CL_EMP_ID	dl_load_dt	date
CL_EMP_ID	dl_load_ts	timestamp
CL_ICD_PX	icd_px_id	string
CL_ICD_PX	icd_px_name	string
CL_ICD_PX	hcd_rec_state_c	int
CL_ICD_PX	procedure_name	string
CL_ICD_PX	proc_master_nm	string
CL_ICD_PX	short_proc_name	string
CL_ICD_PX	bill_desc	string
CL_ICD_PX	cm_phy_owner_id	string
CL_ICD_PX	cm_log_owner_id	string
CL_ICD_PX	code_set_c	int
CL_ICD_PX	reference_code	string
CL_ICD_PX	px_code	string
CL_ICD_PX	ref_code	string
CL_ICD_PX	ref_bill_code	string
CL_ICD_PX	ref_bill_code_set_c	int
CL_ICD_PX	instant_of_update_dttm	timestamp
CL_ICD_PX	dl_load_dt	date
CL_ICD_PX	dl_load_ts	timestamp
CL_PRL_SS	protocol_id	decimal(18,0)
CL_PRL_SS	cm_phy_owner_id	string
CL_PRL_SS	cm_log_owner_id	string
CL_PRL_SS	protocol_name	string
CL_PRL_SS	record_status_2_c	int
CL_PRL_SS	ss_type_c	int
CL_PRL_SS	prl_status_c	int
CL_PRL_SS	protocol_type_c_id	decimal(18,0)
CL_PRL_SS	prl_record_type_c	int
CL_PRL_SS	released_contact	double
CL_PRL_SS	test_to_rel_contact	double
CL_PRL_SS	access_logging_yn	string
CL_PRL_SS	dental_treat_name	string
CL_PRL_SS	dent_treat_t_type_c	int
CL_PRL_SS	dent_parent_prl_id	decimal(18,0)
CL_PRL_SS	dent_visit_spacing	int
CL_PRL_SS	dent_visit_length	int
CL_PRL_SS	dental_sched_inst	string
CL_PRL_SS	dent_visit_num	int
CL_PRL_SS	blank_template_yn	string
CL_PRL_SS	dent_visit_name	string
CL_PRL_SS	dl_load_dt	date
CL_PRL_SS	dl_load_ts	timestamp
CL_PRL_SS	auto_dc_enable_yn	string
CL_PRL_SS	auto_dc_inactivity_threshold	int
CL_PRL_SS	created_by_crpc_interf_yn	string
CL_PRL_SS	allow_auto_dc_no_remain_trt_yn	string
CL_PRL_SS	allow_sign_cycles_yn	string
CL_PRL_SS_OT	protocol_id	decimal(18,0)
CL_PRL_SS_OT	contact_date_real	double
CL_PRL_SS_OT	contact_dt	timestamp
CL_PRL_SS_OT	cm_ct_owner_id	string
CL_PRL_SS_OT	contact_num	string
CL_PRL_SS_OT	display_name	string
CL_PRL_SS_OT	version_status_c	int
CL_PRL_SS_OT	filter_locator_id	decimal(18,0)
CL_PRL_SS_OT	rel_date_c	int
CL_PRL_SS_OT	section_selected_yn	string
CL_PRL_SS_OT	disallow_user_ov_yn	string
CL_PRL_SS_OT	discont_action_c	int
CL_PRL_SS_OT	oset_sec_in_pnd_c	int
CL_PRL_SS_OT	merge_sequence	int
CL_PRL_SS_OT	restriction_yn	string
CL_PRL_SS_OT	orderset_id	decimal(18,0)
CL_PRL_SS_OT	release_tm	timestamp
CL_PRL_SS_OT	test_tm	timestamp
CL_PRL_SS_OT	retire_tm	timestamp
CL_PRL_SS_OT	clin_reviewed_yn	string
CL_PRL_SS_OT	form_id	string
CL_PRL_SS_OT	cnct_status_c	int
CL_PRL_SS_OT	prl_abbreviation	string
CL_PRL_SS_OT	prl_description	string
CL_PRL_SS_OT	research_yn	string
CL_PRL_SS_OT	zero_based_yn	string
CL_PRL_SS_OT	prl_age_from	decimal(18,0)
CL_PRL_SS_OT	prl_age_to	decimal(18,0)
CL_PRL_SS_OT	prl_sex_c	string
CL_PRL_SS_OT	suppress_intrct_yn	string
CL_PRL_SS_OT	dw_alert	decimal(18,3)
CL_PRL_SS_OT	db_alert	decimal(18,3)
CL_PRL_SS_OT	default_auc	decimal(18,3)
CL_PRL_SS_OT	ot_default_dosing_c	int
CL_PRL_SS_OT	prl_dat	string
CL_PRL_SS_OT	cm_phy_owner_id	string
CL_PRL_SS_OT	cm_log_owner_id	string
CL_PRL_SS_OT	dflt_adj_wt_cf	decimal(18,4)
CL_PRL_SS_OT	allow_cf_change_yn	string
CL_PRL_SS_OT	first_cycle_num	int
CL_PRL_SS_OT	publish_status_c	int
CL_PRL_SS_OT	publish_dttm	timestamp
CL_PRL_SS_OT	releasing_user_id	string
CL_PRL_SS_OT	testing_user_id	string
CL_PRL_SS_OT	retiring_user_id	string
CL_PRL_SS_OT	publishing_user_id	string
CL_PRL_SS_OT	start_cycle_num	int
CL_PRL_SS_OT	starting_cycle	int
CL_PRL_SS_OT	starting_cyc_rep	int
CL_PRL_SS_OT	start_delta_date	int
CL_PRL_SS_OT	default_crcl_lpp_id	decimal(18,0)
CL_PRL_SS_OT	allow_crcl_chg_yn	string
CL_PRL_SS_OT	ew_enabled_yn	string
CL_PRL_SS_OT	sort_merge_alpha_yn	string
CL_PRL_SS_OT	rev_scheme_c	int
CL_PRL_SS_OT	rev_due	string
CL_PRL_SS_OT	rev_expires	int
CL_PRL_SS_OT	rev_block_exp	int
CL_PRL_SS_OT	rev_accept_early_c	int
CL_PRL_SS_OT	rev_due_msg	string
CL_PRL_SS_OT	rev_exp_msg	string
CL_PRL_SS_OT	contact_serial_num	decimal(18,0)
CL_PRL_SS_OT	protocol_contents_c	int
CL_PRL_SS_OT	use_anchor_yn	string
CL_PRL_SS_OT	allow_maxbsa_chg_yn	string
CL_PRL_SS_OT	instant_of_creation_dttm	timestamp
CL_PRL_SS_OT	creating_user_id	string
CL_PRL_SS_OT	express_lane_yn	string
CL_PRL_SS_OT	bmt_protocol_yn	string
CL_PRL_SS_OT	exln_show_comm_yn	string
CL_PRL_SS_OT	exln_show_charge_capture_yn	string
CL_PRL_SS_OT	exln_comm_section_id	decimal(18,0)
CL_PRL_SS_OT	exln_charge_capture_section_id	decimal(18,0)
CL_PRL_SS_OT	exln_lrp_id	string
CL_PRL_SS_OT	exln_keep_struct_yn	string
CL_PRL_SS_OT	disable_use_auc_yn	string
CL_PRL_SS_OT	default_bsa_id	decimal(18,0)
CL_PRL_SS_OT	allow_bsa_formula_change_yn	string
CL_PRL_SS_OT	estimated_total_cost	decimal(18,2)
CL_PRL_SS_OT	cost_bucket_ovrd	int
CL_PRL_SS_OT	plan_scheduling_window_count	int
CL_PRL_SS_OT	plan_scheduling_window_unit_c	int
CL_PRL_SS_OT	exln_mobile_lrp_id	string
CL_PRL_SS_OT	allow_recalc_each_time_yn	string
CL_PRL_SS_OT	is_weight_optional_yn	string
CL_PRL_SS_OT	dl_load_dt	date
CL_PRL_SS_OT	dl_load_ts	timestamp
CL_PRL_SS_OT	rfl_always_create_yn	string
CL_PRL_SS_OT	allow_patterns_yn	string
CL_PRL_SS_OT	min_cycles_for_extension	int
CL_PRL_SS_OT	num_cycles_to_add	int
CL_PRL_SS_OT	can_use_flex_start_dt_c	int
CL_PRL_SS_OT	trigger_adjust_due_times_yn	string
CL_PRL_SS_OT	max_days_multiday_interval	int
CL_PRL_SS_OT	exln_preserve_selections_yn	string
CL_QANSWER	answer_id	string
CL_QANSWER	form_id	string
CL_QANSWER	questionnaire_dat	timestamp
CL_QANSWER	is_closed	string
CL_QANSWER	cm_phy_owner_id	string
CL_QANSWER	cm_log_owner_id	string
CL_QANSWER	qf_verify_hvr_id	int
CL_QANSWER	img_answer_set_name	string
CL_QANSWER	form_date_real	double
CL_QANSWER	rec_create_user_id	string
CL_QANSWER	rec_archived_yn	string
CL_QANSWER	pe_hx_reviewed_yn	string
CL_QANSWER	pe_hx_done_yn	string
CL_QANSWER	enroll_id	decimal(18,0)
CL_QANSWER	img_proc_order_id	decimal(18,0)
CL_QANSWER	pat_id	string
CL_QANSWER	dl_load_dt	date
CL_QANSWER	dl_load_ts	timestamp
CL_QANSWER	workflow_duration	int
CL_QANSWER	furthest_question_id	varchar(18)
CL_QANSWER	parent_answer_id	varchar(18)
CL_QANSWER	confidential_yn	varchar(1)
CL_QANSWER	unrel_lqf_lql_yn	string
CL_QANSWER_QA	answer_id	string
CL_QANSWER_QA	line	int
CL_QANSWER_QA	quest_id	string
CL_QANSWER_QA	quest_dat	timestamp
CL_QANSWER_QA	quest_answer	string
CL_QANSWER_QA	quest_comment	string
CL_QANSWER_QA	quest_line_num	int
CL_QANSWER_QA	quest_edit_user_id	string
CL_QANSWER_QA	cm_phy_owner_id	string
CL_QANSWER_QA	cm_log_owner_id	string
CL_QANSWER_QA	question_instant	timestamp
CL_QANSWER_QA	quest_date_real	double
CL_QANSWER_QA	varchar_answer	string
CL_QANSWER_QA	numeric_answer	int
CL_QANSWER_QA	float_answer	double
CL_QANSWER_QA	is_null	int
CL_QANSWER_QA	question_sdi	string
CL_QANSWER_QA	quesn_sdi_filed_yn	string
CL_QANSWER_QA	datetime_answer	timestamp
CL_QANSWER_QA	time_answer	string
CL_QANSWER_QA	score_std_err	decimal(18,4)
CL_QANSWER_QA	doc_info_id	string
CL_QANSWER_QA	pat_loc_doc_id	string
CL_QANSWER_QA	scoring_method_c	int
CL_QANSWER_QA	fol_up_par_quest_id	string
CL_QANSWER_QA	answer_severity_c	int
CL_QANSWER_QA	answer_display_name	string
CL_QANSWER_QA	dl_load_dt	date
CL_QANSWER_QA	dl_load_ts	timestamp
CL_QFORM	form_id	string
CL_QFORM	form_name	string
CL_QFORM	record_state	int
CL_QFORM	form_type_c	int
CL_QFORM	use_of_form	string
CL_QFORM	report_name	string
CL_QFORM	sort_order	int
CL_QFORM	vb_form_name	string
CL_QFORM	comments	string
CL_QFORM	cm_phy_owner_id	string
CL_QFORM	cm_log_owner_id	string
CL_QFORM	pat_frndly_name	string
CL_QFORM	report_id	string
CL_QFORM	vb_form_id	decimal(18,0)
CL_QFORM	listed_yn	string
CL_QFORM	source_quest_id	string
CL_QFORM	form_class_c	int
CL_QFORM	source_form	decimal(18,0)
CL_QFORM	pg_form_lpg_id	decimal(18,0)
CL_QFORM	quesr_pretext	string
CL_QFORM	quesr_posttext	string
CL_QFORM	record_state_c	int
CL_QFORM	sort_order_c	int
CL_QFORM	quesr_ans_vld_days	int
CL_QFORM	thrd_prty_cntnt_c	int
CL_QFORM	cat_type_c	int
CL_QFORM	quesr_pretxt_etx_id	string
CL_QFORM	quesr_postxt_etx_id	string
CL_QFORM	ques_scoring_c	int
CL_QFORM	conv_from_hx_template_id	string
CL_QFORM	allow_tkt_wo_acct_yn	string
CL_QFORM	override_status_c	int
CL_QFORM	override_context	string
CL_QFORM	original_form_id	string
CL_QFORM	dl_load_dt	date
CL_QFORM	dl_load_ts	timestamp
CL_QFORM	prom_concept_id	string
CL_QQUEST	quest_id	string
CL_QQUEST	quest_name	string
CL_QQUEST	record_state	string
CL_QQUEST	quest_type_c	int
CL_QQUEST	hcf_quest_lpp_id	decimal(18,0)
CL_QQUEST	hcf_filing_lpp_id	decimal(18,0)
CL_QQUEST	reg_resp_ini	string
CL_QQUEST	reg_resp_item	string
CL_QQUEST	reg_resp_type_c	int
CL_QQUEST	cm_phy_owner_id	string
CL_QQUEST	cm_log_owner_id	string
CL_QQUEST	flo_id	string
CL_QQUEST	copy_forward_yn	string
CL_QQUEST	hpi_element_prompt	string
CL_QQUEST	hpi_element_type_c	int
CL_QQUEST	is_followup_yn	string
CL_QQUEST	conv_from_hx_template_id	string
CL_QQUEST	pat_friendly_quest_name	string
CL_QQUEST	dl_load_dt	date
CL_QQUEST	dl_load_ts	timestamp
CL_QQUEST	results_network_unique_ident	string
CL_QQUEST	prom_concept_id	string
CL_RSN_FOR_VISIT	reason_visit_id	decimal(18,0)
CL_RSN_FOR_VISIT	cm_phy_owner_id	string
CL_RSN_FOR_VISIT	cm_log_owner_id	string
CL_RSN_FOR_VISIT	reason_visit_name	string
CL_RSN_FOR_VISIT	record_stat_hrv_c	int
CL_RSN_FOR_VISIT	abbreviation	string
CL_RSN_FOR_VISIT	display_text	string
CL_RSN_FOR_VISIT	dl_load_dt	date
CL_RSN_FOR_VISIT	dl_load_ts	timestamp
CL_SPHR	smartphrase_id	decimal(18,0)
CL_SPHR	cm_phy_owner_id	string
CL_SPHR	cm_log_owner_id	string
CL_SPHR	smartphrase_name	string
CL_SPHR	record_status_c	int
CL_SPHR	mnemonic	string
CL_SPHR	facility_level_yn	string
CL_SPHR	inst_of_na_edit_tm	timestamp
CL_SPHR	noadd_items_edited	string
CL_SPHR	smartphrase_type_c	int
CL_SPHR	access_logging_yn	string
CL_SPHR	orig_filename	string
CL_SPHR	filename_hash	string
CL_SPHR	aff_fac_lev_yn	string
CL_SPHR	out_fac_lev_yn	string
CL_SPHR	plain_text_yn	string
CL_SPHR	dl_load_dt	date
CL_SPHR	dl_load_ts	timestamp
CL_SPHR	import_source_mnem	varchar(91)
CL_SPHR	import_initial_user_id	varchar(18)
CL_SPHR	import_inactive_yn	varchar(1)
CL_SPHR	stphrase_inactive_c	int
CL_SPHR	import_source_oid	string
CL_SPHR	import_source_setting	string
CL_SPHR	last_user_import_version	int
CL_SPHR	last_user_import_inst_utc_dttm	timestamp
CL_SPHR	reconciled_after_import_yn	string
CL_SPHR	reconciled_aft_import_user_id	string
CL_SPHR	reconc_aft_imp_inst_utc_dttm	timestamp
CL_SPHR	last_user_export_version	int
CL_SPHR	last_user_export_vers_checksum	string
CL_SPHR	import_inactive_reason_c	int
CLARITY_ADT	event_id	decimal(18,0)
CLARITY_ADT	event_type_c	int
CLARITY_ADT	event_subtype_c	int
CLARITY_ADT	department_id	decimal(18,0)
CLARITY_ADT	room_id	string
CLARITY_ADT	room_csn_id	decimal(18,0)
CLARITY_ADT	bed_id	string
CLARITY_ADT	bed_csn_id	decimal(18,0)
CLARITY_ADT	bed_status_c	int
CLARITY_ADT	effective_time	timestamp
CLARITY_ADT	pat_id	string
CLARITY_ADT	pat_enc_date_real	double
CLARITY_ADT	pat_enc_csn_id	decimal(18,0)
CLARITY_ADT	event_time	timestamp
CLARITY_ADT	user_id	string
CLARITY_ADT	pat_class_c	string
CLARITY_ADT	pat_service_c	string
CLARITY_ADT	pat_lvl_of_care_c	string
CLARITY_ADT	delete_time	timestamp
CLARITY_ADT	canc_event_id	decimal(18,0)
CLARITY_ADT	xfer_event_id	decimal(18,0)
CLARITY_ADT	swap_event_id	decimal(18,0)
CLARITY_ADT	comments	string
CLARITY_ADT	reason_c	string
CLARITY_ADT	accommodation_c	string
CLARITY_ADT	accom_reason_c	int
CLARITY_ADT	adm_event_id	decimal(18,0)
CLARITY_ADT	dis_event_id	decimal(18,0)
CLARITY_ADT	cm_phy_owner_id	string
CLARITY_ADT	cm_log_owner_id	string
CLARITY_ADT	alt_event_type_c	int
CLARITY_ADT	orig_event_time	timestamp
CLARITY_ADT	prev_upd_evnt_time	timestamp
CLARITY_ADT	orig_eff_time	timestamp
CLARITY_ADT	prev_upd_eff_time	timestamp
CLARITY_ADT	xfer_in_event_id	decimal(18,0)
CLARITY_ADT	next_out_event_id	decimal(18,0)
CLARITY_ADT	last_in_event_id	decimal(18,0)
CLARITY_ADT	status_of_bed_c	string
CLARITY_ADT	evt_cancel_user_id	string
CLARITY_ADT	base_pat_class_c	int
CLARITY_ADT	prev_event_id	decimal(18,0)
CLARITY_ADT	seq_num_in_enc	decimal(18,0)
CLARITY_ADT	seq_num_in_bed_min	decimal(18,0)
CLARITY_ADT	cancel_reason_c	string
CLARITY_ADT	out_event_type_c	int
CLARITY_ADT	in_event_type_c	int
CLARITY_ADT	from_base_class_c	int
CLARITY_ADT	to_base_class_c	int
CLARITY_ADT	labor_status_c	int
CLARITY_ADT	first_ip_in_ip_yn	string
CLARITY_ADT	order_id	decimal(18,0)
CLARITY_ADT	source_loc_evnt_id	decimal(18,0)
CLARITY_ADT	evnt_review_c	int
CLARITY_ADT	review_dttm	timestamp
CLARITY_ADT	review_user_id	string
CLARITY_ADT	loa_reason_c	int
CLARITY_ADT	original_event_id	decimal(18,0)
CLARITY_ADT	action_source_c	int
CLARITY_ADT	enc_series_hsp_account_id	decimal(18,0)
CLARITY_ADT	enc_series_financial_class_c	string
CLARITY_ADT	enc_series_primary_payer_id	decimal(18,0)
CLARITY_ADT	enc_series_primary_plan_id	decimal(18,0)
CLARITY_ADT	enc_series_out_fin_cl_ev_typ_c	int
CLARITY_ADT	enc_series_in_fin_cl_ev_typ_c	int
CLARITY_ADT	enc_series_from_fin_class_c	string
CLARITY_ADT	enc_series_to_fin_class_c	string
CLARITY_ADT	enc_series_out_payer_ev_typ_c	int
CLARITY_ADT	enc_series_in_payer_ev_typ_c	int
CLARITY_ADT	enc_series_from_payer_id	decimal(18,0)
CLARITY_ADT	enc_series_to_payer_id	decimal(18,0)
CLARITY_ADT	enc_series_out_plan_ev_typ_c	int
CLARITY_ADT	enc_series_in_plan_ev_typ_c	int
CLARITY_ADT	enc_series_from_plan_id	decimal(18,0)
CLARITY_ADT	enc_series_to_plan_id	decimal(18,0)
CLARITY_ADT	split_acct_hsp_account_id	decimal(18,0)
CLARITY_ADT	split_acct_financial_class_c	string
CLARITY_ADT	split_acct_primary_payer_id	decimal(18,0)
CLARITY_ADT	split_acct_primary_plan_id	decimal(18,0)
CLARITY_ADT	split_acct_out_fin_cl_ev_typ_c	int
CLARITY_ADT	split_acct_in_fin_cl_ev_typ_c	int
CLARITY_ADT	split_acct_from_fin_class_c	string
CLARITY_ADT	split_acct_to_fin_class_c	string
CLARITY_ADT	split_acct_out_payer_ev_typ_c	int
CLARITY_ADT	split_acct_in_payer_ev_typ_c	int
CLARITY_ADT	split_acct_from_payer_id	decimal(18,0)
CLARITY_ADT	split_acct_to_payer_id	decimal(18,0)
CLARITY_ADT	split_acct_out_plan_ev_typ_c	int
CLARITY_ADT	split_acct_in_plan_ev_typ_c	int
CLARITY_ADT	split_acct_from_plan_id	decimal(18,0)
CLARITY_ADT	split_acct_to_plan_id	decimal(18,0)
CLARITY_ADT	dl_load_dt	date
CLARITY_ADT	dl_load_ts	timestamp
CLARITY_ADT	is_loa_update_yn	string
CLARITY_ADT	event_converted_flag_c	int
CLARITY_ADT	effective_utc_dttm	timestamp
CLARITY_ADT	off_service_yn	string
CLARITY_ADT	off_level_care_yn	string
CLARITY_BED	bed_csn_id	decimal(18,0)
CLARITY_BED	bed_id	string
CLARITY_BED	bed_cont_date_real	double
CLARITY_BED	bed_label	string
CLARITY_BED	record_state	string
CLARITY_BED	contact_date	timestamp
CLARITY_BED	room_id	string
CLARITY_BED	telephone_number	string
CLARITY_BED	census_inclusn_yn	string
CLARITY_BED	bed_status_c	string
CLARITY_BED	pool_bed_yn	string
CLARITY_BED	end_cont_date_real	double
CLARITY_BED	accommodation_c	string
CLARITY_BED	svc_priority_c	int
CLARITY_BED	dflt_svc_pri_c	int
CLARITY_BED	addl_flag_c	int
CLARITY_BED	evs_opt_out_yn	string
CLARITY_BED	perioperative_yn	string
CLARITY_BED	ed_hold_yn	string
CLARITY_BED	cm_phy_owner_id	string
CLARITY_BED	cm_log_owner_id	string
CLARITY_BED	ed_hold_ex_dttm	timestamp
CLARITY_BED	ed_hold_arr_mode_c	string
CLARITY_BED	ed_hold_create_dttm	timestamp
CLARITY_BED	haag_include_c	int
CLARITY_BED	ivr_name	string
CLARITY_BED	is_bunk_c	int
CLARITY_BED	level_of_care_grouper_c	int
CLARITY_BED	service_grouper_c	int
CLARITY_BED	dl_load_dt	date
CLARITY_BED	dl_load_ts	timestamp
CLARITY_BED	go_live_date	timestamp
CLARITY_BED	permanently_closed_date	timestamp
CLARITY_CER	rule_id	string
CLARITY_CER	cm_phy_owner_id	string
CLARITY_CER	cm_log_owner_id	string
CLARITY_CER	rule_name	string
CLARITY_CER	dl_load_dt	date
CLARITY_CER	dl_load_ts	timestamp
CLARITY_COMPONENT	component_id	decimal(18,0)
CLARITY_COMPONENT	name	string
CLARITY_COMPONENT	abbreviation	string
CLARITY_COMPONENT	external_name	string
CLARITY_COMPONENT	base_name	string
CLARITY_COMPONENT	cm_phy_owner_id	string
CLARITY_COMPONENT	cm_log_owner_id	string
CLARITY_COMPONENT	component_type_c	int
CLARITY_COMPONENT	lab_definitions_yn	string
CLARITY_COMPONENT	lab_data_type_c	int
CLARITY_COMPONENT	lab_cat_ini	string
CLARITY_COMPONENT	lab_cat_item	decimal(12,0)
CLARITY_COMPONENT	lab_cat_disply_c	int
CLARITY_COMPONENT	lab_cat_discrim	string
CLARITY_COMPONENT	lab_num_precision	decimal(12,0)
CLARITY_COMPONENT	lab_truncate_yn	string
CLARITY_COMPONENT	lab_ltgt_disbld_yn	string
CLARITY_COMPONENT	lab_num_prv_values	decimal(12,0)
CLARITY_COMPONENT	lab_days_lookback	decimal(12,0)
CLARITY_COMPONENT	lab_antibiotic_c	int
CLARITY_COMPONENT	common_name	string
CLARITY_COMPONENT	loinc_code	string
CLARITY_COMPONENT	result_checking_id	decimal(18,0)
CLARITY_COMPONENT	allow_dilution_yn	string
CLARITY_COMPONENT	component_subtype_c	int
CLARITY_COMPONENT	record_state_c	int
CLARITY_COMPONENT	default_low	string
CLARITY_COMPONENT	default_high	string
CLARITY_COMPONENT	dflt_units	string
CLARITY_COMPONENT	dflt_low_female	string
CLARITY_COMPONENT	dflt_high_female	string
CLARITY_COMPONENT	display_yn	string
CLARITY_COMPONENT	qc_num_precision	decimal(2,0)
CLARITY_COMPONENT	antibiotic_med_id	decimal(18,0)
CLARITY_COMPONENT	lab_subtype_c	int
CLARITY_COMPONENT	lab_owc_use_type_c	int
CLARITY_COMPONENT	calculated_lrr_yn	string
CLARITY_COMPONENT	default_lnc_id	decimal(18,0)
CLARITY_COMPONENT	nhsn_code_id	decimal(18,0)
CLARITY_COMPONENT	antibio_cost_c	int
CLARITY_COMPONENT	graph_min	decimal(18,2)
CLARITY_COMPONENT	graph_max	decimal(18,2)
CLARITY_COMPONENT	record_type_c	int
CLARITY_COMPONENT	group_type_c	int
CLARITY_COMPONENT	exchg_component_yn	string
CLARITY_COMPONENT	unit_concept_id	decimal(18,0)
CLARITY_COMPONENT	stdrd_unit_trg	string
CLARITY_COMPONENT	stdrd_rslt_rng_min	decimal(18,2)
CLARITY_COMPONENT	stdrd_rslt_rng_max	decimal(18,2)
CLARITY_COMPONENT	dl_load_dt	date
CLARITY_COMPONENT	dl_load_ts	timestamp
CLARITY_COMPONENT	canonical_concept_internal_id	decimal(18,0)
CLARITY_COMPONENT	comp_rbc_antigen_c	int
CLARITY_COMPONENT	comp_platelet_antigen_c	int
CLARITY_CONCEPT	concept_id	string
CLARITY_CONCEPT	name	string
CLARITY_CONCEPT	abbreviation	string
CLARITY_CONCEPT	data_type_c	int
CLARITY_CONCEPT	cm_phy_owner_id	string
CLARITY_CONCEPT	cm_log_owner_id	string
CLARITY_CONCEPT	parent_concept	string
CLARITY_CONCEPT	snomed_part_ident_c	string
CLARITY_CONCEPT	master_file_link	string
CLARITY_CONCEPT	master_file_item	decimal(18,1)
CLARITY_CONCEPT	record_state_c	int
CLARITY_CONCEPT	confidentiality	string
CLARITY_CONCEPT	risk	string
CLARITY_CONCEPT	complexity	string
CLARITY_CONCEPT	concept_type_c	int
CLARITY_CONCEPT	internal_id	decimal(18,0)
CLARITY_CONCEPT	code	string
CLARITY_CONCEPT	codesystem_c	int
CLARITY_CONCEPT	nhsn_specimen_type_c	int
CLARITY_CONCEPT	concept_hierarchy	string
CLARITY_CONCEPT	unit_name	string
CLARITY_CONCEPT	unit_type_c	int
CLARITY_CONCEPT	unit_dimension_c	int
CLARITY_CONCEPT	base_unit_id	decimal(18,0)
CLARITY_CONCEPT	conversion_function	string
CLARITY_CONCEPT	dl_load_dt	date
CLARITY_CONCEPT	dl_load_ts	timestamp
CLARITY_CONCEPT	valuesetoid_c	int
CLARITY_CONCEPT	cancer_rpt_form_ident	string
CLARITY_CONCEPT	conversion_added_constant	string
CLARITY_DEP	department_id	decimal(18,0)
CLARITY_DEP	department_name	string
CLARITY_DEP	dept_abbreviation	string
CLARITY_DEP	specialty	string
CLARITY_DEP	rev_loc_id	decimal(18,0)
CLARITY_DEP	dep_group	int
CLARITY_DEP	gl_prefix	string
CLARITY_DEP	rpt_grp_one	string
CLARITY_DEP	rpt_grp_two	string
CLARITY_DEP	rpt_grp_three	string
CLARITY_DEP	rpt_grp_four	string
CLARITY_DEP	rpt_grp_five	string
CLARITY_DEP	rpt_grp_six	string
CLARITY_DEP	rpt_grp_seven	string
CLARITY_DEP	rpt_grp_eight	string
CLARITY_DEP	rpt_grp_nine	string
CLARITY_DEP	rpt_grp_ten	string
CLARITY_DEP	adt_parent_id	decimal(18,0)
CLARITY_DEP	serv_area_id	decimal(18,0)
CLARITY_DEP	specialty_dep_c	string
CLARITY_DEP	licensed_beds	int
CLARITY_DEP	master_pool_id	string
CLARITY_DEP	master_pool_name	string
CLARITY_DEP	covering_pool_id	string
CLARITY_DEP	covering_pool_name	string
CLARITY_DEP	flash_card_prt_rou	string
CLARITY_DEP	num_flash_cards	int
CLARITY_DEP	ctrl_sheet_rou	string
CLARITY_DEP	num_control_sheets	int
CLARITY_DEP	adt_unit_type_c	int
CLARITY_DEP	cm_phy_owner_id	string
CLARITY_DEP	cm_log_owner_id	string
CLARITY_DEP	rpt_grp_eleven_c	string
CLARITY_DEP	rpt_grp_twelve_c	string
CLARITY_DEP	rpt_grp_thirteen_c	string
CLARITY_DEP	rpt_grp_fourteen_c	string
CLARITY_DEP	rpt_grp_fifteen_c	string
CLARITY_DEP	rpt_grp_sixteen_c	string
CLARITY_DEP	rpt_grp_sevnteen_c	string
CLARITY_DEP	rpt_grp_eighteen_c	string
CLARITY_DEP	rpt_grp_nineteen_c	string
CLARITY_DEP	rpt_grp_twenty_c	string
CLARITY_DEP	dflt_pharmacy_id	decimal(18,0)
CLARITY_DEP	center_c	string
CLARITY_DEP	record_status	int
CLARITY_DEP	outpat_dup_int_str	string
CLARITY_DEP	inpat_dup_int_str	string
CLARITY_DEP	rx_logon_phr_id	decimal(18,0)
CLARITY_DEP	rx_charge_admin_yn	string
CLARITY_DEP	mar_label_prntr_id	string
CLARITY_DEP	allow_auto_fut_yn	string
CLARITY_DEP	def_coe_ord_mod_c	int
CLARITY_DEP	ord_mod_op_cap	string
CLARITY_DEP	ord_mod_ip_cap	string
CLARITY_DEP	ip_med_pref_id	decimal(18,0)
CLARITY_DEP	mr_hsb_link_user	string
CLARITY_DEP	cost_center_id	decimal(18,0)
CLARITY_DEP	req_adm_har_mch_yn	string
CLARITY_DEP	use_har_rec_yn	string
CLARITY_DEP	har_def_act_type_c	int
CLARITY_DEP	copay_waive_c	int
CLARITY_DEP	ignor_dsp_patxfr_yn	string
CLARITY_DEP	prompt_redir_yn	string
CLARITY_DEP	prompt_dys_chk_c	int
CLARITY_DEP	prompt_msg_text_c	string
CLARITY_DEP	nearest_proc_time	int
CLARITY_DEP	nearest_proc_time_c	int
CLARITY_DEP	dep_ed_type_c	int
CLARITY_DEP	schd_intrp_auto_yn	string
CLARITY_DEP	rpt_grp_twentyone	string
CLARITY_DEP	rpt_grp_twentytwo	string
CLARITY_DEP	rpt_grp_twentythree	string
CLARITY_DEP	rpt_grp_twentyfour	string
CLARITY_DEP	rpt_grp_twentyfive	string
CLARITY_DEP	rpt_grp_twentysix	string
CLARITY_DEP	rpt_grp_twentyseven	string
CLARITY_DEP	rpt_grp_twentyeight	string
CLARITY_DEP	rpt_grp_twentynine	string
CLARITY_DEP	rpt_grp_thirty	string
CLARITY_DEP	rpt_grp_thirtyone_c	string
CLARITY_DEP	rpt_grp_thirtytwo_c	string
CLARITY_DEP	rpt_grp_trtythree_c	string
CLARITY_DEP	rpt_grp_trtyfour_c	string
CLARITY_DEP	rpt_grp_trtyfive_c	string
CLARITY_DEP	rpt_grp_thirtysix_c	string
CLARITY_DEP	rpt_grp_trtyseven_c	string
CLARITY_DEP	rpt_grp_trtyeight_c	string
CLARITY_DEP	rpt_grp_trtynine_c	string
CLARITY_DEP	rpt_grp_fourty_c	string
CLARITY_DEP	reverify_orders_yn	string
CLARITY_DEP	ppl_dept_yn	string
CLARITY_DEP	external_name	string
CLARITY_DEP	phone_number	string
CLARITY_DEP	or_unit_type_c	int
CLARITY_DEP	bed_column_info_id	decimal(18,0)
CLARITY_DEP	is_periop_dep_yn	string
CLARITY_DEP	tx_plan_rel_cats_id	decimal(18,0)
CLARITY_DEP	facility_c	string
CLARITY_DEP	inpatient_dept_yn	string
CLARITY_DEP	care_area_c	int
CLARITY_DEP	restricted_dept_yn	string
CLARITY_DEP	physical_loc_c	int
CLARITY_DEP	lag_time	int
CLARITY_DEP	auto_prompt_cntr_yn	string
CLARITY_DEP	clm_alt_name	string
CLARITY_DEP	clm_alt_city	string
CLARITY_DEP	clm_alt_state_c	string
CLARITY_DEP	clm_alt_zip	string
CLARITY_DEP	clm_alt_phone	string
CLARITY_DEP	dl_load_dt	date
CLARITY_DEP	dl_load_ts	timestamp
CLARITY_DEP_2	department_id	decimal(18,0)
CLARITY_DEP_2	cm_phy_owner_id	string
CLARITY_DEP_2	cm_log_owner_id	string
CLARITY_DEP_2	address_city	string
CLARITY_DEP_2	address_state_c	string
CLARITY_DEP_2	address_zip_code	string
CLARITY_DEP_2	address_county_c	string
CLARITY_DEP_2	address_country_c	string
CLARITY_DEP_2	address_house_num	string
CLARITY_DEP_2	address_district_c	int
CLARITY_DEP_2	expsched_enabled_yn	string
CLARITY_DEP_2	expsched_offset	decimal(18,0)
CLARITY_DEP_2	icu_dept_yn	string
CLARITY_DEP_2	sbo_create_pb_har_c	int
CLARITY_DEP_2	attend_evnt_rule_id	string
CLARITY_DEP_2	tt_def_evnt_rule_id	string
CLARITY_DEP_2	rtls_arrv_evnt_id	string
CLARITY_DEP_2	rtls_dept_event_id	string
CLARITY_DEP_2	def_rtls_arrival_id	string
CLARITY_DEP_2	def_rtls_dep_id	string
CLARITY_DEP_2	ed_tb_usersettin_yn	string
CLARITY_DEP_2	dutch_icu_group_c	int
CLARITY_DEP_2	force_tbot_yn	string
CLARITY_DEP_2	overdue_results_id	decimal(18,0)
CLARITY_DEP_2	rel_cnt_name_pp_id	decimal(18,0)
CLARITY_DEP_2	rel_cnt_dtl_pp_id	decimal(18,0)
CLARITY_DEP_2	med_pref_list_id	decimal(18,0)
CLARITY_DEP_2	orders_pref_list_id	decimal(18,0)
CLARITY_DEP_2	dept_trnscr_empl_id	string
CLARITY_DEP_2	dept_trnscr_pool_c	string
CLARITY_DEP_2	dep_let_trns_emp_id	string
CLARITY_DEP_2	dep_let_trns_pool_c	string
CLARITY_DEP_2	disc_int_enab_yn	string
CLARITY_DEP_2	manual_free_yn	string
CLARITY_DEP_2	alglst_att_yn	string
CLARITY_DEP_2	alglst_pcp_yn	string
CLARITY_DEP_2	default_mar_flow_id	string
CLARITY_DEP_2	edu_assmt_templt_id	decimal(18,0)
CLARITY_DEP_2	edu_assmt_disp_id	decimal(18,0)
CLARITY_DEP_2	edu_assmt_copy_yn	string
CLARITY_DEP_2	nearest_med_time	int
CLARITY_DEP_2	nearest_med_time_c	int
CLARITY_DEP_2	hov_shared_list_id	string
CLARITY_DEP_2	med_msg_pool_id	decimal(18,0)
CLARITY_DEP_2	rx_times_msg_pl_id	decimal(18,0)
CLARITY_DEP_2	rx_msg_to_prov_yn	string
CLARITY_DEP_2	rx_marhold_notif_yn	string
CLARITY_DEP_2	mar_time_match_dc	int
CLARITY_DEP_2	mar_match_dc_due_yn	string
CLARITY_DEP_2	unverified_med_p_id	decimal(18,0)
CLARITY_DEP_2	mar_dsp_grouped_yn	string
CLARITY_DEP_2	mar_lookahead_group	int
CLARITY_DEP_2	mar_lookback_group	int
CLARITY_DEP_2	mar_shift_hr_disp	int
CLARITY_DEP_2	dual_signoff_req_yn	string
CLARITY_DEP_2	mar_dual_sign_rx_yn	string
CLARITY_DEP_2	mar_time_limit_past	int
CLARITY_DEP_2	mar_time_limit_fut	int
CLARITY_DEP_2	mar_time_dcmeds	int
CLARITY_DEP_2	one_clk_admin_yn	string
CLARITY_DEP_2	mar_shift_ppt_id	decimal(18,0)
CLARITY_DEP_2	disab_ovride_lnk_yn	string
CLARITY_DEP_2	mar_has_rx_int_yn	string
CLARITY_DEP_2	hov_shldc_lpp_id	decimal(18,0)
CLARITY_DEP_2	dflt_resume_med_c	int
CLARITY_DEP_2	ed_arrival_conf_id	string
CLARITY_DEP_2	ed_team_wording	string
CLARITY_DEP_2	ed_pat_list_id	decimal(18,0)
CLARITY_DEP_2	mc_exp_id	decimal(18,0)
CLARITY_DEP_2	show_language_yn	string
CLARITY_DEP_2	ip_allow_ivpump_yn	string
CLARITY_DEP_2	ed_event_arrival_id	string
CLARITY_DEP_2	ed_event_roomed_id	string
CLARITY_DEP_2	ed_event_trans_id	string
CLARITY_DEP_2	ed_event_tran_in_id	string
CLARITY_DEP_2	ed_event_dismiss_id	string
CLARITY_DEP_2	ed_event_disch_id	string
CLARITY_DEP_2	attend_asgn_evnt_id	string
CLARITY_DEP_2	attend_remv_evnt_id	string
CLARITY_DEP_2	tt_asgn_evnt_id	string
CLARITY_DEP_2	tt_remv_evnt_id	string
CLARITY_DEP_2	dep_event_id	string
CLARITY_DEP_2	ed_pcc_evnt_def_id	string
CLARITY_DEP_2	ed_contact_rule_id	string
CLARITY_DEP_2	ed_contact_time_hrs	int
CLARITY_DEP_2	allow_expected_yn	string
CLARITY_DEP_2	manager_wait2_id	decimal(18,0)
CLARITY_DEP_2	manager_wait3_id	decimal(18,0)
CLARITY_DEP_2	ip_data_purge_days	int
CLARITY_DEP_2	pat_verif_hcf_id	string
CLARITY_DEP_2	enc_verif_hcf_id	string
CLARITY_DEP_2	guar_verif_hcf_id	string
CLARITY_DEP_2	har_verif_hcf_id	string
CLARITY_DEP_2	cvg_verif_hcf_id	string
CLARITY_DEP_2	mem_verif_hcf_id	string
CLARITY_DEP_2	appointment_phone	string
CLARITY_DEP_2	logo_filename	string
CLARITY_DEP_2	wkfltrck_actv_yn	string
CLARITY_DEP_2	let_frm_user_dflt_c	int
CLARITY_DEP_2	har_2_verif_hcf_id	string
CLARITY_DEP_2	dl_load_dt	date
CLARITY_DEP_2	dl_load_ts	timestamp
CLARITY_DRG	drg_id	string
CLARITY_DRG	drg_name	string
CLARITY_DRG	record_state	string
CLARITY_DRG	drg_number	string
CLARITY_DRG	cm_phy_owner_id	string
CLARITY_DRG	cm_log_owner_id	string
CLARITY_DRG	non_mpi_weight	decimal(18,4)
CLARITY_DRG	non_mpi_trim_pts	decimal(18,2)
CLARITY_DRG	non_mpi_amlos	decimal(18,2)
CLARITY_DRG	non_mpi_gmlos	decimal(18,2)
CLARITY_DRG	grouper_1_c	int
CLARITY_DRG	grouper_2_c	int
CLARITY_DRG	grouper_3_c	int
CLARITY_DRG	record_state_c	int
CLARITY_DRG	drg_case_type_c	int
CLARITY_DRG	msdrg_family_c	int
CLARITY_DRG	patient_friendly_name	string
CLARITY_DRG	drg_code_set_c	string
CLARITY_DRG	drg_mdc_c	int
CLARITY_DRG	drg_complication_c	int
CLARITY_DRG	dl_load_dt	date
CLARITY_DRG	dl_load_ts	timestamp
CLARITY_EAP	proc_id	decimal(18,0)
CLARITY_EAP	proc_name	string
CLARITY_EAP	proc_code	string
CLARITY_EAP	proc_cat	string
CLARITY_EAP	proc_type	string
CLARITY_EAP	debit_credit	string
CLARITY_EAP	is_bad_debt_acct	string
CLARITY_EAP	account_ins	string
CLARITY_EAP	rpt_grp_one	string
CLARITY_EAP	rpt_grp_two	string
CLARITY_EAP	rpt_grp_three	string
CLARITY_EAP	rpt_grp_four	string
CLARITY_EAP	rpt_grp_five	string
CLARITY_EAP	rpt_grp_six	string
CLARITY_EAP	rpt_grp_seven	string
CLARITY_EAP	rpt_grp_eight	string
CLARITY_EAP	rpt_grp_nine	string
CLARITY_EAP	rpt_grp_ten	string
CLARITY_EAP	gl_num_credit	string
CLARITY_EAP	gl_num_debit	string
CLARITY_EAP	is_active_yn	string
CLARITY_EAP	panel_c	int
CLARITY_EAP	proc_comment	string
CLARITY_EAP	is_price_ovrd_yn	string
CLARITY_EAP	eap_type_of_ser_c	int
CLARITY_EAP	modifier	string
CLARITY_EAP	is_ec_inactive_yn	string
CLARITY_EAP	ub_rev_code_id	decimal(18,0)
CLARITY_EAP	cost_cntr_id	decimal(18,0)
CLARITY_EAP	cm_phy_owner_id	string
CLARITY_EAP	cm_log_owner_id	string
CLARITY_EAP	rpt_grp_eleven_c	string
CLARITY_EAP	rpt_grp_twelve_c	string
CLARITY_EAP	rpt_grp_thirteen_c	string
CLARITY_EAP	rpt_grp_fourteen_c	string
CLARITY_EAP	rpt_grp_fifteen_c	string
CLARITY_EAP	rpt_grp_sixteen_c	string
CLARITY_EAP	rpt_grp_sevnteen_c	string
CLARITY_EAP	rpt_grp_eighteen_c	string
CLARITY_EAP	rpt_grp_nineteen_c	string
CLARITY_EAP	rpt_grp_twenty_c	string
CLARITY_EAP	proc_group_id	string
CLARITY_EAP	op_lookback_day	string
CLARITY_EAP	ip_lookback_day	string
CLARITY_EAP	cat_override_id	string
CLARITY_EAP	show_in_myc_yn	string
CLARITY_EAP	pt_friendly_name	string
CLARITY_EAP	show_in_myc_c	int
CLARITY_EAP	clm_proc_type_c	int
CLARITY_EAP	billing_cat_c	string
CLARITY_EAP	record_state_eap_c	int
CLARITY_EAP	self_ins_c	int
CLARITY_EAP	debit_or_credit_c	int
CLARITY_EAP	type_c	string
CLARITY_EAP	admin_px_type_c	int
CLARITY_EAP	admin_px_erx_id	decimal(18,0)
CLARITY_EAP	rel_pref_card_id	string
CLARITY_EAP	ris_sign_again_r_yn	string
CLARITY_EAP	vendor_medium_desc	string
CLARITY_EAP	vendor_short_desc	string
CLARITY_EAP	proc_default_ord_id	decimal(18,0)
CLARITY_EAP	ext_cross_ref_code	string
CLARITY_EAP	print_desc_yn	string
CLARITY_EAP	ide_number	string
CLARITY_EAP	dflt_adj_date_c	int
CLARITY_EAP	reason_code_id	string
CLARITY_EAP	inst_of_edit_tm	timestamp
CLARITY_EAP	dflt_stand_count	int
CLARITY_EAP	ip_count_type_c	int
CLARITY_EAP	is_proc_used	string
CLARITY_EAP	short_name	string
CLARITY_EAP	dflt_pmt_src_c	string
CLARITY_EAP	sprs_pnl_alt_chk_yn	string
CLARITY_EAP	req_dx_assoc_c	int
CLARITY_EAP	dflt_spec_type_c	int
CLARITY_EAP	dflt_order_type_c	int
CLARITY_EAP	dflt_rlse_stat_c	int
CLARITY_EAP	dflt_expec_dt	string
CLARITY_EAP	expec_dt_approx_yn	string
CLARITY_EAP	dflt_rlse_type_c	int
CLARITY_EAP	dflt_rlse_inter_c	string
CLARITY_EAP	dflt_rlse_count	int
CLARITY_EAP	max_orderable	int
CLARITY_EAP	show_ord_detail_c	int
CLARITY_EAP	use_alt_choices_yn	string
CLARITY_EAP	dflt_alt_id	decimal(18,0)
CLARITY_EAP	mammo_related_yn	string
CLARITY_EAP	dflt_spec_src_mal_c	int
CLARITY_EAP	dflt_spec_src_fem_c	int
CLARITY_EAP	order_display_name	string
CLARITY_EAP	dflt_inter_id	string
CLARITY_EAP	proc_cat_id	string
CLARITY_EAP	ec_ovrd_proc_cat_id	string
CLARITY_EAP	sched_for_outpat_yn	string
CLARITY_EAP	prompt_for_vt_yn	string
CLARITY_EAP	use_vt_spec_rest_c	int
CLARITY_EAP	test_id	string
CLARITY_EAP	use_time_avg_yn	string
CLARITY_EAP	must_start_after_tm	timestamp
CLARITY_EAP	must_start_bef_tm	timestamp
CLARITY_EAP	setup_time	decimal(18,0)
CLARITY_EAP	cleanup_time	decimal(18,0)
CLARITY_EAP	time_alone	decimal(18,0)
CLARITY_EAP	time_combined	decimal(18,0)
CLARITY_EAP	avg_len_for_bill	decimal(18,0)
CLARITY_EAP	use_avg_from_id	decimal(18,0)
CLARITY_EAP	type_of_proc_c	string
CLARITY_EAP	dflt_wound_class_c	int
CLARITY_EAP	dflt_lat_c	int
CLARITY_EAP	dflt_outpat_regn_c	int
CLARITY_EAP	dflt_pk_lst_gnrtd_c	int
CLARITY_EAP	lap_yn	string
CLARITY_EAP	surg_hist_id	decimal(18,0)
CLARITY_EAP	dflt_anesth_type_c	int
CLARITY_EAP	service_area_id	decimal(18,0)
CLARITY_EAP	name	string
CLARITY_EAP	charge_entry_instr	string
CLARITY_EAP	bill_desc	string
CLARITY_EAP	spec_proc_type_c	string
CLARITY_EAP	num_surfaces_req	int
CLARITY_EAP	comp_anes_conc_yn	string
CLARITY_EAP	allow_per_excl_yn	string
CLARITY_EAP	dx_req_yn	string
CLARITY_EAP	recall_allowed_yn	string
CLARITY_EAP	dflt_recall_months	int
CLARITY_EAP	desc_entry_yn	string
CLARITY_EAP	system_gen_yn	string
CLARITY_EAP	eft_adj_yn	string
CLARITY_EAP	view_pnl_detail_yn	string
CLARITY_EAP	ce_restr_sex_c	int
CLARITY_EAP	ce_restr_ref_yn	string
CLARITY_EAP	gl_debit_type_c	string
CLARITY_EAP	gl_credit_type_c	string
CLARITY_EAP	billing_summary	string
CLARITY_EAP	stop_quantity_yn	string
CLARITY_EAP	visit_indicator_c	int
CLARITY_EAP	glfc_svc_area_id	decimal(18,0)
CLARITY_EAP	glfc_db_num	string
CLARITY_EAP	glfc_cr_num	string
CLARITY_EAP	distribute_lvl_c	int
CLARITY_EAP	blood_related_c	int
CLARITY_EAP	future_proc_exp_dt	string
CLARITY_EAP	stand_proc_exp_dt	string
CLARITY_EAP	outpat_dup_inter	int
CLARITY_EAP	inpat_dup_inter	int
CLARITY_EAP	smartgroup_id	decimal(18,0)
CLARITY_EAP	modality_type_c	int
CLARITY_EAP	ext_ar_type_c	int
CLARITY_EAP	dl_load_dt	date
CLARITY_EAP	dl_load_ts	timestamp
CLARITY_EAP_2	proc_id	decimal(18,0)
CLARITY_EAP_2	cm_phy_owner_id	string
CLARITY_EAP_2	cm_log_owner_id	string
CLARITY_EAP_2	screening_proc_yn	string
CLARITY_EAP_2	abn_spanish_name	string
CLARITY_EAP_2	qty_per_bill_code	decimal(18,3)
CLARITY_EAP_2	qty_per_bc_units_c	int
CLARITY_EAP_2	bill_qty_rnd_fctr	decimal(18,3)
CLARITY_EAP_2	hide_in_rslt_rev_yn	string
CLARITY_EAP_2	service_time_yn	string
CLARITY_EAP_2	use_ip_alt_yn	string
CLARITY_EAP_2	ip_def_alt_id	decimal(18,0)
CLARITY_EAP_2	dup_across_enc_yn	string
CLARITY_EAP_2	dup_entire_adm_yn	string
CLARITY_EAP_2	dup_search_time	int
CLARITY_EAP_2	dup_match_time	int
CLARITY_EAP_2	use_expiring_yn	string
CLARITY_EAP_2	rev_only_once_yn	string
CLARITY_EAP_2	pal_tab_adv_act_id	decimal(18,0)
CLARITY_EAP_2	caption_override	string
CLARITY_EAP_2	vessel_location_c	int
CLARITY_EAP_2	proc_exp_date	string
CLARITY_EAP_2	outpat_dflt_pri_c	int
CLARITY_EAP_2	refund_yn	string
CLARITY_EAP_2	sum_finding_tgt_id	decimal(18,0)
CLARITY_EAP_2	product_line	string
CLARITY_EAP_2	special_pricing	string
CLARITY_EAP_2	protocol_grouper_c	int
CLARITY_EAP_2	sched_grouper_c	int
CLARITY_EAP_2	transplant_type_c	int
CLARITY_EAP_2	adjustment_cat_c	int
CLARITY_EAP_2	unit_aft_st_date_c	int
CLARITY_EAP_2	unit_bef_end_date_c	int
CLARITY_EAP_2	def_pos_type_c	int
CLARITY_EAP_2	rx_grouper_yn	string
CLARITY_EAP_2	pri_phys_sig_req_yn	string
CLARITY_EAP_2	prior_stat_config_c	int
CLARITY_EAP_2	dflt_order_class_c	string
CLARITY_EAP_2	normal_drop_yn	string
CLARITY_EAP_2	ref_drop_yn	string
CLARITY_EAP_2	future_drop_yn	string
CLARITY_EAP_2	disable_breas_de_yn	string
CLARITY_EAP_2	req_bd_at_status_c	int
CLARITY_EAP_2	laterality_c	int
CLARITY_EAP_2	allowance_yn	string
CLARITY_EAP_2	result_rpt_type_c	int
CLARITY_EAP_2	end_cont_date	timestamp
CLARITY_EAP_2	end_cont_date_real	double
CLARITY_EAP_2	diagnostic_proc_yn	string
CLARITY_EAP_2	biopsy_proc_yn	string
CLARITY_EAP_2	tech_accessible_yn	string
CLARITY_EAP_2	asmt_req_status_c	int
CLARITY_EAP_2	mam_bx_guidance_c	int
CLARITY_EAP_2	rate_center_id	decimal(18,0)
CLARITY_EAP_2	all_hist_comp_yn	string
CLARITY_EAP_2	default_lnc_id	decimal(18,0)
CLARITY_EAP_2	repeat_unit_c	int
CLARITY_EAP_2	transplant_donor_yn	string
CLARITY_EAP_2	default_smartset_id	decimal(18,0)
CLARITY_EAP_2	anticoag_episode_name	string
CLARITY_EAP_2	anticoag_link_prob_yn	string
CLARITY_EAP_2	anticoag_create_prob_yn	string
CLARITY_EAP_2	anticoag_send_enroll_msg_yn	string
CLARITY_EAP_2	anticoag_send_inr_rmndr_yn	string
CLARITY_EAP_2	anticoag_auth_prov_behav_c	int
CLARITY_EAP_2	anticoag_auth_prov_role_c	int
CLARITY_EAP_2	new_or_est_c	int
CLARITY_EAP_2	myc_gen_sch_tkt_yn	string
CLARITY_EAP_2	scrform_template_id	decimal(18,0)
CLARITY_EAP_2	myc_tkt_sch_name	string
CLARITY_EAP_2	dental_proc_type_c	int
CLARITY_EAP_2	instant_of_update_dttm	timestamp
CLARITY_EAP_2	note_template_id	string
CLARITY_EAP_2	rpt_grp_six_c	string
CLARITY_EAP_2	rpt_grp_seven_c	string
CLARITY_EAP_2	rpt_grp_eight_c	string
CLARITY_EAP_2	rpt_grp_nine_c	string
CLARITY_EAP_2	rpt_grp_ten_c	string
CLARITY_EAP_2	rpt_grp_eleven_c	string
CLARITY_EAP_2	rpt_grp_twelve_c	string
CLARITY_EAP_2	rpt_grp_thirteen_c	string
CLARITY_EAP_2	rpt_grp_fourteen_c	string
CLARITY_EAP_2	rpt_grp_fifteen_c	string
CLARITY_EAP_2	rpt_grp_sixteen_c	string
CLARITY_EAP_2	rpt_grp_seventeen_c	string
CLARITY_EAP_2	rpt_grp_eighteen_c	string
CLARITY_EAP_2	rpt_grp_nineteen_c	string
CLARITY_EAP_2	rpt_grp_twenty_c	string
CLARITY_EAP_2	sched_dur	int
CLARITY_EAP_2	sched_dur_is_calc_yn	string
CLARITY_EAP_2	sched_dur_buffer	int
CLARITY_EAP_2	sched_is_infsn_vs_yn	string
CLARITY_EAP_2	sched_tol_bef	int
CLARITY_EAP_2	sched_tol_aftr	int
CLARITY_EAP_2	sched_tol_no_restr_bef_yn	string
CLARITY_EAP_2	sched_tol_no_restr_aftr_yn	string
CLARITY_EAP_2	time_bef_ord_end_date	int
CLARITY_EAP_2	time_aft_ord_st_date	int
CLARITY_EAP_2	scrn_proc_types_c	int
CLARITY_EAP_2	enable_order_up_yn	string
CLARITY_EAP_2	req_rslt_let_yn	string
CLARITY_EAP_2	dl_load_dt	date
CLARITY_EAP_2	dl_load_ts	timestamp
CLARITY_EAP_3	proc_id	decimal(18,0)
CLARITY_EAP_3	cm_phy_owner_id	string
CLARITY_EAP_3	cm_log_owner_id	string
CLARITY_EAP_3	contrast_req_c	int
CLARITY_EAP_3	pat_friendly_desc	string
CLARITY_EAP_3	tomosynthesis_proc_yn	string
CLARITY_EAP_3	proc_subtype_c	int
CLARITY_EAP_3	clinically_active_yn	string
CLARITY_EAP_3	myc_gen_sch_tkt_c	int
CLARITY_EAP_3	dental_material_c	int
CLARITY_EAP_3	myc_no_acct_tkt_yn	string
CLARITY_EAP_3	pt_friendly_name	string
CLARITY_EAP_3	recur_autorls_limit_option_c	int
CLARITY_EAP_3	recur_autorls_scheduling_limit	int
CLARITY_EAP_3	dl_load_dt	date
CLARITY_EAP_3	dl_load_ts	timestamp
CLARITY_EAP_4	proc_id	decimal(18,0)
CLARITY_EAP_4	cm_phy_owner_id	string
CLARITY_EAP_4	cm_log_owner_id	string
CLARITY_EAP_4	dental_surf_logic_c	int
CLARITY_EAP_4	dental_tooth_set_c	int
CLARITY_EAP_4	dental_arch_c	int
CLARITY_EAP_4	default_expected_date_cmt_c	int
CLARITY_EAP_4	default_fasting_duration	int
CLARITY_EAP_4	breaks_fast_yn	string
CLARITY_EAP_4	third_party_yn	string
CLARITY_EAP_4	myc_tkt_gen_rule_id	string
CLARITY_EAP_4	allow_wound_link_yn	string
CLARITY_EAP_4	rad_thp_create_epsd_quest_id	string
CLARITY_EAP_4	rad_therapy_site_quest_id	string
CLARITY_EAP_4	rad_therapy_technique_quest_id	string
CLARITY_EAP_4	rad_thp_dflt_tasktmp_record_id	string
CLARITY_EAP_4	prosthetic_struct_c	int
CLARITY_EAP_4	partial_dent_typ_c	int
CLARITY_EAP_4	derm_proc_type_c	int
CLARITY_EAP_4	quick_proc_yn	string
CLARITY_EAP_4	derm_proc_form_id	string
CLARITY_EAP_4	rad_thp_plan_start_dt_quest_id	string
CLARITY_EAP_4	rad_thp_laterality_quest_id	string
CLARITY_EAP_4	rad_thp_treat_goal_quest_id	string
CLARITY_EAP_4	purpose_material_c	int
CLARITY_EAP_4	confidential_yn	string
CLARITY_EAP_4	dent_chg_per_tth_yn	string
CLARITY_EAP_4	wound_proc_type_c	int
CLARITY_EAP_4	proc_abbr	string
CLARITY_EAP_4	sched_avail_alert_yn	string
CLARITY_EAP_4	material_in_tooth_c	int
CLARITY_EAP_4	qlty_root_filling_c	int
CLARITY_EAP_4	tooth_pros_struct_c	int
CLARITY_EAP_4	implnt_crown_type_c	int
CLARITY_EAP_4	den_avail_in_wis_yn	string
CLARITY_EAP_4	future_ord_req_field_c	int
CLARITY_EAP_4	genomics_proc_class_c	int
CLARITY_EAP_4	dl_load_dt	date
CLARITY_EAP_4	dl_load_ts	timestamp
CLARITY_EAP_4	require_wound_qf_data_req_c	int
CLARITY_EAP_4	is_radiation_therapy_proc_yn	string
CLARITY_EAP_OT	proc_id	decimal(18,0)
CLARITY_EAP_OT	contact_date_real	double
CLARITY_EAP_OT	contact_date	timestamp
CLARITY_EAP_OT	contact_type_c	int
CLARITY_EAP_OT	contact_comment	string
CLARITY_EAP_OT	rvu_work_compon	decimal(12,2)
CLARITY_EAP_OT	rvu_overhd_compon	decimal(12,2)
CLARITY_EAP_OT	rvu_malprac_compon	decimal(12,2)
CLARITY_EAP_OT	rvu_total_no_mod	decimal(12,2)
CLARITY_EAP_OT	rvu_alt	decimal(12,2)
CLARITY_EAP_OT	rvu_base_units_nm	decimal(12,2)
CLARITY_EAP_OT	rvu_addl_units_nm	decimal(12,2)
CLARITY_EAP_OT	rvu_total_units_nm	decimal(12,2)
CLARITY_EAP_OT	unit_price	decimal(12,2)
CLARITY_EAP_OT	cpt_code	string
CLARITY_EAP_OT	code_type_c	int
CLARITY_EAP_OT	show_hcpcs_yn	string
CLARITY_EAP_OT	lmrp_code	string
CLARITY_EAP_OT	is_ord_spc_qus_yn	string
CLARITY_EAP_OT	end_cont_date_real	double
CLARITY_EAP_OT	cm_phy_owner_id	string
CLARITY_EAP_OT	cm_log_owner_id	string
CLARITY_EAP_OT	name_history	string
CLARITY_EAP_OT	orderable_yn	string
CLARITY_EAP_OT	performable_yn	string
CLARITY_EAP_OT	chargeable_yn	string
CLARITY_EAP_OT	historical_yn	string
CLARITY_EAP_OT	base_dosage	decimal(18,2)
CLARITY_EAP_OT	dosage_unit_c	int
CLARITY_EAP_OT	base_charge	string
CLARITY_EAP_OT	rvu_overhead_fac	decimal(18,2)
CLARITY_EAP_OT	rvu_ttl_no_mod_fac	decimal(18,2)
CLARITY_EAP_OT	rvu_per_unit	decimal(4,2)
CLARITY_EAP_OT	price_per_rvu	decimal(4,2)
CLARITY_EAP_OT	base_rvu	int
CLARITY_EAP_OT	ip_ques_ovrd_yn	string
CLARITY_EAP_OT	contact_owner_id	string
CLARITY_EAP_OT	is_taxable_charge_yn	string
CLARITY_EAP_OT	tax_class_c	int
CLARITY_EAP_OT	dl_load_dt	date
CLARITY_EAP_OT	dl_load_ts	timestamp
CLARITY_EAP_OT	self_pay_proc_yn	varchar(1)
CLARITY_EAP_OT	decision_service_yn	string
CLARITY_EAP_OT	recurring_billing_service_yn	string
CLARITY_EAP_OT	alt_fnt_charge_proc_id	decimal(18,0)
CLARITY_ECL	ecl_id	string
CLARITY_ECL	classifctn_name	string
CLARITY_ECL	ecl_record_stat_c	int
CLARITY_ECL	dl_load_dt	date
CLARITY_ECL	dl_load_ts	timestamp
CLARITY_ECL	cad_ini_menu	string
CLARITY_ECL	sec_string	string
CLARITY_ECL	entry_acc_yn	string
CLARITY_ECL	view_acc_yn	string
CLARITY_ECL	ovrbk_acc_yn	string
CLARITY_ECL	sup_ovrbk_acc_yn	string
CLARITY_ECL	ovride_acc_yn	string
CLARITY_ECL	ovrule_acc_yn	string
CLARITY_ECL	chkin_acc_yn	string
CLARITY_ECL	canc_acc_yn	string
CLARITY_ECL	chg_appt_acc_yn	string
CLARITY_ECL	templt_acc_yn	string
CLARITY_ECL	gateway_acc_yn	string
CLARITY_ECL	tmpt_excp_acc_yn	string
CLARITY_ECL	pos_cvg_acc_yn	string
CLARITY_ECL	eod_acc_yn	string
CLARITY_ECL	sys_util_acc_yn	string
CLARITY_ECL	user_func_acc_yn	string
CLARITY_ECL	forms_acc_yn	string
CLARITY_ECL	stat_rpt_acct_yn	string
CLARITY_ECL	ed_pt_rec_yn	string
CLARITY_ECL	ptrn_bld_yn	string
CLARITY_ECL	rpt_cad_yn	string
CLARITY_ECL	wings_yn	string
CLARITY_ECL	funkeys_yn	string
CLARITY_ECL	ovrd_conf_dep_yn	string
CLARITY_ECL	hold_acc_yn	string
CLARITY_ECL	ovrd_hold_yn	string
CLARITY_ECL	blk_ovr_acc_yn	string
CLARITY_ECL	ses_lim_ovr_acc_yn	string
CLARITY_ECL	view_taks_yn	string
CLARITY_ECL	edit_tasks_yn	string
CLARITY_ECL	complete_tasks_yn	string
CLARITY_ECL	schord_acc_yn	string
CLARITY_ECL	opn_pt_rec_yn	string
CLARITY_ECL	opn_staff_rec_yn	string
CLARITY_ECL	opn_prcd_rec_yn	string
CLARITY_ECL	opn_dept_rec_yn	string
CLARITY_ECL	opn_new_grp_yn	string
CLARITY_ECL	class_menus	string
CLARITY_ECL	main_mnu_c	int
CLARITY_ECL	rpt_mnu_c	int
CLARITY_ECL	frm_lst_mnu_c	int
CLARITY_ECL	stat_mnu_c	int
CLARITY_ECL	templt_mnu_c	int
CLARITY_ECL	util_mnu_c	int
CLARITY_ECL	user_sec_mnu_c	int
CLARITY_ECL	cad_mgmt_mnu_c	int
CLARITY_ECL	oth_sys_mnu_c	int
CLARITY_ECL	batch_sch_c	int
CLARITY_ECL	pos_mcs_mnu_c	int
CLARITY_ECL	opr_mnu_c	int
CLARITY_ECL	cht_trk_mnu_c	int
CLARITY_ECL	reg_mnu_c	int
CLARITY_ECL	create_pub_rpt_yn	string
CLARITY_ECL	gui_slot_acc_yn	string
CLARITY_ECL	gui_blk_acc_yn	string
CLARITY_ECL	gui_ptflg_acc_yn	string
CLARITY_ECL	gui_appt_notf_yn	string
CLARITY_ECL	schd_tmplt_mnu_c	int
CLARITY_ECL	ct_sec_string	string
CLARITY_ECL	last_user_id	string
CLARITY_ECL	ar_init_menu	string
CLARITY_ECL	sec_cls_name	string
CLARITY_ECL	cm_phy_owner_id	string
CLARITY_ECL	cm_log_owner_id	string
CLARITY_ECL	link_appt_acc_yn	string
CLARITY_ECL	interp_rep_acc_yn	string
CLARITY_ECL	which_system_c	int
CLARITY_ECL	desk_future_yn	string
CLARITY_ECL	desk_past_yn	string
CLARITY_ECL	overlap_appts_yn	string
CLARITY_ECL	overlap_cases_yn	string
CLARITY_ECL	link_appt_ord_yn	string
CLARITY_ECL	edit_appt_msgs_yn	string
CLARITY_ECL	cancel_checkin_yn	string
CLARITY_ECL	edit_eod_status_yn	string
CLARITY_ECL	cancel_sign_in_yn	string
CLARITY_ECL	ovride_rest_rec_yn	string
CLARITY_ECL	edit_apt_sts_acc_yn	string
CLARITY_ECL	edit_temp_sda_yn	string
CLARITY_ECL	cancel_tasks_yn	string
CLARITY_ECL	removeord_acc_yn	string
CLARITY_ECL	temp_bld_yn	string
CLARITY_ECL	prov_msg_edit_yn	string
CLARITY_ECL	pat_dismiss_accs_yn	string
CLARITY_ECL	ovr_pool_use_acc_yn	string
CLARITY_ECL	recall_rec_acc_c	int
CLARITY_ECL	recall_linking_yn	string
CLARITY_ECL	prereq_link_c	int
CLARITY_ECL	prereq_verify_yn	string
CLARITY_ECL	prereq_delete_yn	string
CLARITY_ECL	prereq_overrule_yn	string
CLARITY_ECL	prereq_undo_stat_yn	string
CLARITY_ECL	prereq_verify_ap_yn	string
CLARITY_ECL	subgrp_edit_acss_c	int
CLARITY_ECL	config_sec_class_id	string
CLARITY_ECL	or_report_accs_c	int
CLARITY_ECL	unblocked_access_c	int
CLARITY_ECL	use_block_restr_yn	string
CLARITY_ECL	case_track_sec_yn	string
CLARITY_ECL	case_entry_workflow	string
CLARITY_ECL	case_entry_tabs	string
CLARITY_ECL	log_entry_workflow	string
CLARITY_ECL	log_entry_tabs	string
CLARITY_ECL	log_script_pref_id	string
CLARITY_ECL	cross_depl_query_yn	string
CLARITY_EDG	dx_id	decimal(18,0)
CLARITY_EDG	dx_name	string
CLARITY_EDG	dx_status	string
CLARITY_EDG	dx_group	string
CLARITY_EDG	icd9_code	string
CLARITY_EDG	parent_dx_id	decimal(18,0)
CLARITY_EDG	ec_inactive_yn	string
CLARITY_EDG	spec_billing_yn	string
CLARITY_EDG	shown_in_myc_yn	string
CLARITY_EDG	pat_friendly_text	string
CLARITY_EDG	external_id	string
CLARITY_EDG	cm_phy_owner_id	string
CLARITY_EDG	cm_log_owner_id	string
CLARITY_EDG	dx_code_type	int
CLARITY_EDG	dx_icd9_imo_id	string
CLARITY_EDG	icd9_code_no_add	string
CLARITY_EDG	dx_other_desc	string
CLARITY_EDG	record_state_c	int
CLARITY_EDG	record_type_c	int
CLARITY_EDG	reference_code	string
CLARITY_EDG	historical_ref_code	string
CLARITY_EDG	dx_imo_id	string
CLARITY_EDG	hx_ref_code_no_add	string
CLARITY_EDG	diagnosis_code	string
CLARITY_EDG	dx_chronic_flag_yn	string
CLARITY_EDG	mcc_flg_yn	string
CLARITY_EDG	cc_flg_yn	string
CLARITY_EDG	hcc_model_cat	string
CLARITY_EDG	hcc_comm_fact	string
CLARITY_EDG	hcc_inst_fact	string
CLARITY_EDG	rxhcc_model_cat	string
CLARITY_EDG	rxhcc_rel_fact	string
CLARITY_EDG	rxhcc_dol_coeff	string
CLARITY_EDG	generic_dx_c	int
CLARITY_EDG	ref_bill_code	string
CLARITY_EDG	ref_bill_code_set_c	int
CLARITY_EDG	current_icd9_list	string
CLARITY_EDG	current_icd10_list	string
CLARITY_EDG	imo_term_id	string
CLARITY_EDG	preferred_term_id	decimal(18,0)
CLARITY_EDG	pat_friendly_id	decimal(18,0)
CLARITY_EDG	dx_group_id	string
CLARITY_EDG	pref_gen_term_id	decimal(18,0)
CLARITY_EDG	instant_of_update_dttm	timestamp
CLARITY_EDG	cur_mpd_icdo3_delim	string
CLARITY_EDG	dx_risk_degree_c	int
CLARITY_EDG	dx_risk_chronic_c	int
CLARITY_EDG	dx_risk_type_c	int
CLARITY_EDG	cur_mpd_icpc_delim	string
CLARITY_EDG	cur_mpd_thl_display	string
CLARITY_EDG	dx_laterality_c	int
CLARITY_EDG	fully_specified_code_yn	string
CLARITY_EDG	dl_load_dt	date
CLARITY_EDG	dl_load_ts	timestamp
CLARITY_EDG	is_stageable_cancer_yn	string
CLARITY_EDG	primary_dx_allowed_c	int
CLARITY_EDG	hl_term_id	string
CLARITY_EEP	employer_id	string
CLARITY_EEP	employer_name	string
CLARITY_EEP	address1	string
CLARITY_EEP	address2	string
CLARITY_EEP	city	string
CLARITY_EEP	state_c	string
CLARITY_EEP	zip	string
CLARITY_EEP	phone	string
CLARITY_EEP	fax	string
CLARITY_EEP	contact	string
CLARITY_EEP	contract_id	decimal(18,0)
CLARITY_EEP	acct_mgr_user_id	string
CLARITY_EEP	is_verified	string
CLARITY_EEP	status	string
CLARITY_EEP	sic_code	string
CLARITY_EEP	primary_loc_id	decimal(18,0)
CLARITY_EEP	num_employees	int
CLARITY_EEP	cm_phy_owner_id	string
CLARITY_EEP	cm_log_owner_id	string
CLARITY_EEP	county_c	string
CLARITY_EEP	country_c	string
CLARITY_EEP	house_num	string
CLARITY_EEP	district_c	int
CLARITY_EEP	employer_ein	string
CLARITY_EEP	dl_load_dt	date
CLARITY_EEP	dl_load_ts	timestamp
CLARITY_EEP	review_date	timestamp
CLARITY_EMP	user_id	string
CLARITY_EMP	name	string
CLARITY_EMP	prov_id	string
CLARITY_EMP	epic_emp_id	string
CLARITY_EMP	mc_department_id	decimal(18,0)
CLARITY_EMP	cr_user_name	string
CLARITY_EMP	pb_def_cls_nm	string
CLARITY_EMP	conf_sec_cls_nm	string
CLARITY_EMP	dflt_sec_class_c	string
CLARITY_EMP	epr_sec_class_c	string
CLARITY_EMP	mr_class_c	string
CLARITY_EMP	user_config_id	string
CLARITY_EMP	mc_def_sec_level_c	string
CLARITY_EMP	rfl_def_cls_c	string
CLARITY_EMP	ib_sec_class_id	string
CLARITY_EMP	shared_sec_cl_id	string
CLARITY_EMP	cust_svc_def_cls	string
CLARITY_EMP	del_status_c	int
CLARITY_EMP	user_name_ext	string
CLARITY_EMP	user_status_c	int
CLARITY_EMP	address	string
CLARITY_EMP	city	string
CLARITY_EMP	state_province	string
CLARITY_EMP	zip_code	string
CLARITY_EMP	phone	string
CLARITY_EMP	last_pw_update	timestamp
CLARITY_EMP	sql_ecl_id	string
CLARITY_EMP	es_auth_allsa_yn	string
CLARITY_EMP	cad0_oth_dep_c	int
CLARITY_EMP	cad0_department_id	decimal(18,0)
CLARITY_EMP	cad1_oth_dep_c	int
CLARITY_EMP	cad1_department_id	decimal(18,0)
CLARITY_EMP	es_dsktp_acss_yn	string
CLARITY_EMP	es_rpt_sec_pnt_c	int
CLARITY_EMP	ct_dflt_cls_c	string
CLARITY_EMP	ct_dsktp_acss_yn	string
CLARITY_EMP	ar_dflt_faclty_c	int
CLARITY_EMP	ar_df_serv_area_id	decimal(18,0)
CLARITY_EMP	ar_dflt_loc_id	decimal(18,0)
CLARITY_EMP	ar_department_id	decimal(18,0)
CLARITY_EMP	dflt_ecl_id	string
CLARITY_EMP	mr_restr_accs_yn	string
CLARITY_EMP	enbl_rslt_rev_yn	string
CLARITY_EMP	prf_lst_px_c	int
CLARITY_EMP	prf_lst_comdx_c	int
CLARITY_EMP	prf_lst_meds_c	int
CLARITY_EMP	prf_lst_rfv_c	int
CLARITY_EMP	mpi_sec_cls_c	string
CLARITY_EMP	mail_system_c	int
CLARITY_EMP	lgin_department_id	decimal(18,0)
CLARITY_EMP	el_accs_c	int
CLARITY_EMP	ew_user_cls_c	string
CLARITY_EMP	cr_dflt_ecl_id	string
CLARITY_EMP	apclm_def_ecl_id	string
CLARITY_EMP	case_def_ecl_id	string
CLARITY_EMP	ap_def_ecl_id	string
CLARITY_EMP	caprr_def_ecl_id	string
CLARITY_EMP	cappay_def_ecl_id	string
CLARITY_EMP	last_accs_datetime	timestamp
CLARITY_EMP	dflt_loc_yn	string
CLARITY_EMP	restr_accs_rev_yn	string
CLARITY_EMP	last_user_id	string
CLARITY_EMP	milliman_usa_uname	string
CLARITY_EMP	mr_logon_dept_id	decimal(18,0)
CLARITY_EMP	cad_prv_oth_dpt_yn	string
CLARITY_EMP	cad_gui_bkdrop_yn	string
CLARITY_EMP	cad_gui_frm_sze_c	int
CLARITY_EMP	is_dflt_dept_yn	string
CLARITY_EMP	display_err_rpt_c	string
CLARITY_EMP	is_collector_yn	string
CLARITY_EMP	user_alias	string
CLARITY_EMP	cm_phy_owner_id	string
CLARITY_EMP	cm_log_owner_id	string
CLARITY_EMP	system_login	string
CLARITY_EMP	rpt_grp_one	string
CLARITY_EMP	rpt_grp_two	string
CLARITY_EMP	rpt_grp_three	string
CLARITY_EMP	lab_default_ecl_id	string
CLARITY_EMP	lab_workbench_yn	string
CLARITY_EMP	supervisor_yn	string
CLARITY_EMP	license_usrtype_c	int
CLARITY_EMP	ew_accs_c	int
CLARITY_EMP	el_accs_pp_grp_yn	string
CLARITY_EMP	el_notfy_email_yn	string
CLARITY_EMP	el_days_btn_email	int
CLARITY_EMP	el_last_email_dt	timestamp
CLARITY_EMP	el_grp_notify_yn	string
CLARITY_EMP	el_usr_affect_yn	string
CLARITY_EMP	el_trms_acpt_inst	timestamp
CLARITY_EMP	el_accs_prog_pnt	string
CLARITY_EMP	web_ext_identifier	string
CLARITY_EMP	me_portal_def_id	string
CLARITY_EMP	st_paste_c	int
CLARITY_EMP	me_admin_flag_yn	string
CLARITY_EMP	me_access_c	int
CLARITY_EMP	force_pwd_change_yn	string
CLARITY_EMP	or_system_class_id	string
CLARITY_EMP	rx_sec_class_id	string
CLARITY_EMP	or_def_loc_secur_id	string
CLARITY_EMP	inp_emr_sec_cls_id	string
CLARITY_EMP	dflt_acct_wq_id	decimal(18,0)
CLARITY_EMP	sp_fac_yn	string
CLARITY_EMP	sp_aff_yn	string
CLARITY_EMP	sp_out_yn	string
CLARITY_EMP	hb_dflt_lgn_dep_id	decimal(18,0)
CLARITY_EMP	cdt_dflt_ecl_id	string
CLARITY_EMP	roi_dflt_ecl_id	string
CLARITY_EMP	ntcm_dflt_ecl_id	string
CLARITY_EMP	hh_dflt_ecl_id	string
CLARITY_EMP	er_dflt_ecl_id	string
CLARITY_EMP	lab_dflt_tst_ecl_id	string
CLARITY_EMP	pear_dflt_ecl_id	string
CLARITY_EMP	ob_dflt_ecl_id	string
CLARITY_EMP	chsync_dflt_ecl_id	string
CLARITY_EMP	cda_dflt_ecl_id	string
CLARITY_EMP	ctm_dflt_ecl_id	string
CLARITY_EMP	ce_dflt_ecl_id	string
CLARITY_EMP	hndhld_dflt_ecl_id	string
CLARITY_EMP	prm_bil_dflt_ecl_id	string
CLARITY_EMP	conf_dflt_ecl_id	string
CLARITY_EMP	mr_init_prac_c	string
CLARITY_EMP	adt_dflt_ecl_id	string
CLARITY_EMP	edi_dflt_ecl_id	string
CLARITY_EMP	hb_dflt_ecl_id	string
CLARITY_EMP	ris_dflt_ecl_id	string
CLARITY_EMP	card_dflt_ecl_id	string
CLARITY_EMP	emfi_dflt_ecl_id	string
CLARITY_EMP	dc_dflt_ecl_id	string
CLARITY_EMP	login_blocked_c	int
CLARITY_EMP	emp_record_type_c	int
CLARITY_EMP	lnk_sec_templt_id	string
CLARITY_EMP	lab_bil_dflt_ecl_id	string
CLARITY_EMP	login_blocked_c_cmt	string
CLARITY_EMP	ppl_type_c	int
CLARITY_EMP	cm_dflt_spt_user_id	string
CLARITY_EMP	cm_dflt_spt_pool_id	decimal(18,0)
CLARITY_EMP	cm_dflt_spt_freetxt	string
CLARITY_EMP	mr_admin_view_only	int
CLARITY_EMP	sys_overv_yn	string
CLARITY_EMP	focus_dept_field_yn	string
CLARITY_EMP	dflt_sched_view_c	int
CLARITY_EMP	or_def_case_loc_id	decimal(18,0)
CLARITY_EMP	or_def_case_svc_c	string
CLARITY_EMP	or_def_case_srgn_id	string
CLARITY_EMP	usr_log_or_scrpt_id	string
CLARITY_EMP	rfl_rep_secpt_c	int
CLARITY_EMP	lab_last_drawtype_c	int
CLARITY_EMP	show_unrel_res_yn	string
CLARITY_EMP	show_err_rpt_c	int
CLARITY_EMP	ptsrch_def_fac_yn	string
CLARITY_EMP	is_sup_prov_req_c	int
CLARITY_EMP	fac_filter_type_c	int
CLARITY_EMP	lab_rescreen_factor	decimal(6,2)
CLARITY_EMP	ignore_light_m_yn	string
CLARITY_EMP	him_rep_sec_pt_c	int
CLARITY_EMP	him_admin_access_yn	string
CLARITY_EMP	pref_list_set_orx_c	int
CLARITY_EMP	dflt_prob_pri_c	int
CLARITY_EMP	prob_pri_off_pref_c	int
CLARITY_EMP	prob_pri_on_pref_c	int
CLARITY_EMP	prob_lst_pref_l_id	decimal(18,0)
CLARITY_EMP	usr_sort_prob_yn	string
CLARITY_EMP	last_patient_list	string
CLARITY_EMP	ip_unique_id	string
CLARITY_EMP	ipemr_def_restr_yn	string
CLARITY_EMP	ip_def_res_acc_yn	string
CLARITY_EMP	ip_patlst_deflst_id	string
CLARITY_EMP	ptsrch_show_lst_yn	string
CLARITY_EMP	dsb_frm_sec_id	string
CLARITY_EMP	eff_from_date	timestamp
CLARITY_EMP	eff_to_date	timestamp
CLARITY_EMP	deactivate_days	int
CLARITY_EMP	cad_oth_dep_ecl_id	string
CLARITY_EMP	dl_load_dt	date
CLARITY_EMP	dl_load_ts	timestamp
CLARITY_EMP_2	user_id	string
CLARITY_EMP_2	cm_phy_owner_id	string
CLARITY_EMP_2	cm_log_owner_id	string
CLARITY_EMP_2	btlr_config_c	int
CLARITY_EMP_2	btlr_sorting_c	int
CLARITY_EMP_2	ovr_dsb_from_rol_yn	string
CLARITY_EMP_2	ew_pat_sel_pref_c	int
CLARITY_EMP_2	web_pt_header_def	string
CLARITY_EMP_2	dflt_main_menu	string
CLARITY_EMP_2	dflt_home_menu	string
CLARITY_EMP_2	dflt_home_submenu	string
CLARITY_EMP_2	web_inpat_disp_c_id	string
CLARITY_EMP_2	encounter_term_c	int
CLARITY_EMP_2	dflt_enc_tab_c	int
CLARITY_EMP_2	evt_mon_pat_prof_id	decimal(18,0)
CLARITY_EMP_2	evt_mon_newpat_yn	string
CLARITY_EMP_2	ed_work_log_yn	string
CLARITY_EMP_2	interconnect_adm_yn	string
CLARITY_EMP_2	last_login_dept_id	decimal(18,0)
CLARITY_EMP_2	bca_sec_cl_id	string
CLARITY_EMP_2	outreach_submit_id	decimal(18,0)
CLARITY_EMP_2	outr_skip_msg_yn	string
CLARITY_EMP_2	prov_at_login_opt_c	int
CLARITY_EMP_2	user_dict_path	string
CLARITY_EMP_2	dflt_sup_prov_id	string
CLARITY_EMP_2	dflt_sup_prov_c	string
CLARITY_EMP_2	dflt_sup_prov_dt	timestamp
CLARITY_EMP_2	let_tmplt_dflt_tab	int
CLARITY_EMP_2	pref_list_set_dx_c	int
CLARITY_EMP_2	has_user_prf_lis_yn	string
CLARITY_EMP_2	mc_clm_auth_limit	decimal(18,2)
CLARITY_EMP_2	mc_init_facility_c	int
CLARITY_EMP_2	login_msg_inst_dttm	timestamp
CLARITY_EMP_2	boe_user_name	string
CLARITY_EMP_2	mc_claim_adj_limit	decimal(18,2)
CLARITY_EMP_2	def_dashboard_id	decimal(18,0)
CLARITY_EMP_2	def_db_usr_ovr_id	decimal(18,0)
CLARITY_EMP_2	create_contract_yn	string
CLARITY_EMP_2	acss_glc_config_id	decimal(18,0)
CLARITY_EMP_2	acss_glc_yl	decimal(18,2)
CLARITY_EMP_2	acss_glc_rl	decimal(18,2)
CLARITY_EMP_2	hku_sec_class_id	string
CLARITY_EMP_2	unv_lab_num_days	int
CLARITY_EMP_2	max_slides_per_day	int
CLARITY_EMP_2	last_desktop_query	string
CLARITY_EMP_2	event_pool_yn	string
CLARITY_EMP_2	flt_prov_id	string
CLARITY_EMP_2	flt_prv_rel_rslt_yn	string
CLARITY_EMP_2	approval_cat_c	int
CLARITY_EMP_2	prim_manager_id	string
CLARITY_EMP_2	use_calc_manager_yn	string
CLARITY_EMP_2	authen_config_id	decimal(18,0)
CLARITY_EMP_2	mc_rfnd_wrtoff_lmt	decimal(18,2)
CLARITY_EMP_2	cto_sec_class_id	string
CLARITY_EMP_2	rv_sec_class_id	string
CLARITY_EMP_2	templt_owner_prim_c	int
CLARITY_EMP_2	templt_dsply_title	string
CLARITY_EMP_2	dflt_lnk_templt_id	string
CLARITY_EMP_2	mr_admin_view_only_c	int
CLARITY_EMP_2	prompt_login_rsn_yn	string
CLARITY_EMP_2	direct_address_prim	string
CLARITY_EMP_2	login_blocked_inst_dttm	timestamp
CLARITY_EMP_2	prnt_sec_cl_id	string
CLARITY_EMP_2	beacon_sec_pt_id	string
CLARITY_EMP_2	therapy_sec_pt_id	string
CLARITY_EMP_2	rw_class_id	string
CLARITY_EMP_2	mc_def_sec_level_id	string
CLARITY_EMP_2	ew_user_class_id	string
CLARITY_EMP_2	mpi_sec_cls_ecl_id	string
CLARITY_EMP_2	ct_def_cls_id	string
CLARITY_EMP_2	mr_dflt_sec_cls_id	string
CLARITY_EMP_2	admin_sec_cl_id	string
CLARITY_EMP_2	disable_sub_inact_yn	string
CLARITY_EMP_2	mu_cpoe_user_yn	string
CLARITY_EMP_2	mc_rfnd_overpay_lmt	decimal(18,2)
CLARITY_EMP_2	photo_file_path	string
CLARITY_EMP_2	emp_override_pt_c	string
CLARITY_EMP_2	notes_lst_rev_dt	timestamp
CLARITY_EMP_2	pn_last_login_date	timestamp
CLARITY_EMP_2	pn_user_enabled_yn	string
CLARITY_EMP_2	pn_show_new_only_yn	string
CLARITY_EMP_2	ldap_pw_prompt_date	timestamp
CLARITY_EMP_2	ldap_pw_needed_yn	string
CLARITY_EMP_2	rfl_dflt_ecl_id	string
CLARITY_EMP_2	analytics_ecl_id	string
CLARITY_EMP_2	authenticator_id	decimal(18,0)
CLARITY_EMP_2	enrollment_status_yn	string
CLARITY_EMP_2	all_reg_access_yn	string
CLARITY_EMP_2	bmt_sec_class_id	string
CLARITY_EMP_2	campaign_ecl_id	string
CLARITY_EMP_2	cti_sec_class_id	string
CLARITY_EMP_2	genetics_sec_class_id	string
CLARITY_EMP_2	pn_inapp_sounds_yn	string
CLARITY_EMP_2	pn_inapp_vibrate_yn	string
CLARITY_EMP_2	occ_health_sec_id	string
CLARITY_EMP_2	max_slides_per_hour_num	decimal(18,2)
CLARITY_EMP_2	twofa_email_address	string
CLARITY_EMP_2	twofa_phone	string
CLARITY_EMP_2	neph_sec_class_id	string
CLARITY_EMP_2	comm_acss_only_yn	string
CLARITY_EMP_2	dl_load_dt	date
CLARITY_EMP_2	dl_load_ts	timestamp
CLARITY_EPM	payor_id	decimal(18,0)
CLARITY_EPM	payor_name	string
CLARITY_EPM	financial_class	string
CLARITY_EPM	product_type	string
CLARITY_EPM	gl_prefix	string
CLARITY_EPM	rpt_grp_one	string
CLARITY_EPM	rpt_grp_two	string
CLARITY_EPM	rpt_grp_three	string
CLARITY_EPM	rpt_grp_four	string
CLARITY_EPM	rpt_grp_five	string
CLARITY_EPM	rpt_grp_six	string
CLARITY_EPM	rpt_grp_seven	string
CLARITY_EPM	rpt_grp_eight	string
CLARITY_EPM	rpt_grp_nine	string
CLARITY_EPM	rpt_grp_ten	string
CLARITY_EPM	repriced_hcfa_frm	string
CLARITY_EPM	repriced_ub_frm	string
CLARITY_EPM	ben_bkt_opt_c	int
CLARITY_EPM	epm_alt_idfr	string
CLARITY_EPM	dflt_drg_type_id	decimal(18,0)
CLARITY_EPM	ll_pmt_post_yn	string
CLARITY_EPM	addr_line_1	string
CLARITY_EPM	addr_line_2	string
CLARITY_EPM	city	string
CLARITY_EPM	state_c	string
CLARITY_EPM	county_c	string
CLARITY_EPM	zip_code	string
CLARITY_EPM	phone	string
CLARITY_EPM	short_name	string
CLARITY_EPM	cm_phy_owner_id	string
CLARITY_EPM	cm_log_owner_id	string
CLARITY_EPM	fax	string
CLARITY_EPM	msp_type_c	int
CLARITY_EPM	record_stat_epm_c	int
CLARITY_EPM	country_c	string
CLARITY_EPM	house_number	string
CLARITY_EPM	district_c	int
CLARITY_EPM	managed_payor_yn	string
CLARITY_EPM	show_asa_code_yn	string
CLARITY_EPM	anes_un_min_yn	string
CLARITY_EPM	anes_p_mods_yn	string
CLARITY_EPM	ok_resub_zero_yn	string
CLARITY_EPM	ok_submt_zero_in_yn	string
CLARITY_EPM	paid_demand_clm_yn	string
CLARITY_EPM	clm_gp_pter_id	decimal(18,0)
CLARITY_EPM	resub_zero_cmg_id	string
CLARITY_EPM	submit_zero_ins_id	string
CLARITY_EPM	dmd_zero_cmg_id	string
CLARITY_EPM	days_to_refile	int
CLARITY_EPM	paper_crd_yn	string
CLARITY_EPM	elct_crd_yn	string
CLARITY_EPM	cms_split_comp_id	string
CLARITY_EPM	prnt_taxo_yn	string
CLARITY_EPM	alt_clm_city	string
CLARITY_EPM	alt_clm_state_c	string
CLARITY_EPM	alt_clm_zip	string
CLARITY_EPM	alt_clm_phone	string
CLARITY_EPM	prod_prt_b_clm_yn	string
CLARITY_EPM	supp_pmt_payor_id	decimal(18,0)
CLARITY_EPM	supp_pmt_plan_id	decimal(18,0)
CLARITY_EPM	max_svc_lines_hcfa	decimal(18,0)
CLARITY_EPM	adj_grpr_sec_clm_c	int
CLARITY_EPM	adjustment_code	string
CLARITY_EPM	use_cl_status_yn	string
CLARITY_EPM	outgoing_profile_id	decimal(18,0)
CLARITY_EPM	payor_int_ext_c	string
CLARITY_EPM	super_payor_yn	string
CLARITY_EPM	copy_ime_lines_yn	string
CLARITY_EPM	pyr_id_for_fac	string
CLARITY_EPM	claim_mail_code_c	int
CLARITY_EPM	plan_name_opt_yn	string
CLARITY_EPM	claim_max_file_days	decimal(18,0)
CLARITY_EPM	save_full_gp_res_yn	string
CLARITY_EPM	apc_grp_disp_pp_id	decimal(18,0)
CLARITY_EPM	ohci_identifier_c	string
CLARITY_EPM	hb_eob_drv_pp_yn	string
CLARITY_EPM	hb_refund_db_adj_id	decimal(18,0)
CLARITY_EPM	hb_apc_grpr_sys_c	string
CLARITY_EPM	hb_def_xr_src_c	string
CLARITY_EPM	rap_pmt_prcnt_id	decimal(18,0)
CLARITY_EPM	hb_recur_def_ctyp_c	int
CLARITY_EPM	hb_recur_def_days	string
CLARITY_EPM	interim_billing_yn	string
CLARITY_EPM	interim_bill_cycle	decimal(18,0)
CLARITY_EPM	cmlt_billed_yn	string
CLARITY_EPM	comb_bkts_if_scn_yn	string
CLARITY_EPM	admsn_bill_yn	string
CLARITY_EPM	interf_cvgcreate_id	decimal(18,0)
CLARITY_EPM	prevent_dup_cvg_c	int
CLARITY_EPM	bin_num	string
CLARITY_EPM	payor_sheet_pp_id	decimal(18,0)
CLARITY_EPM	use_accel_sp_yn	string
CLARITY_EPM	sup_part_fills_yn	string
CLARITY_EPM	processor_cntrl_num	string
CLARITY_EPM	bdrg_typ_ref_dt_c	int
CLARITY_EPM	software_vendor_id	string
CLARITY_EPM	non_primary_bin_num	string
CLARITY_EPM	non_primary_pcn	string
CLARITY_EPM	infoscan_tier	decimal(18,0)
CLARITY_EPM	surcharge_group_c	int
CLARITY_EPM	dl_load_dt	date
CLARITY_EPM	dl_load_ts	timestamp
CLARITY_EPP	benefit_plan_id	decimal(18,0)
CLARITY_EPP	benefit_plan_name	string
CLARITY_EPP	product_type	string
CLARITY_EPP	rpt_grp_one	string
CLARITY_EPP	rpt_grp_two	string
CLARITY_EPP	rpt_grp_three	string
CLARITY_EPP	rpt_grp_four	string
CLARITY_EPP	rpt_grp_five	string
CLARITY_EPP	rpt_grp_six	string
CLARITY_EPP	rpt_grp_seven	string
CLARITY_EPP	rpt_grp_eight	string
CLARITY_EPP	rpt_grp_nine	string
CLARITY_EPP	rpt_grp_ten	string
CLARITY_EPP	ben_bkt_opt_c	int
CLARITY_EPP	in_out_net_d_c	int
CLARITY_EPP	pb_gl_seg	string
CLARITY_EPP	ap_clm_gl_seg	string
CLARITY_EPP	cap_ap_gl_seg	string
CLARITY_EPP	cap_rr_gl_seg	string
CLARITY_EPP	lifemax_limit_in	decimal(12,2)
CLARITY_EPP	lifemax_limit_out	decimal(12,2)
CLARITY_EPP	lifemax_limit_all	decimal(12,2)
CLARITY_EPP	lifemax_dollar_in	decimal(12,2)
CLARITY_EPP	lifemax_dollar_out	decimal(12,2)
CLARITY_EPP	lifemax_dollar_all	decimal(12,2)
CLARITY_EPP	lifemax_per_in	decimal(12,2)
CLARITY_EPP	lifemax_per_out	decimal(12,2)
CLARITY_EPP	lifemax_per_all	decimal(12,2)
CLARITY_EPP	plan_type_c	int
CLARITY_EPP	cvg_type_c	int
CLARITY_EPP	plan_bill_type_c	int
CLARITY_EPP	is_ded_to_moop_c	int
CLARITY_EPP	all_enc_to_moop_c	int
CLARITY_EPP	carryover_class_c	int
CLARITY_EPP	pb_savings_prcntg	decimal(7,2)
CLARITY_EPP	ppo_address	string
CLARITY_EPP	ppo_city	string
CLARITY_EPP	ppo_state_c	string
CLARITY_EPP	ppo_zip_code	string
CLARITY_EPP	ppo_phone_number	string
CLARITY_EPP	payor_id	decimal(18,0)
CLARITY_EPP	bp_addr_line1	string
CLARITY_EPP	bp_addr_line2	string
CLARITY_EPP	bp_city	string
CLARITY_EPP	bp_state_c	string
CLARITY_EPP	bp_zip	string
CLARITY_EPP	bp_phone	string
CLARITY_EPP	short_name	string
CLARITY_EPP	cm_phy_owner_id	string
CLARITY_EPP	cm_log_owner_id	string
CLARITY_EPP	record_stat_epp_c	int
CLARITY_EPP	is_gen_eob_yn	string
CLARITY_EPP	bp_fax	string
CLARITY_EPP	msp_type_c	int
CLARITY_EPP	alt_clm_city	string
CLARITY_EPP	alt_clm_state_c	string
CLARITY_EPP	alt_clm_zip_code	string
CLARITY_EPP	override_payor_yn	decimal(18,0)
CLARITY_EPP	bp_county_c	string
CLARITY_EPP	bp_country_c	string
CLARITY_EPP	bp_house_number	string
CLARITY_EPP	bp_district_c	int
CLARITY_EPP	carrier_id	string
CLARITY_EPP	allow_pcp_editin_yn	string
CLARITY_EPP	default_copay	decimal(18,2)
CLARITY_EPP	alt_id_rc_by_pln	string
CLARITY_EPP	epp_plan_generic_yn	string
CLARITY_EPP	plan_name_opt_yn	string
CLARITY_EPP	claim_mail_code_c	int
CLARITY_EPP	plan_code_on_paper	string
CLARITY_EPP	plan_code_on_elec	string
CLARITY_EPP	payor_org_id	string
CLARITY_EPP	medigap_num	string
CLARITY_EPP	medigap_plan_yn	string
CLARITY_EPP	xover_app_c	string
CLARITY_EPP	save_full_gp_res_yn	string
CLARITY_EPP	apc_grp_disp_pp_id	decimal(18,0)
CLARITY_EPP	anes_pricing_id	decimal(18,0)
CLARITY_EPP	show_asa_code_yn	string
CLARITY_EPP	anes_un_min_yn	string
CLARITY_EPP	anes_p_mods_yn	string
CLARITY_EPP	voids_dmd_rprt_yn	string
CLARITY_EPP	paper_claim_yn	string
CLARITY_EPP	clm_fin_cl_c	string
CLARITY_EPP	alt_clm_phone	string
CLARITY_EPP	excld_pb_fo_yn	string
CLARITY_EPP	claim_def_plan_id	decimal(18,0)
CLARITY_EPP	ok_resub_zero_yn	string
CLARITY_EPP	ok_submt_zero_in_yn	string
CLARITY_EPP	paid_demand_clm_yn	string
CLARITY_EPP	clm_grp_pter_id	decimal(18,0)
CLARITY_EPP	resub_zero_cmg_id	string
CLARITY_EPP	submit_zero_ins_id	string
CLARITY_EPP	dmd_zero_cmg_id	string
CLARITY_EPP	paper_crd_yn	string
CLARITY_EPP	elct_crd_yn	string
CLARITY_EPP	prnt_taxo_yn	string
CLARITY_EPP	prod_prt_b_clm_yn	string
CLARITY_EPP	supp_pmt_payor_id	decimal(18,0)
CLARITY_EPP	supp_pmt_plan_id	decimal(18,0)
CLARITY_EPP	max_svc_lines_cms	decimal(18,0)
CLARITY_EPP	adj_grpr_sec_clm_c	int
CLARITY_EPP	adjustment_code	string
CLARITY_EPP	default_chg_tbl_id	string
CLARITY_EPP	chg_tbl_lpp_id	decimal(18,0)
CLARITY_EPP	adjud_charge_via_c	int
CLARITY_EPP	covered_percentage	decimal(18,10)
CLARITY_EPP	adjud_pp_id	decimal(18,0)
CLARITY_EPP	copy_ime_lines_yn	string
CLARITY_EPP	use_in_shared_cv_yn	string
CLARITY_EPP	admsn_bill_yn	string
CLARITY_EPP	interf_cvgcreate_id	decimal(18,0)
CLARITY_EPP	prevent_dup_cvg_c	int
CLARITY_EPP	dl_load_dt	date
CLARITY_EPP	dl_load_ts	timestamp
CLARITY_EPP_2	benefit_plan_id	decimal(18,0)
CLARITY_EPP_2	cm_phy_owner_id	string
CLARITY_EPP_2	cm_log_owner_id	string
CLARITY_EPP_2	use_accel_sp_yn	string
CLARITY_EPP_2	dflt_drg_type_id	decimal(18,0)
CLARITY_EPP_2	bdrg_typ_ref_dt_c	int
CLARITY_EPP_2	mixture_disp_fee	decimal(18,3)
CLARITY_EPP_2	rpt_grp_eleven_c	string
CLARITY_EPP_2	rpt_grp_twelve_c	string
CLARITY_EPP_2	rpt_grp_thirteen_c	string
CLARITY_EPP_2	rpt_grp_fourteen_c	string
CLARITY_EPP_2	rpt_grp_fifteen_c	string
CLARITY_EPP_2	rpt_grp_sixteen_c	string
CLARITY_EPP_2	rpt_grp_seventeen_c	string
CLARITY_EPP_2	rpt_grp_eighteen_c	string
CLARITY_EPP_2	rpt_grp_nineteen_c	string
CLARITY_EPP_2	rpt_grp_twenty_c	string
CLARITY_EPP_2	bin_num	string
CLARITY_EPP_2	non_primary_bin_num	string
CLARITY_EPP_2	processor_cntrl_num	string
CLARITY_EPP_2	non_primary_pcn	string
CLARITY_EPP_2	payor_sheet_pp_id	decimal(18,0)
CLARITY_EPP_2	sup_part_fills_yn	string
CLARITY_EPP_2	alt_proccd_by_plan	string
CLARITY_EPP_2	prod_type_c	string
CLARITY_EPP_2	rpt_grp_twentyone	string
CLARITY_EPP_2	rpt_grp_twentytwo	string
CLARITY_EPP_2	rpt_grp_twentythree	string
CLARITY_EPP_2	rpt_grp_twentyfour	string
CLARITY_EPP_2	rpt_grp_twentyfive	string
CLARITY_EPP_2	rpt_grp_twentysix_c	string
CLARITY_EPP_2	rpt_grp_twntysvn_c	string
CLARITY_EPP_2	rpt_grp_twntyeght_c	string
CLARITY_EPP_2	rpt_grp_twntynine_c	string
CLARITY_EPP_2	rpt_grp_thirty_c	string
CLARITY_EPP_2	rpt_grp_thrtyone_c	string
CLARITY_EPP_2	rpt_grp_thrtytwo_c	string
CLARITY_EPP_2	rpt_grp_thrtythre_c	string
CLARITY_EPP_2	rpt_grp_thrtyfour_c	string
CLARITY_EPP_2	rpt_grp_thrtyfive_c	string
CLARITY_EPP_2	rpt_grp_thrtysix_c	string
CLARITY_EPP_2	rpt_grp_thrtysvn_c	string
CLARITY_EPP_2	rpt_grp_thrtyeght_c	string
CLARITY_EPP_2	rpt_grp_thrtynine_c	string
CLARITY_EPP_2	rpt_grp_forty_c	string
CLARITY_EPP_2	inc_bad_debt_yn	string
CLARITY_EPP_2	cap_rr_tolerance	decimal(18,2)
CLARITY_EPP_2	mc_cvg_class_c	string
CLARITY_EPP_2	tier_ben_plan_yn	string
CLARITY_EPP_2	plan_desc_url	string
CLARITY_EPP_2	pre_auth_phone_num	string
CLARITY_EPP_2	claim_max_file_days	int
CLARITY_EPP_2	pmt_typology_c	int
CLARITY_EPP_2	chk_xoverremit_yn	string
CLARITY_EPP_2	case_ins_wo_code_id	decimal(18,0)
CLARITY_EPP_2	case_db_adj_code_id	decimal(18,0)
CLARITY_EPP_2	allow_pcp_adding_c	int
CLARITY_EPP_2	cmpr_mem_id_5010_yn	string
CLARITY_EPP_2	allow_pcp_editing_c	int
CLARITY_EPP_2	surcharge_group_c	int
CLARITY_EPP_2	plan_appeal_window	int
CLARITY_EPP_2	allow_rx_def_yn	string
CLARITY_EPP_2	sec_plan_window	int
CLARITY_EPP_2	uds_type_c	int
CLARITY_EPP_2	alt_clm_country_c	string
CLARITY_EPP_2	alt_id	string
CLARITY_EPP_2	use_elct_verif_yn	string
CLARITY_EPP_2	contract_num	string
CLARITY_EPP_2	pbp_num	string
CLARITY_EPP_2	part_d_rx_grp	string
CLARITY_EPP_2	plan_origin_code_c	int
CLARITY_EPP_2	always_wo_pyr_yn	string
CLARITY_EPP_2	uds_cvg_class_c	int
CLARITY_EPP_2	rx_snd_zero_claim_yn	string
CLARITY_EPP_2	pat_friendly_plan_name	string
CLARITY_EPP_2	ryn_wht_med_insurance_c	int
CLARITY_EPP_2	pays_sia_yn	string
CLARITY_EPP_2	rx_pa_organization_id	decimal(18,0)
CLARITY_EPP_2	rfls_are_um_yn	string
CLARITY_EPP_2	software_vendor_id	string
CLARITY_EPP_2	rider_type_c	int
CLARITY_EPP_2	part_d_creditable_yn	string
CLARITY_EPP_2	dl_load_dt	date
CLARITY_EPP_2	dl_load_ts	timestamp
CLARITY_EPP_2	contract_id	decimal(18,0)
CLARITY_EPP_2	eff_from_date	timestamp
CLARITY_EPP_2	eff_to_date	timestamp
CLARITY_FC	financial_class	string
CLARITY_FC	financial_class_name	string
CLARITY_FC	fin_class_title	string
CLARITY_FC	financial_class_abbr	string
CLARITY_FC	internal_id	string
CLARITY_FC	dl_load_dt	date
CLARITY_FC	dl_load_ts	timestamp
CLARITY_HIP	registry_id	decimal(18,0)
CLARITY_HIP	registry_name	string
CLARITY_HIP	regstry_status_c	int
CLARITY_HIP	logical_owner	string
CLARITY_HIP	physical_owner	string
CLARITY_HIP	registry_desc	string
CLARITY_HIP	recip_masterfile	string
CLARITY_HIP	selection_ini	string
CLARITY_HIP	cat_select_item	string
CLARITY_HIP	search_item	string
CLARITY_HIP	master_list	string
CLARITY_HIP	get_id_lpp_id	decimal(18,0)
CLARITY_HIP	rx_refil_pool_yn	string
CLARITY_HIP	default_as_pool_yn	string
CLARITY_HIP	mail_system_c	int
CLARITY_HIP	external_account	string
CLARITY_HIP	send_system_id	decimal(18,0)
CLARITY_HIP	class_item	string
CLARITY_HIP	active_registry_c	int
CLARITY_HIP	xtrn_mail_strct_id	decimal(18,0)
CLARITY_HIP	use_xtrn_item	string
CLARITY_HIP	send_system_item	string
CLARITY_HIP	xtrn_address_item	string
CLARITY_HIP	account_name_item	string
CLARITY_HIP	pager_id_item	string
CLARITY_HIP	system_item	string
CLARITY_HIP	alphanumeric_item	string
CLARITY_HIP	msg_types_item	string
CLARITY_HIP	chart_station	string
CLARITY_HIP	inst_noadd_edit	timestamp
CLARITY_HIP	noadd_items_edited	string
CLARITY_HIP	cm_log_owner_id	string
CLARITY_HIP	cm_phy_owner_id	string
CLARITY_HIP	lmt_recv_types_yn	string
CLARITY_HIP	use_config_yn	string
CLARITY_HIP	prim_pool_mngr_id	string
CLARITY_HIP	use_calc_pool_mn_yn	string
CLARITY_HIP	limit_msg_type_cal_yn	string
CLARITY_HIP	reason_no_msg_c	int
CLARITY_HIP	dist_scheme_id	decimal(18,0)
CLARITY_HIP	external_name	string
CLARITY_HIP	direct_address	string
CLARITY_HIP	hip_shared_yn	string
CLARITY_HIP	ce_pool_routing_c	int
CLARITY_HIP	ce_external_pool_ident	string
CLARITY_HIP	invalid_hip	string
CLARITY_HIP	dl_load_dt	date
CLARITY_HIP	dl_load_ts	timestamp
CLARITY_HIP	account_paswd_item	string
CLARITY_IMMUNZATN	immunzatn_id	decimal(18,0)
CLARITY_IMMUNZATN	name	string
CLARITY_IMMUNZATN	abbreviation	string
CLARITY_IMMUNZATN	record_status	string
CLARITY_IMMUNZATN	immun_type	int
CLARITY_IMMUNZATN	cm_phy_owner_id	string
CLARITY_IMMUNZATN	cm_log_owner_id	string
CLARITY_IMMUNZATN	name_mixed_case	string
CLARITY_IMMUNZATN	imm_dose	string
CLARITY_IMMUNZATN	route_c	int
CLARITY_IMMUNZATN	site_c	int
CLARITY_IMMUNZATN	manufacturer_c	int
CLARITY_IMMUNZATN	vis_date	string
CLARITY_IMMUNZATN	primary_family_id	decimal(18,0)
CLARITY_IMMUNZATN	med_admin_type_c	int
CLARITY_IMMUNZATN	active_status_c	int
CLARITY_IMMUNZATN	imm_group_c	string
CLARITY_IMMUNZATN	billing_proc_id	decimal(18,0)
CLARITY_IMMUNZATN	esig_template_file	string
CLARITY_IMMUNZATN	imm_cvx_code	string
CLARITY_IMMUNZATN	sens_immnztn_yn	string
CLARITY_IMMUNZATN	record_status_c	int
CLARITY_IMMUNZATN	cvx_code	string
CLARITY_IMMUNZATN	dl_load_dt	date
CLARITY_IMMUNZATN	dl_load_ts	timestamp
CLARITY_IMMUNZATN	myc_display_name	varchar(254)
CLARITY_LLB	resulting_lab_id	decimal(18,0)
CLARITY_LLB	llb_name	string
CLARITY_LLB	llb_abbr	string
CLARITY_LLB	llb_status_c	int
CLARITY_LLB	llb_addr_ln1	string
CLARITY_LLB	llb_addr_ln2	string
CLARITY_LLB	llb_city	string
CLARITY_LLB	llb_state_c	string
CLARITY_LLB	llb_zip	string
CLARITY_LLB	llb_bill_dept_id	decimal(18,0)
CLARITY_LLB	llb_contact	string
CLARITY_LLB	llb_contact_ph	string
CLARITY_LLB	llb_contact_fax	string
CLARITY_LLB	cm_phy_owner_id	string
CLARITY_LLB	cm_log_owner_id	string
CLARITY_LLB	llb_director	string
CLARITY_LLB	llb_dflt_res_prov	string
CLARITY_LLB	llb_order_class_c	int
CLARITY_LLB	house_num	string
CLARITY_LLB	district_c	int
CLARITY_LLB	county_c	string
CLARITY_LLB	country_c	string
CLARITY_LLB	llb_int_route_code	string
CLARITY_LLB	llb_ext_route_code	string
CLARITY_LLB	dis_chrg_trigger_yn	string
CLARITY_LLB	llb_dir_ser_id	string
CLARITY_LLB	dl_load_dt	date
CLARITY_LLB	dl_load_ts	timestamp
CLARITY_LOC	loc_id	decimal(18,0)
CLARITY_LOC	loc_name	string
CLARITY_LOC	location_group	int
CLARITY_LOC	default_dept_id	decimal(18,0)
CLARITY_LOC	pos_type	string
CLARITY_LOC	location_abbr	string
CLARITY_LOC	loc_is_outside	string
CLARITY_LOC	gl_prefix	string
CLARITY_LOC	rpt_grp_one	string
CLARITY_LOC	rpt_grp_two	string
CLARITY_LOC	rpt_grp_three	string
CLARITY_LOC	rpt_grp_four	string
CLARITY_LOC	rpt_grp_five	string
CLARITY_LOC	rpt_grp_six	string
CLARITY_LOC	rpt_grp_seven	string
CLARITY_LOC	rpt_grp_eight	string
CLARITY_LOC	rpt_grp_nine	string
CLARITY_LOC	rpt_grp_ten	string
CLARITY_LOC	serv_area_id	decimal(18,0)
CLARITY_LOC	ben_bkt_opt_c	int
CLARITY_LOC	id_type	decimal(18,0)
CLARITY_LOC	cm_phy_owner_id	string
CLARITY_LOC	cm_log_owner_id	string
CLARITY_LOC	rpt_grp_eleven_c	string
CLARITY_LOC	rpt_grp_twelve_c	string
CLARITY_LOC	rpt_grp_thirteen_c	string
CLARITY_LOC	rpt_grp_fourteen_c	string
CLARITY_LOC	rpt_grp_fifteen_c	string
CLARITY_LOC	rpt_grp_sixteen_c	string
CLARITY_LOC	rpt_grp_sevnteen_c	string
CLARITY_LOC	rpt_grp_eighteen_c	string
CLARITY_LOC	rpt_grp_nineteen_c	string
CLARITY_LOC	rpt_grp_twenty_c	string
CLARITY_LOC	record_status	int
CLARITY_LOC	med_pref_list_id	decimal(18,0)
CLARITY_LOC	orders_pref_list_id	decimal(18,0)
CLARITY_LOC	dflt_preflst_epd_id	decimal(18,0)
CLARITY_LOC	dflt_preflst_lpf_id	string
CLARITY_LOC	disc_int_enab_yn	string
CLARITY_LOC	manual_free_txt_yn	string
CLARITY_LOC	therapy_up_pool_id	decimal(18,0)
CLARITY_LOC	crcl_formula_ppt_id	decimal(18,0)
CLARITY_LOC	flt_pref_list_id	decimal(18,0)
CLARITY_LOC	cc_dep_sel_ppt_id	decimal(18,0)
CLARITY_LOC	cc_assn_def_cc_id	decimal(18,0)
CLARITY_LOC	def_message_type_c	int
CLARITY_LOC	ed_sa_create_har_yn	string
CLARITY_LOC	ed_sa_dflt_patcls_c	string
CLARITY_LOC	conv_appt_to_hov_yn	string
CLARITY_LOC	conv_appts_hov_id	decimal(18,0)
CLARITY_LOC	dflt_ed_hosp_area_c	int
CLARITY_LOC	cs_date_range_limit	int
CLARITY_LOC	newborn_unkn_ssn_c	int
CLARITY_LOC	fax_num	string
CLARITY_LOC	using_emr_yn	string
CLARITY_LOC	internal_lab_id	decimal(18,0)
CLARITY_LOC	child_order_dept_id	decimal(18,0)
CLARITY_LOC	pos_code	string
CLARITY_LOC	or_loc_type_c	int
CLARITY_LOC	prc_stp_end_evt_c	int
CLARITY_LOC	share_peridata_i_yn	string
CLARITY_LOC	filt_imp_off_pck_yn	string
CLARITY_LOC	filt_cdp_off_pck_yn	string
CLARITY_LOC	case_setup_event_c	string
CLARITY_LOC	case_cleanup_evnt_c	string
CLARITY_LOC	cs_setup_end_evt_c	string
CLARITY_LOC	case_clnp_end_evt_c	string
CLARITY_LOC	prc_clnup_end_evt_c	int
CLARITY_LOC	proc_end_tim_evt_c	int
CLARITY_LOC	inventory_loc_yn	string
CLARITY_LOC	setup_event_c	int
CLARITY_LOC	cleanup_event_c	int
CLARITY_LOC	or_normal_start_tm	timestamp
CLARITY_LOC	or_normal_end_tm	timestamp
CLARITY_LOC	proc_length_event_c	int
CLARITY_LOC	surg_start_event_c	string
CLARITY_LOC	surg_end_event_c	string
CLARITY_LOC	ept_privacy_flag_c	int
CLARITY_LOC	adt_location_type_c	string
CLARITY_LOC	adt_parent_id	decimal(18,0)
CLARITY_LOC	daily_bcb_table_id	decimal(18,0)
CLARITY_LOC	hourly_bcb_table_id	decimal(18,0)
CLARITY_LOC	days_for_incomp_msg	int
CLARITY_LOC	facility_trnscrtn	string
CLARITY_LOC	fac_let_trnscrtn	string
CLARITY_LOC	trnscrtn_pool_c	string
CLARITY_LOC	lt_trnscrtn_pool_c	string
CLARITY_LOC	emerg_phone	string
CLARITY_LOC	persis_future_yn	string
CLARITY_LOC	cms_cert_num	string
CLARITY_LOC	calc_cms_cert_num	string
CLARITY_LOC	geo_locality_id	decimal(18,0)
CLARITY_LOC	disp_cvg_fast_re_yn	string
CLARITY_LOC	ecp_server_name	string
CLARITY_LOC	pos_type_c	int
CLARITY_LOC	hosp_parent_loc_id	decimal(18,0)
CLARITY_LOC	facility_id	decimal(18,0)
CLARITY_LOC	def_rc_id	decimal(18,0)
CLARITY_LOC	hra_bal_negative_yn	string
CLARITY_LOC	aur_enabled_yn	string
CLARITY_LOC	dl_load_dt	date
CLARITY_LOC	dl_load_ts	timestamp
CLARITY_LPP	lpp_id	decimal(18,0)
CLARITY_LPP	lpp_name	string
CLARITY_LPP	lpp_type_c	int
CLARITY_LPP	m_code	string
CLARITY_LPP	comments	string
CLARITY_LPP	cm_phy_owner_id	string
CLARITY_LPP	cm_log_owner_id	string
CLARITY_LPP	record_state_c	int
CLARITY_LPP	template_id	decimal(18,0)
CLARITY_LPP	dl_load_dt	date
CLARITY_LPP	dl_load_ts	timestamp
CLARITY_LWS	workstation_id	string
CLARITY_LWS	workstation_name	string
CLARITY_LWS	room_identifier	string
CLARITY_LWS	prim_department_id	decimal(18,0)
CLARITY_LWS	screen_name	string
CLARITY_LWS	workstn_identifier	string
CLARITY_LWS	workstation_type_c	int
CLARITY_LWS	cm_log_owner_id	string
CLARITY_LWS	cm_phy_owner_id	string
CLARITY_LWS	pool_hip_id	decimal(18,0)
CLARITY_LWS	local_printer_id	string
CLARITY_LWS	pri_ord_trns_gp_id	string
CLARITY_LWS	allowd_override_yn	string
CLARITY_LWS	override_disp_name	string
CLARITY_LWS	is_wkstn_down_yn	string
CLARITY_LWS	down_on_date	timestamp
CLARITY_LWS	alt_workstation_id	string
CLARITY_LWS	rebuild_files_yn	string
CLARITY_LWS	order_prnt_ln_num	int
CLARITY_LWS	interface_routg_id	decimal(18,0)
CLARITY_LWS	client_enabled_yn	string
CLARITY_LWS	client_max_cache	int
CLARITY_LWS	cache_licence_tmot	int
CLARITY_LWS	server_enabled_yn	string
CLARITY_LWS	server_max_cache	int
CLARITY_LWS	wkstation_group_c	string
CLARITY_LWS	ws_exam_rooom_yn	string
CLARITY_LWS	enable_dis_mgmt_yn	string
CLARITY_LWS	modem_connect_to_c	int
CLARITY_LWS	local_call_prefix	int
CLARITY_LWS	long_distance_prfx	int
CLARITY_LWS	modem_record_id_c	string
CLARITY_LWS	is_localballm_yn	string
CLARITY_LWS	is_card_reader_yn	string
CLARITY_LWS	card_rdr_port_c	int
CLARITY_LWS	card_rdr_baud_c	int
CLARITY_LWS	card_rdr_data_bits	int
CLARITY_LWS	card_rdr_stop_bits	int
CLARITY_LWS	card_rdr_parity	int
CLARITY_LWS	card_rdr_progid	string
CLARITY_LWS	sp_file_limit	int
CLARITY_LWS	wkstn_settings_id	decimal(18,0)
CLARITY_LWS	login_control_c	string
CLARITY_LWS	bed_id	string
CLARITY_LWS	edmap_user_locatn	string
CLARITY_LWS	default_lbl_ptr_id	string
CLARITY_LWS	ed_login_mode_c	int
CLARITY_LWS	ed_login_view_id	string
CLARITY_LWS	ris_pre_login_id	decimal(18,0)
CLARITY_LWS	default_ws_user_id	string
CLARITY_LWS	pacs_link_pp_id	decimal(18,0)
CLARITY_LWS	ord_ovrrde_revld_c	int
CLARITY_LWS	ris_pre_login_so_id	decimal(18,0)
CLARITY_LWS	kiosk_user_id	string
CLARITY_LWS	kiosk_parnt_lws_id	string
CLARITY_LWS	department_id	decimal(18,0)
CLARITY_LWS	kiosk_computer_name	string
CLARITY_LWS	ki_sign_in_yn	string
CLARITY_LWS	kiosk_ed_dep_id	decimal(18,0)
CLARITY_LWS	ki_ed_new_pat_yn	string
CLARITY_LWS	kiosk_status_ctrl_c	int
CLARITY_LWS	ki_type_c	int
CLARITY_LWS	kiosk_group_type_c	int
CLARITY_LWS	chs_rltnshp_ptns_c	int
CLARITY_LWS	chk_in_win_len_bef	int
CLARITY_LWS	chk_in_tim_win_aft	int
CLARITY_LWS	mychart_access_r_id	string
CLARITY_LWS	days_to_ask_sign_up	int
CLARITY_LWS	page_time_out_value	int
CLARITY_LWS	allow_print_doc_yn	string
CLARITY_LWS	allow_pat_copay_yn	string
CLARITY_LWS	require_copay_yn	string
CLARITY_LWS	capture_cc_sign_yn	string
CLARITY_LWS	number_pmts_disp	int
CLARITY_LWS	allow_acct_drill_yn	string
CLARITY_LWS	allow_bal_pmt_yn	string
CLARITY_LWS	copay_posting_c	int
CLARITY_LWS	req_pt_ident_c	int
CLARITY_LWS	allw_dntfctn_crd_yn	string
CLARITY_LWS	final_narrow_c	int
CLARITY_LWS	reg_card_sec_c	int
CLARITY_LWS	ident_filter_c	int
CLARITY_LWS	dys_btwn_dmgrphc_vr	int
CLARITY_LWS	verify_demog_yn	string
CLARITY_LWS	mspq_failed_c	int
CLARITY_LWS	ki_insurance_sca_yn	string
CLARITY_LWS	dys_btwn_nsrnc_vrfc	int
CLARITY_LWS	dys_btwn_mrgncy_cnt	int
CLARITY_LWS	ki_insur_fail_act_c	int
CLARITY_LWS	vrfy_mrgncy_cntc_yn	string
CLARITY_LWS	verify_insurance_yn	string
CLARITY_LWS	ki_num_emer_contact	int
CLARITY_LWS	verify_ec_ad_fmt_yn	string
CLARITY_LWS	verify_addr_fmt_yn	string
CLARITY_LWS	bad_addr_fmt_act_c	int
CLARITY_LWS	log_events_yn	string
CLARITY_LWS	ki_hh_ask_mychar_yn	string
CLARITY_LWS	kiosk_ask_quest_yn	string
CLARITY_LWS	kiosk_co_pmttypes_c	int
CLARITY_LWS	ki_allow_prt_avs_yn	string
CLARITY_LWS	dl_load_dt	date
CLARITY_LWS	dl_load_ts	timestamp
CLARITY_MEDICATION	medication_id	decimal(18,0)
CLARITY_MEDICATION	name	string
CLARITY_MEDICATION	thera_class_c	int
CLARITY_MEDICATION	pharm_class_c	int
CLARITY_MEDICATION	pharm_subclass_c	int
CLARITY_MEDICATION	simple_generic_c	string
CLARITY_MEDICATION	cost	string
CLARITY_MEDICATION	generic_name	string
CLARITY_MEDICATION	gpi	string
CLARITY_MEDICATION	strength	string
CLARITY_MEDICATION	form	string
CLARITY_MEDICATION	route	string
CLARITY_MEDICATION	controlled_med_yn	string
CLARITY_MEDICATION	dea_class_code_c	int
CLARITY_MEDICATION	record_state	string
CLARITY_MEDICATION	cm_phy_owner_id	string
CLARITY_MEDICATION	cm_log_owner_id	string
CLARITY_MEDICATION	investigatl_med_yn	string
CLARITY_MEDICATION	day_sup_enable_yn	string
CLARITY_MEDICATION	equip_status_yn	string
CLARITY_MEDICATION	med_is_configured_c	int
CLARITY_MEDICATION	dl_load_dt	date
CLARITY_MEDICATION	dl_load_ts	timestamp
CLARITY_MOD	modifier_id	string
CLARITY_MOD	modifier_name	string
CLARITY_MOD	external_id	string
CLARITY_MOD	price_change_pct	decimal(12,2)
CLARITY_MOD	rvu_change_pct	decimal(12,2)
CLARITY_MOD	is_nonprice_mod_yn	string
CLARITY_MOD	is_repeatable_yn	string
CLARITY_MOD	ap_price_chg_pct	decimal(12,2)
CLARITY_MOD	suppress_choice_c	int
CLARITY_MOD	cm_phy_owner_id	string
CLARITY_MOD	cm_log_owner_id	string
CLARITY_MOD	is_phrm_modifier_yn	string
CLARITY_MOD	ap_mod_pricing_c	int
CLARITY_MOD	priority	int
CLARITY_MOD	record_status_c	int
CLARITY_MOD	type_of_service_c	int
CLARITY_MOD	rvu_pricing_mod_yn	string
CLARITY_MOD	nl_surcharge_code	string
CLARITY_MOD	nl_surcharge_spec_c	string
CLARITY_MOD	nl_wds_serv_area_id	decimal(18,0)
CLARITY_MOD	nl_rehab_code	string
CLARITY_MOD	mod_eff_from_date	timestamp
CLARITY_MOD	mod_eff_to_date	timestamp
CLARITY_MOD	dl_load_dt	date
CLARITY_MOD	dl_load_ts	timestamp
CLARITY_MOD	partition_dt	date
CLARITY_MOD	mod_um_services_yn	string
CLARITY_NOTES	PATIENT_ID	string
CLARITY_NOTES	ENCOUNTER_ID	decimal(18,0)
CLARITY_NOTES	CARE_SITE	string
CLARITY_NOTES	NOTE_ID	string
CLARITY_NOTES	NOTE_TYPE	string
CLARITY_NOTES	NOTE_CSN_ID	decimal(18,0)
CLARITY_NOTES	LINE	int
CLARITY_NOTES	NOTE_TEXT	string
CLARITY_NOTES	NOTE_DATE	timestamp
CLARITY_NOTES	dl_load_dt	timestamp
CLARITY_NOTES_SAMPLE	PATIENT_ID	string
CLARITY_NOTES_SAMPLE	ENCOUNTER_ID	decimal(18,0)
CLARITY_NOTES_SAMPLE	CARE_SITE	string
CLARITY_NOTES_SAMPLE	NOTE_ID	string
CLARITY_NOTES_SAMPLE	NOTE_TYPE	string
CLARITY_NOTES_SAMPLE	NOTE_CSN_ID	decimal(18,0)
CLARITY_NOTES_SAMPLE	LINE	int
CLARITY_NOTES_SAMPLE	NOTE_TEXT	string
CLARITY_NOTES_SAMPLE	NOTE_DATE	timestamp
CLARITY_NOTES_SAMPLE	dl_load_dt	timestamp
CLARITY_ORGANISM	organism_id	decimal(18,0)
CLARITY_ORGANISM	name	string
CLARITY_ORGANISM	abbreviation	string
CLARITY_ORGANISM	rec_state	string
CLARITY_ORGANISM	cm_phy_owner_id	string
CLARITY_ORGANISM	cm_log_owner_id	string
CLARITY_ORGANISM	record_type_c	int
CLARITY_ORGANISM	record_status_c	int
CLARITY_ORGANISM	organism_type_c	int
CLARITY_ORGANISM	organism_group_c	int
CLARITY_ORGANISM	genus_c	int
CLARITY_ORGANISM	species_c	int
CLARITY_ORGANISM	serotype_c	int
CLARITY_ORGANISM	biotype_c	int
CLARITY_ORGANISM	phage_type_c	int
CLARITY_ORGANISM	result_checking_id	decimal(18,0)
CLARITY_ORGANISM	external_name	string
CLARITY_ORGANISM	mdro_threshold	int
CLARITY_ORGANISM	mdro_upper_threshold	int
CLARITY_ORGANISM	mdro_any_organism_yn	string
CLARITY_ORGANISM	dl_load_dt	date
CLARITY_ORGANISM	dl_load_ts	timestamp
CLARITY_ORGANISM	record_state_c	int
CLARITY_POS	pos_id	decimal(18,0)
CLARITY_POS	pos_name	string
CLARITY_POS	pos_group	int
CLARITY_POS	pos_type	string
CLARITY_POS	pos_loc_is_outside	string
CLARITY_POS	pos_name_abbr	string
CLARITY_POS	gl_prefix	string
CLARITY_POS	rpt_grp_one	string
CLARITY_POS	rpt_grp_two	string
CLARITY_POS	rpt_grp_three	string
CLARITY_POS	rpt_grp_four	string
CLARITY_POS	rpt_grp_five	string
CLARITY_POS	rpt_grp_six	string
CLARITY_POS	rpt_grp_seven	string
CLARITY_POS	rpt_grp_eight	string
CLARITY_POS	rpt_grp_nine	string
CLARITY_POS	rpt_grp_ten	string
CLARITY_POS	address_line_1	string
CLARITY_POS	address_line_2	string
CLARITY_POS	city	string
CLARITY_POS	state_c	string
CLARITY_POS	zip	string
CLARITY_POS	area_code	string
CLARITY_POS	phone	string
CLARITY_POS	loc_type_c	int
CLARITY_POS	cm_phy_owner_id	string
CLARITY_POS	cm_log_owner_id	string
CLARITY_POS	rpt_grp_eleven_c	string
CLARITY_POS	rpt_grp_twelve_c	string
CLARITY_POS	rpt_grp_thirteen_c	string
CLARITY_POS	rpt_grp_fourteen_c	string
CLARITY_POS	rpt_grp_fifteen_c	string
CLARITY_POS	rpt_grp_sixteen_c	string
CLARITY_POS	rpt_grp_sevnteen_c	string
CLARITY_POS	rpt_grp_eighteen_c	string
CLARITY_POS	rpt_grp_nineteen_c	string
CLARITY_POS	rpt_grp_twenty_c	string
CLARITY_POS	record_status	int
CLARITY_POS	building_number	string
CLARITY_POS	district_c	int
CLARITY_POS	county_c	string
CLARITY_POS	country_c	string
CLARITY_POS	logo_filename	string
CLARITY_POS	pos_code	string
CLARITY_POS	pos_type_c	int
CLARITY_POS	service_area_id	decimal(18,0)
CLARITY_POS	org_idnt	string
CLARITY_POS	region_id	decimal(18,0)
CLARITY_POS	group_id	decimal(18,0)
CLARITY_POS	open_dt	timestamp
CLARITY_POS	close_dt	timestamp
CLARITY_POS	join_dt	timestamp
CLARITY_POS	leave_dt	timestamp
CLARITY_POS	pos_subtype_c	int
CLARITY_POS	adt_parent_id	decimal(18,0)
CLARITY_POS	logo_print_group_id	decimal(18,0)
CLARITY_POS	clinic_or_billing_c	int
CLARITY_POS	tech_contact_name	string
CLARITY_POS	tech_contact_email	string
CLARITY_POS	tech_contact_phone	string
CLARITY_POS	tech_contact_url	string
CLARITY_POS	tech_contact_fax	string
CLARITY_POS	tech_contact_ext	string
CLARITY_POS	fax_num	string
CLARITY_POS	sd_rw_export_template_id	decimal(18,0)
CLARITY_POS	po_medicare_num	string
CLARITY_POS	book_anywhere_config_id	decimal(18,0)
CLARITY_POS	not_leaked_demand_yn	string
CLARITY_POS	address_checksum	string
CLARITY_POS	link_org_id	decimal(18,0)
CLARITY_POS	tc_zone_c	int
CLARITY_POS	legal_open_dt	timestamp
CLARITY_POS	legal_close_dt	timestamp
CLARITY_POS	ods_last_change_dt	timestamp
CLARITY_POS	record_class_c	int
CLARITY_POS	email_address	string
CLARITY_POS	web_address	string
CLARITY_POS	claim_serv_fac_name	string
CLARITY_POS	pos_loc_is_outside_yn	string
CLARITY_POS	allow_refer_to_yn	string
CLARITY_POS	level_of_care_map_tbl_id	decimal(18,0)
CLARITY_POS	service_map_tbl_id	decimal(18,0)
CLARITY_POS	hl_is_on_c	int
CLARITY_POS	fac_actor_type_c	int
CLARITY_POS	permit_clin_derivation_yn	string
CLARITY_POS	compiled_hl_is_on_c	int
CLARITY_POS	dl_load_dt	date
CLARITY_POS	dl_load_ts	timestamp
CLARITY_POS	clm_serv_fac_addr_1	string
CLARITY_POS	clm_serv_fac_addr_2	string
CLARITY_POS	clm_serv_fac_city	string
CLARITY_POS	clm_srv_fac_state_c	string
CLARITY_POS	clm_serv_fac_zip	string
CLARITY_POS	is_business_segment_yn	string
CLARITY_POS	is_non_bus_seg_serv_area_yn	string
CLARITY_POS	mailing_address_city	varchar(254)
CLARITY_POS	mailing_address_state_c	varchar(66)
CLARITY_POS	mailing_address_county_c	varchar(66)
CLARITY_POS	mailing_address_country_c	varchar(66)
CLARITY_POS	mailing_address_zip	varchar(50)
CLARITY_POS	mailing_address_building_num	varchar(254)
CLARITY_POS	mailing_address_district_c	int
CLARITY_PRC	prc_id	string
CLARITY_PRC	prc_name	string
CLARITY_PRC	prc_abbr	string
CLARITY_PRC	record_type	string
CLARITY_PRC	proc_cat	string
CLARITY_PRC	ovrd_bill_no_type	string
CLARITY_PRC	chart_pull	string
CLARITY_PRC	xray_pull	string
CLARITY_PRC	same_day_pull	string
CLARITY_PRC	external_name	string
CLARITY_PRC	status	string
CLARITY_PRC	default_length	int
CLARITY_PRC	default_copay_cat	string
CLARITY_PRC	in_out_pat	string
CLARITY_PRC	cpt_proc_id	decimal(18,0)
CLARITY_PRC	benefit_group	string
CLARITY_PRC	anc_proc_length	int
CLARITY_PRC	duplicate_within	int
CLARITY_PRC	duplicate_days	int
CLARITY_PRC	duplicate_hours	int
CLARITY_PRC	autoschedule_algo	string
CLARITY_PRC	visit_group_num	int
CLARITY_PRC	visit_group	string
CLARITY_PRC	rpt_grp_one	string
CLARITY_PRC	rpt_grp_two	string
CLARITY_PRC	rpt_grp_three	string
CLARITY_PRC	rpt_grp_four	string
CLARITY_PRC	rpt_grp_five	string
CLARITY_PRC	rpt_grp_six_c	string
CLARITY_PRC	rpt_grp_seven_c	string
CLARITY_PRC	rpt_grp_eight_c	string
CLARITY_PRC	rpt_grp_nine_c	string
CLARITY_PRC	rpt_grp_ten_c	string
CLARITY_PRC	num_flash_cards	int
CLARITY_PRC	num_control_sheets	int
CLARITY_PRC	cm_phy_owner_id	string
CLARITY_PRC	cm_log_owner_id	string
CLARITY_PRC	rpt_grp_eleven_c	string
CLARITY_PRC	rpt_grp_twelve_c	string
CLARITY_PRC	rpt_grp_thirteen_c	string
CLARITY_PRC	rpt_grp_fourteen_c	string
CLARITY_PRC	rpt_grp_fifteen_c	string
CLARITY_PRC	rpt_grp_sixteen_c	string
CLARITY_PRC	rpt_grp_seventeen_c	string
CLARITY_PRC	rpt_grp_eighteen_c	string
CLARITY_PRC	rpt_grp_nineteen_c	string
CLARITY_PRC	rpt_grp_twenty_c	string
CLARITY_PRC	intrp_type_needed_c	int
CLARITY_PRC	same_prov_all_yn	string
CLARITY_PRC	use_ip_instr_yn	string
CLARITY_PRC	use_instr_of_prc_id	string
CLARITY_PRC	is_advanced_yn	string
CLARITY_PRC	prereq_from_prc_id	string
CLARITY_PRC	recall_from_prc_id	string
CLARITY_PRC	block_overrule_c	int
CLARITY_PRC	default_blocks_yn	string
CLARITY_PRC	block_ovr_first_c	int
CLARITY_PRC	ord_generated_yn	string
CLARITY_PRC	order_all_yn	string
CLARITY_PRC	use_default_proc_yn	string
CLARITY_PRC	prc_rec_type_c	int
CLARITY_PRC	autosched_alg_c	int
CLARITY_PRC	vtmod_sched_c	int
CLARITY_PRC	vtmod_max_age_days	int
CLARITY_PRC	vtmod_min_age_days	int
CLARITY_PRC	vtmod_sex_c	int
CLARITY_PRC	vtmod_min_age_num	int
CLARITY_PRC	vtm_min_age_unit_c	int
CLARITY_PRC	vtmod_max_age_num	int
CLARITY_PRC	vtm_max_age_unit_c	int
CLARITY_PRC	vtmod_prc_id	string
CLARITY_PRC	vtmod_prov_id	string
CLARITY_PRC	vtmod_dept_id	decimal(18,0)
CLARITY_PRC	vtmod_length_val	int
CLARITY_PRC	vtmod_len_adj_c	int
CLARITY_PRC	vtmod_repl_sch_c	int
CLARITY_PRC	vtmod_use_sch_ip_yn	string
CLARITY_PRC	vtmod_repl_pat_c	int
CLARITY_PRC	rfl_grp_c	string
CLARITY_PRC	record_status_c	int
CLARITY_PRC	sched_other_spec_c	int
CLARITY_PRC	require_ipop_yn	string
CLARITY_PRC	arrival_reason	string
CLARITY_PRC	arrival_offset_minutes	int
CLARITY_PRC	filter_restr_prov_yn	string
CLARITY_PRC	allow_overlap_c	int
CLARITY_PRC	group_session_c	int
CLARITY_PRC	panel_visit_relationship_c	int
CLARITY_PRC	appt_delay_default_minutes	int
CLARITY_PRC	pat_prep_time	int
CLARITY_PRC	pat_recovery_time	int
CLARITY_PRC	agent_conflict_type_c	int
CLARITY_PRC	dtree_form_id	string
CLARITY_PRC	use_smarttext_pat_instr_yn	string
CLARITY_PRC	hide_from_pat_yn	string
CLARITY_PRC	allow_change_hidden_status_yn	string
CLARITY_PRC	prov_name_display_c	int
CLARITY_PRC	default_fasting_duration	int
CLARITY_PRC	breaks_fast_yn	string
CLARITY_PRC	hide_visit_time_yn	string
CLARITY_PRC	dl_load_dt	date
CLARITY_PRC	dl_load_ts	timestamp
CLARITY_ROM	room_csn_id	decimal(18,0)
CLARITY_ROM	room_id	string
CLARITY_ROM	rom_cont_date_real	double
CLARITY_ROM	record_state	string
CLARITY_ROM	room_name	string
CLARITY_ROM	contact_date	timestamp
CLARITY_ROM	room_number	string
CLARITY_ROM	room_ready_yn	string
CLARITY_ROM	department_id	decimal(18,0)
CLARITY_ROM	accommodation_c	string
CLARITY_ROM	bed_pool_max_num	int
CLARITY_ROM	bed_pool_bed_name	string
CLARITY_ROM	bed_pool_census_yn	string
CLARITY_ROM	end_cont_date_real	double
CLARITY_ROM	walk_order	string
CLARITY_ROM	station_id	string
CLARITY_ROM	cm_phy_owner_id	string
CLARITY_ROM	cm_log_owner_id	string
CLARITY_ROM	record_state_c	int
CLARITY_ROM	ivr_name	string
CLARITY_ROM	bed_pool_in_haag_c	int
CLARITY_ROM	dl_load_dt	date
CLARITY_ROM	dl_load_ts	timestamp
CLARITY_ROM	go_live_date	timestamp
CLARITY_ROM	permanently_closed_date	timestamp
CLARITY_RSH	research_id	string
CLARITY_RSH	research_name	string
CLARITY_RSH	research_status_c	int
CLARITY_RSH	serv_area_id	int
CLARITY_RSH	loc_id	int
CLARITY_RSH	study_code	string
CLARITY_RSH	prov_id	string
CLARITY_RSH	approved_amount	decimal(12,2)
CLARITY_RSH	billing_contact	string
CLARITY_RSH	fee_schedule_id	decimal(18,0)
CLARITY_RSH	credit_gl_comp	string
CLARITY_RSH	debit_gl_comp	string
CLARITY_RSH	create_date	timestamp
CLARITY_RSH	cm_phy_owner_id	string
CLARITY_RSH	cm_log_owner_id	string
CLARITY_RSH	update_instant_tm	timestamp
CLARITY_RSH	med_discount	decimal(18,2)
CLARITY_RSH	study_report_id	string
CLARITY_RSH	irb_approval_num	string
CLARITY_RSH	allow_pcp_yn	string
CLARITY_RSH	allow_admitting_yn	string
CLARITY_RSH	allow_attending_yn	string
CLARITY_RSH	allow_tt_yn	string
CLARITY_RSH	guarantor_pat_id	string
CLARITY_RSH	cr_by_interface_yn	string
CLARITY_RSH	record_status_c	int
CLARITY_RSH	nct_num	string
CLARITY_RSH	rpt_grp_txt_1	string
CLARITY_RSH	rpt_grp_txt_2	string
CLARITY_RSH	rpt_grp_txt_3	string
CLARITY_RSH	rpt_grp_txt_4	string
CLARITY_RSH	rpt_grp_txt_5	string
CLARITY_RSH	rpt_grp_cat_1_c	int
CLARITY_RSH	rpt_grp_cat_2_c	int
CLARITY_RSH	rpt_grp_cat_3_c	int
CLARITY_RSH	rpt_grp_cat_4_c	int
CLARITY_RSH	rpt_grp_cat_5_c	int
CLARITY_RSH	study_type_c	int
CLARITY_RSH	fsc_use_type_c	int
CLARITY_RSH	patient_facing_name	string
CLARITY_RSH	patient_facing_desc_id	string
CLARITY_RSH	myc_req_enabled_yn	string
CLARITY_RSH	myc_require_pa_yn	string
CLARITY_RSH	myc_visible_yn	string
CLARITY_RSH	rslt_suppress_schm_id	decimal(18,0)
CLARITY_RSH	adv_evt_term_set_id	string
CLARITY_RSH	study_status_c	int
CLARITY_RSH	irb_approval_date	timestamp
CLARITY_RSH	irb_expiration_date	timestamp
CLARITY_RSH	record_type_c	int
CLARITY_RSH	dl_load_dt	date
CLARITY_RSH	dl_load_ts	timestamp
CLARITY_SA	serv_area_id	decimal(18,0)
CLARITY_SA	serv_area_name	string
CLARITY_SA	serv_area_abbr	string
CLARITY_SA	serv_area_type	string
CLARITY_SA	serv_area_group	int
CLARITY_SA	gl_prefix	string
CLARITY_SA	rpt_grp_one	string
CLARITY_SA	rpt_grp_two	string
CLARITY_SA	rpt_grp_three	string
CLARITY_SA	rpt_grp_four	string
CLARITY_SA	rpt_grp_five	string
CLARITY_SA	rpt_grp_six	string
CLARITY_SA	rpt_grp_seven	string
CLARITY_SA	rpt_grp_eight	string
CLARITY_SA	rpt_grp_nine	string
CLARITY_SA	rpt_grp_ten	string
CLARITY_SA	billing_system_c	int
CLARITY_SA	id_type	decimal(18,0)
CLARITY_SA	cm_phy_owner_id	string
CLARITY_SA	cm_log_owner_id	string
CLARITY_SA	rpt_grp_eleven_c	string
CLARITY_SA	rpt_grp_twelve_c	string
CLARITY_SA	rpt_grp_thirteen_c	string
CLARITY_SA	rpt_grp_fourteen_c	string
CLARITY_SA	rpt_grp_fifteen_c	string
CLARITY_SA	rpt_grp_sixteen_c	string
CLARITY_SA	rpt_grp_sevnteen_c	string
CLARITY_SA	rpt_grp_eighteen_c	string
CLARITY_SA	rpt_grp_nineteen_c	string
CLARITY_SA	rpt_grp_twenty_c	string
CLARITY_SA	ppl_area_yn	string
CLARITY_SA	clnt_acct_type_c	int
CLARITY_SA	clnt_fee_schedul_id	decimal(18,0)
CLARITY_SA	clnt_stm_form_id	string
CLARITY_SA	clnt_sbwo_amt	decimal(12,2)
CLARITY_SA	clnt_sbwo_code_id	decimal(18,0)
CLARITY_SA	hb_cewq_selective_c	int
CLARITY_SA	remit_wqpr_en_yn	string
CLARITY_SA	err_frc_cewq_yn	string
CLARITY_SA	err_ovrd_cewq_yn	string
CLARITY_SA	epsdt_value_dflt_c	int
CLARITY_SA	contact_person_id	string
CLARITY_SA	sa_product_mode_c	string
CLARITY_SA	def_vencontract_id	decimal(18,0)
CLARITY_SA	sms_eml_frm	string
CLARITY_SA	sms_eml_to	string
CLARITY_SA	sms_setup_etx_id	string
CLARITY_SA	rcv_msgs_c	int
CLARITY_SA	delivery_mech_c	int
CLARITY_SA	appt_rem_rule_id	string
CLARITY_SA	sms_rem_msg_etx_id	string
CLARITY_SA	appt_rem_eml_frm	string
CLARITY_SA	eml_rem_subj_etx_id	string
CLARITY_SA	eml_rem_msg_etx_id	string
CLARITY_SA	ansi_835_trn03	string
CLARITY_SA	license_type_c	int
CLARITY_SA	hsd_profile_id	decimal(18,0)
CLARITY_SA	sms_ovrrd_id	decimal(18,0)
CLARITY_SA	contact_name	string
CLARITY_SA	cms_plan_id	string
CLARITY_SA	sec_comm_type_c	int
CLARITY_SA	sec_comm_num	string
CLARITY_SA	external_name	string
CLARITY_SA	hb_cust_svc_phnum	string
CLARITY_SA	pb_cust_svc_phnum	string
CLARITY_SA	abn_search_cont_yn	string
CLARITY_SA	auto_create_abns_yn	string
CLARITY_SA	auto_regen_abns_yn	string
CLARITY_SA	pr_leeway_up_dol	decimal(18,2)
CLARITY_SA	pr_leeway_up_pct	decimal(18,2)
CLARITY_SA	pr_leeway_down_dol	decimal(18,2)
CLARITY_SA	pr_leeway_down_pct	decimal(18,2)
CLARITY_SA	regen_if_dep_chan_c	string
CLARITY_SA	ra_smarttext_id	string
CLARITY_SA	pb_cev_edit_yn	string
CLARITY_SA	hb_cev_edit_yn	string
CLARITY_SA	ltg_default_min_days	int
CLARITY_SA	ltg_default_max_days	int
CLARITY_SA	license_group_c	int
CLARITY_SA	demand_met_days_before	int
CLARITY_SA	demand_met_days_after	int
CLARITY_SA	late_cancel_hours	int
CLARITY_SA	hb_cube_access_yn	string
CLARITY_SA	pb_cube_access_yn	string
CLARITY_SA	reg_type_aif_id	decimal(18,0)
CLARITY_SA	osa_valid_length	int
CLARITY_SA	myc_enc_excl_date	timestamp
CLARITY_SA	pb_golive_dt	timestamp
CLARITY_SA	bill_sys_subtype_c	int
CLARITY_SA	alt_hsd_serv_area_id	decimal(18,0)
CLARITY_SA	use_fac_hsd_dflt_yn	string
CLARITY_SA	sa_hsd_profile_id	decimal(18,0)
CLARITY_SA	allow_refer_to_yn	string
CLARITY_SA	dl_load_dt	date
CLARITY_SA	dl_load_ts	timestamp
CLARITY_SA	is_business_segment_yn	string
CLARITY_SA	newborn_pat_class_c	varchar(66)
CLARITY_SA	dflt_delay_dt_rsn_c	int
CLARITY_SA	reporting_serv_area_id	decimal(18,0)
CLARITY_SER	prov_id	string
CLARITY_SER	prov_name	string
CLARITY_SER	prov_type	string
CLARITY_SER	prov_abbr	string
CLARITY_SER	gl_prefix	string
CLARITY_SER	rpt_grp_one	string
CLARITY_SER	rpt_grp_two	string
CLARITY_SER	rpt_grp_three	string
CLARITY_SER	rpt_grp_four	string
CLARITY_SER	rpt_grp_five	string
CLARITY_SER	rpt_grp_six	string
CLARITY_SER	rpt_grp_seven	string
CLARITY_SER	rpt_grp_eight	string
CLARITY_SER	rpt_grp_nine	string
CLARITY_SER	rpt_grp_ten	string
CLARITY_SER	is_resident	string
CLARITY_SER	user_id	string
CLARITY_SER	epic_prov_id	string
CLARITY_SER	referral_srce_type	string
CLARITY_SER	is_verified_yn	string
CLARITY_SER	ser_ref_srce_id	string
CLARITY_SER	upin	string
CLARITY_SER	ssn	string
CLARITY_SER	emp_status	string
CLARITY_SER	staff_resource	string
CLARITY_SER	clinician_title	string
CLARITY_SER	external_name	string
CLARITY_SER	active_status	string
CLARITY_SER	referral_source_type	string
CLARITY_SER	record_type	int
CLARITY_SER	bill_prov_yn	string
CLARITY_SER	bill_under_prov_id	string
CLARITY_SER	sup_prov_id	string
CLARITY_SER	county_c	string
CLARITY_SER	country_c	string
CLARITY_SER	office_phone_num	string
CLARITY_SER	office_fax_num	string
CLARITY_SER	email	string
CLARITY_SER	dea_number	string
CLARITY_SER	sex	string
CLARITY_SER	birth_date	timestamp
CLARITY_SER	medicare_prov_id	string
CLARITY_SER	medicaid_prov_id	string
CLARITY_SER	is_priv_revoked	string
CLARITY_SER	nurse_emp_id	string
CLARITY_SER	epiccare_prov_yn	string
CLARITY_SER	meds_auth_prov_yn	string
CLARITY_SER	ords_auth_prov_yn	string
CLARITY_SER	trans_intf_user_yn	string
CLARITY_SER	peer_rev_last_date	timestamp
CLARITY_SER	taking_new_pat_yn	string
CLARITY_SER	taking_walkins_yn	string
CLARITY_SER	last_recommended_date	timestamp
CLARITY_SER	base_cost	decimal(12,2)
CLARITY_SER	surg_rec_pool_yn	string
CLARITY_SER	instrument_type_c	string
CLARITY_SER	equip_service_date	timestamp
CLARITY_SER	equip_lastsvc_date	timestamp
CLARITY_SER	clm_pos_reqd_yn	string
CLARITY_SER	default_pos_clm_yn	string
CLARITY_SER	modality_type_c	int
CLARITY_SER	modality_yn	string
CLARITY_SER	superv_pool_id	string
CLARITY_SER	superv_pool_name	string
CLARITY_SER	flash_card_prt_rou	string
CLARITY_SER	ctrl_sheet_prt_rou	string
CLARITY_SER	pin_id	string
CLARITY_SER	prov_attr_id	string
CLARITY_SER	attnd_prim_pager	string
CLARITY_SER	oo_office_from_dte	timestamp
CLARITY_SER	oo_office_to_dte	timestamp
CLARITY_SER	def_department_id	decimal(18,0)
CLARITY_SER	cm_phy_owner_id	string
CLARITY_SER	cm_log_owner_id	string
CLARITY_SER	rpt_grp_eleven_c	string
CLARITY_SER	rpt_grp_twelve_c	string
CLARITY_SER	rpt_grp_thirteen_c	string
CLARITY_SER	rpt_grp_fourteen_c	string
CLARITY_SER	rpt_grp_fifteen_c	string
CLARITY_SER	rpt_grp_sixteen_c	string
CLARITY_SER	rpt_grp_sevnteen_c	string
CLARITY_SER	rpt_grp_eighteen_c	string
CLARITY_SER	rpt_grp_nineteen_c	string
CLARITY_SER	rpt_grp_twenty_c	string
CLARITY_SER	hospitalist_yn	string
CLARITY_SER	def_division_c	string
CLARITY_SER	def_provider_yn	string
CLARITY_SER	prov_rec_state_c	int
CLARITY_SER	prov_start_date	timestamp
CLARITY_SER	practice_name_c	int
CLARITY_SER	surg_sched_out_yn	string
CLARITY_SER	surg_eqp_svcdat_yn	string
CLARITY_SER	surg_cost_tbl_id	decimal(18,0)
CLARITY_SER	team_leader_id	string
CLARITY_SER	team_c	int
CLARITY_SER	sup_prov_yn	string
CLARITY_SER	employed_crna_yn	string
CLARITY_SER	is_interpreter_yn	string
CLARITY_SER	doctors_degree	string
CLARITY_SER	revenue_dept_id	decimal(18,0)
CLARITY_SER	enc_prov_yn	string
CLARITY_SER	pharmacist_yn	string
CLARITY_SER	lab_fax_number	string
CLARITY_SER	prov_photo	string
CLARITY_SER	use_dept_vt_lim_yn	string
CLARITY_SER	verifying_person_id	string
CLARITY_SER	or_vld_dt_ofst	int
CLARITY_SER	or_charge_code_id	decimal(18,0)
CLARITY_SER	directory_info	string
CLARITY_SER	dbc_ext_pos_id	decimal(18,0)
CLARITY_SER	res_pool_type_c	int
CLARITY_SER	edi_clm_active_yn	string
CLARITY_SER	prov_clm_proc_sta_c	int
CLARITY_SER	payee_num_default	string
CLARITY_SER	ser_clm_id	string
CLARITY_SER	mcd_prof_cd_c	int
CLARITY_SER	op_ord_prov_yn	string
CLARITY_SER	is_sup_prov_req_c	int
CLARITY_SER	provider_type_c	string
CLARITY_SER	eprescribing_yn	string
CLARITY_SER	ep_flag_yn	string
CLARITY_SER	sex_c	string
CLARITY_SER	active_status_c	int
CLARITY_SER	referral_source_type_c	string
CLARITY_SER	staff_resource_c	int
CLARITY_SER	referral_srce_type_c	string
CLARITY_SER	dl_load_dt	date
CLARITY_SER	dl_load_ts	timestamp
CLARITY_SER_2	prov_id	string
CLARITY_SER_2	cm_phy_owner_id	string
CLARITY_SER_2	cm_log_owner_id	string
CLARITY_SER_2	ip_ord_prov_yn	string
CLARITY_SER_2	def_letter_pref_c	int
CLARITY_SER_2	def_chart_statn_id	string
CLARITY_SER_2	home_city	string
CLARITY_SER_2	home_state_c	string
CLARITY_SER_2	home_zip	string
CLARITY_SER_2	prevent_reasgn_yn	string
CLARITY_SER_2	lab_printer_id	decimal(18,0)
CLARITY_SER_2	pos_dev_typ_c	string
CLARITY_SER_2	creating_patient_id	string
CLARITY_SER_2	rel_dt_ofst	int
CLARITY_SER_2	rel_dt_ofst_tf_c	int
CLARITY_SER_2	non_person_yn	string
CLARITY_SER_2	res_sup_prov_id	string
CLARITY_SER_2	dicom_aet_def_id	decimal(18,0)
CLARITY_SER_2	grp_or_site_c	string
CLARITY_SER_2	tpl_prov_yn	string
CLARITY_SER_2	panel_factor	decimal(18,2)
CLARITY_SER_2	panel_weight	decimal(18,2)
CLARITY_SER_2	panel_status_c	string
CLARITY_SER_2	auto_gen_or_temp_yn	string
CLARITY_SER_2	ovride_sys_meas_yn	string
CLARITY_SER_2	created_on_fly_yn	string
CLARITY_SER_2	ooo_pool_hip_id	decimal(18,0)
CLARITY_SER_2	prefrd_comm_mthd_c	int
CLARITY_SER_2	recv_encrep_pool_id	decimal(18,0)
CLARITY_SER_2	encrep_prov_yn	string
CLARITY_SER_2	mod_crt_flms_c	string
CLARITY_SER_2	creating_user_id	string
CLARITY_SER_2	surg_auth_upd_dttm	timestamp
CLARITY_SER_2	resident_for_tra_yn	string
CLARITY_SER_2	ip_default_tt_rel_c	string
CLARITY_SER_2	inp_discipline_id	string
CLARITY_SER_2	ignore_dept_rout_yn	string
CLARITY_SER_2	erefil_msg_pool_id	decimal(18,0)
CLARITY_SER_2	place_of_birth	string
CLARITY_SER_2	pat_age_from	int
CLARITY_SER_2	pat_age_to	int
CLARITY_SER_2	auto_int_rfl_apr_yn	string
CLARITY_SER_2	auto_int_rfl_amt	decimal(18,2)
CLARITY_SER_2	auto_ext_rfl_apr_yn	string
CLARITY_SER_2	auto_ext_rfl_amt	decimal(18,2)
CLARITY_SER_2	recruitment_src_c	int
CLARITY_SER_2	utiliztn_metric_c	string
CLARITY_SER_2	utiliztn_comment	string
CLARITY_SER_2	dc_sent_datetime	timestamp
CLARITY_SER_2	surg_primary_svc_c	string
CLARITY_SER_2	coll_res_expr_yn	string
CLARITY_SER_2	pat_review_metric_c	string
CLARITY_SER_2	prov_group_c	string
CLARITY_SER_2	record_creation_dt	timestamp
CLARITY_SER_2	replacemnt_prov_id	string
CLARITY_SER_2	admin_role_c	string
CLARITY_SER_2	resource_type_c	int
CLARITY_SER_2	rslt_rout_type_c	int
CLARITY_SER_2	npi	string
CLARITY_SER_2	inp_licensure_c	int
CLARITY_SER_2	epresc_cntrld_yn	string
CLARITY_SER_2	epcs_allow_ssn_yn	string
CLARITY_SER_2	tap_clms_resrc_yn	string
CLARITY_SER_2	cur_cred_c	int
CLARITY_SER_2	branch_of_service_c	int
CLARITY_SER_2	asgn_mil_unit_id	decimal(18,0)
CLARITY_SER_2	military_rank_c	int
CLARITY_SER_2	allow_refer_to_yn	string
CLARITY_SER_2	service_default_c	string
CLARITY_SER_2	is_resident_c	int
CLARITY_SER_2	rel_dt_past_tmpl_yn	string
CLARITY_SER_2	pecos_status_yn	string
CLARITY_SER_2	dbc_dflt_rfl_sa_id	decimal(18,0)
CLARITY_SER_2	alt_id	string
CLARITY_SER_2	unverified_reason_c	int
CLARITY_SER_2	a_place_yn	string
CLARITY_SER_2	dc_can_resend_yn	string
CLARITY_SER_2	note_service_default_c	string
CLARITY_SER_2	primary_dept_id	decimal(18,0)
CLARITY_SER_2	auth_all_locs_yn	string
CLARITY_SER_2	generic_yn	string
CLARITY_SER_2	tr_skip_sat_yn	string
CLARITY_SER_2	tr_skip_sun_yn	string
CLARITY_SER_2	tr_skip_hol_yn	string
CLARITY_SER_2	release_time	timestamp
CLARITY_SER_2	instant_of_update_dttm	timestamp
CLARITY_SER_2	pall_care_prov_yn	string
CLARITY_SER_2	professional_grp_c	int
CLARITY_SER_2	dutch_agb_code	string
CLARITY_SER_2	uds_prov_type_c	int
CLARITY_SER_2	appt_time_tbd_yn	string
CLARITY_SER_2	appt_tbd_recalc_yn	string
CLARITY_SER_2	office_1_rar_fax	string
CLARITY_SER_2	mips_ec_yn	string
CLARITY_SER_2	mips_img_enc_c	int
CLARITY_SER_2	mips_qm_method_c	int
CLARITY_SER_2	anes_svc_prov_grp_c	string
CLARITY_SER_2	adt_admt_provider_yn	string
CLARITY_SER_2	adt_attn_provider_yn	string
CLARITY_SER_2	procedural_room_yn	string
CLARITY_SER_2	dl_load_dt	date
CLARITY_SER_2	dl_load_ts	timestamp
CLARITY_SER_ADDR	prov_id	string
CLARITY_SER_ADDR	line	int
CLARITY_SER_ADDR	addr_unique_id	string
CLARITY_SER_ADDR	addr_line_1	string
CLARITY_SER_ADDR	addr_line_2	string
CLARITY_SER_ADDR	addr_line_3	string
CLARITY_SER_ADDR	city	string
CLARITY_SER_ADDR	state_c	string
CLARITY_SER_ADDR	zip	string
CLARITY_SER_ADDR	county_c	string
CLARITY_SER_ADDR	country_c	string
CLARITY_SER_ADDR	primary_addr_yn	string
CLARITY_SER_ADDR	phone	string
CLARITY_SER_ADDR	fax	string
CLARITY_SER_ADDR	active_yn	string
CLARITY_SER_ADDR	email	string
CLARITY_SER_ADDR	ext_addr_id	string
CLARITY_SER_ADDR	cm_phy_owner_id	string
CLARITY_SER_ADDR	cm_log_owner_id	string
CLARITY_SER_ADDR	practice_name_c	int
CLARITY_SER_ADDR	house_num	string
CLARITY_SER_ADDR	district_c	int
CLARITY_SER_ADDR	sec_addr_fax_date	timestamp
CLARITY_SER_ADDR	cntct_mthd_addr_c	int
CLARITY_SER_ADDR	ser_printer_id	decimal(18,0)
CLARITY_SER_ADDR	addr_pos_id	decimal(18,0)
CLARITY_SER_ADDR	direct_addr	string
CLARITY_SER_ADDR	org_id	decimal(18,0)
CLARITY_SER_ADDR	shared_address_yn	string
CLARITY_SER_ADDR	internal_address_yn	string
CLARITY_SER_ADDR	source_of_import	string
CLARITY_SER_ADDR	ext_practice_name	string
CLARITY_SER_ADDR	addr_loc_id	decimal(18,0)
CLARITY_SER_ADDR	cntct_mthd_rule_id	decimal(18,0)
CLARITY_SER_ADDR	secondary_rar_fax	string
CLARITY_SER_ADDR	duplicate_eaf_id	decimal(18,0)
CLARITY_SER_ADDR	address_checksum	string
CLARITY_SER_ADDR	addr_ce_set_ident	string
CLARITY_SER_ADDR	addr_link_loc_id	decimal(18,0)
CLARITY_SER_ADDR	dis_loc_calc_yn	string
CLARITY_SER_ADDR	addr_link_org_id	decimal(18,0)
CLARITY_SER_ADDR	vendor_id	string
CLARITY_SER_ADDR	dl_load_dt	date
CLARITY_SER_ADDR	dl_load_ts	timestamp
CLARITY_SER_ADDR	eff_date	timestamp
CLARITY_SER_ADDR	term_date	timestamp
CLARITY_SER_ADDR	deleted_yn	varchar(1)
CLARITY_SER_DEPT	prov_id	string
CLARITY_SER_DEPT	line	int
CLARITY_SER_DEPT	department_id	decimal(18,0)
CLARITY_SER_DEPT	cm_phy_owner_id	string
CLARITY_SER_DEPT	cm_log_owner_id	string
CLARITY_SER_DEPT	inact_cad_dept_yn	string
CLARITY_SER_DEPT	outlook_dept_yn	string
CLARITY_SER_DEPT	subgroup_c	int
CLARITY_SER_DEPT	team_subgroup_id	decimal(18,0)
CLARITY_SER_DEPT	dept_vt_lmt_dept_yn	string
CLARITY_SER_DEPT	publish_slots_yn	string
CLARITY_SER_DEPT	publish_clinician_c	int
CLARITY_SER_DEPT	dflt_acct_class_c	int
CLARITY_SER_DEPT	default_arrival_pat_loc_id	decimal(18,0)
CLARITY_SER_DEPT	remove_unavail_days	int
CLARITY_SER_DEPT	exclude_util_override_c	int
CLARITY_SER_DEPT	dl_load_dt	date
CLARITY_SER_DEPT	dl_load_ts	timestamp
CLARITY_SER_DEPT	take_new_pat_dept_yn	varchar(1)
CLARITY_SER_DEPT	active_until_date	timestamp
CLARITY_SER_DEPT	pf_show_prov_dept_yn	string
CLARITY_SER_LICEN2	prov_id	string
CLARITY_SER_LICEN2	line	int
CLARITY_SER_LICEN2	license_type	string
CLARITY_SER_LICEN2	license_num	string
CLARITY_SER_LICEN2	license_exp_date	timestamp
CLARITY_SER_LICEN2	cm_phy_owner_id	string
CLARITY_SER_LICEN2	cm_log_owner_id	string
CLARITY_SER_LICEN2	license_state_c	string
CLARITY_SER_LICEN2	dl_load_dt	date
CLARITY_SER_LICEN2	dl_load_ts	timestamp
CLARITY_SER_SPEC	prov_id	string
CLARITY_SER_SPEC	line	int
CLARITY_SER_SPEC	specialty_c	string
CLARITY_SER_SPEC	cm_phy_owner_id	string
CLARITY_SER_SPEC	cm_log_owner_id	string
CLARITY_SER_SPEC	dl_load_dt	date
CLARITY_SER_SPEC	dl_load_ts	timestamp
CLARITY_TBL	table_id	string
CLARITY_TBL	table_name	string
CLARITY_TBL	extract_filename	string
CLARITY_TBL	released_version_c	decimal(8,3)
CLARITY_TBL	last_mod_version_c	decimal(8,3)
CLARITY_TBL	bs_template_id	int
CLARITY_TBL	dependent_ini	string
CLARITY_TBL	is_job_divided_yn	string
CLARITY_TBL	is_extracted_yn	string
CLARITY_TBL	load_frequency	string
CLARITY_TBL	load_type	string
CLARITY_TBL	routine_name	string
CLARITY_TBL	ora_data_tblspace	string
CLARITY_TBL	ora_index_tblspace	string
CLARITY_TBL	ora_ovrfl_tblspace	string
CLARITY_TBL	is_partitioned_yn	string
CLARITY_TBL	partition_type	string
CLARITY_TBL	partition_range	string
CLARITY_TBL	is_ix_organized_yn	string
CLARITY_TBL	sub_partition_key	string
CLARITY_TBL	sub_partition_val	string
CLARITY_TBL	tbl_descriptor	string
CLARITY_TBL	tbl_descriptor_ovr	string
CLARITY_TBL	table_introduction	string
CLARITY_TBL	chronicles_mf	string
CLARITY_TBL	cm_phy_owner_id	string
CLARITY_TBL	cm_log_owner_id	string
CLARITY_TBL	is_preserved_yn	string
CLARITY_TBL	ora_stg_tblspace	string
CLARITY_TBL	ora_stg_ovrfltblsp	string
CLARITY_TBL	table_notes	string
CLARITY_TBL	data_retained_yn	string
CLARITY_TBL	deprecated_yn	string
CLARITY_TBL	extract_template_c	int
CLARITY_TBL	dl_load_dt	date
CLARITY_TBL	dl_load_ts	timestamp
CLARITY_TBL_APP	table_id	string
CLARITY_TBL_APP	line	int
CLARITY_TBL_APP	application_c	int
CLARITY_TBL_APP	cm_phy_owner_id	string
CLARITY_TBL_APP	cm_log_owner_id	string
CLARITY_TBL_APP	core_table_yn	string
CLARITY_TBL_APP	dl_load_dt	date
CLARITY_TBL_APP	dl_load_ts	timestamp
CONCEPT_MAPPED	mapping_id	decimal(18,0)
CONCEPT_MAPPED	line	int
CONCEPT_MAPPED	cm_phy_owner_id	string
CONCEPT_MAPPED	cm_log_owner_id	string
CONCEPT_MAPPED	mapping_type_c	int
CONCEPT_MAPPED	concept_id	string
CONCEPT_MAPPED	mapping_definition	string
CONCEPT_MAPPED	pref_lex_map_yn	string
CONCEPT_MAPPED	dl_load_dt	date
CONCEPT_MAPPED	dl_load_ts	timestamp
COVERAGE	coverage_id	decimal(18,0)
COVERAGE	coverage_type_c	int
COVERAGE	coverage_status_c	int
COVERAGE	carrier_id	string
COVERAGE	payor_id	decimal(18,0)
COVERAGE	plan_id	decimal(18,0)
COVERAGE	plan_grp_id	string
COVERAGE	subscr_num	string
COVERAGE	acct_id	decimal(18,0)
COVERAGE	subscr_name	string
COVERAGE	cobra_status_yn	string
COVERAGE	cobra_date	timestamp
COVERAGE	late_enroll_yn	string
COVERAGE	student_review_dt	timestamp
COVERAGE	employment_date	timestamp
COVERAGE	application_date	timestamp
COVERAGE	epic_cvg_id	decimal(18,0)
COVERAGE	pb_acct_id	string
COVERAGE	subscr_birthdate	timestamp
COVERAGE	subscr_sex_c	string
COVERAGE	subscr_addr1	string
COVERAGE	subscr_addr2	string
COVERAGE	subscr_city	string
COVERAGE	subscr_state_c	string
COVERAGE	subscr_country_c	string
COVERAGE	subscr_zip	string
COVERAGE	subscr_phone	string
COVERAGE	subscriber_fax	string
COVERAGE	subscr_work_phone	string
COVERAGE	cvg_eff_dt	timestamp
COVERAGE	cvg_term_dt	timestamp
COVERAGE	subscr_county_c	string
COVERAGE	casehead_number	string
COVERAGE	casehead_name	string
COVERAGE	dt_last_pro_rated	timestamp
COVERAGE	tnsfrd_coverage_id	decimal(18,0)
COVERAGE	update_date	timestamp
COVERAGE	subsc_race_c	int
COVERAGE	sub_marital_sts_c	int
COVERAGE	is_sub_us_citzn_yn	string
COVERAGE	cvg_reg_status_c	string
COVERAGE	last_date_verified	timestamp
COVERAGE	next_review_date	timestamp
COVERAGE	verify_user_id	string
COVERAGE	verify_source_c	int
COVERAGE	subscr_employer_id	string
COVERAGE	group_name	string
COVERAGE	cvg_addr1	string
COVERAGE	cvg_addr2	string
COVERAGE	cvg_city	string
COVERAGE	state_c	string
COVERAGE	cvg_zip	string
COVERAGE	cvg_phone1	string
COVERAGE	subscr_ssn	string
COVERAGE	subscr_eep_addr_1	string
COVERAGE	subscr_eep_addr_2	string
COVERAGE	subscr_eep_city	string
COVERAGE	subscr_eep_ste_c	string
COVERAGE	subscr_eep_zip	string
COVERAGE	subscr_eep_phone	string
COVERAGE	subscr_emp_stat_c	int
COVERAGE	group_num	string
COVERAGE	claim_mail_code_c	int
COVERAGE	cm_phy_owner_id	string
COVERAGE	cm_log_owner_id	string
COVERAGE	web_apn_id	string
COVERAGE	wc_employer_id	string
COVERAGE	wc_date_of_injury	timestamp
COVERAGE	is_sig_on_file_yn	string
COVERAGE	enroll_reason_c	int
COVERAGE	cvg_term_reason_c	int
COVERAGE	subscr_empr_id_cmt	string
COVERAGE	pat_rec_of_subs_id	string
COVERAGE	ecd_table_def_copay	decimal(18,2)
COVERAGE	coinsurance_ovr	decimal(3,0)
COVERAGE	subscr_house_num	string
COVERAGE	medc_covered_left	decimal(18,0)
COVERAGE	medc_coins_left	decimal(18,0)
COVERAGE	medc_reserve_left	decimal(18,0)
COVERAGE	ccs_pat_id	string
COVERAGE	ccs_dx	string
COVERAGE	ccs_cc_name	string
COVERAGE	ccs_coor_phone	string
COVERAGE	ccs_county_phone	string
COVERAGE	cvg_county_c	string
COVERAGE	cvg_country_c	string
COVERAGE	cvg_house_num	string
COVERAGE	cvg_district_c	int
COVERAGE	subscr_eep_cnty_c	string
COVERAGE	subscr_eep_house_n	string
COVERAGE	subscr_eep_dist_c	int
COVERAGE	subscr_district_c	int
COVERAGE	eff_hosp_cvg_dt	timestamp
COVERAGE	eff_prov_cvg_dt	timestamp
COVERAGE	medicare_cvg_type_c	int
COVERAGE	medicare_subscr_id	string
COVERAGE	rqg_rel_to_sub_c	int
COVERAGE	q4co_buckets_exc_yn	string
COVERAGE	med_sec_type_c	string
COVERAGE	chdp_county_c	string
COVERAGE	chdp_aid_code	string
COVERAGE	subsc_rel_to_guar_c	int
COVERAGE	subscr_empr_cntry_c	string
COVERAGE	cvg_card_issue_dt	timestamp
COVERAGE	cvg_deductible_yn	string
COVERAGE	first_spec_aid_code	string
COVERAGE	sec_spec_aid_code	string
COVERAGE	thrd_spec_aid_code	string
COVERAGE	evc_num	string
COVERAGE	county_code_c	int
COVERAGE	cvg_verification_id	decimal(18,0)
COVERAGE	ext_routing_num_c	string
COVERAGE	conf_nam_of_assc_pt	string
COVERAGE	own_bus_seg_eaf_id	decimal(18,0)
COVERAGE	subscr_or_self_mem_pat_id	string
COVERAGE	dl_load_dt	date
COVERAGE	dl_load_ts	timestamp
COVERAGE_2	cvg_id	decimal(18,0)
COVERAGE_2	cm_phy_owner_id	string
COVERAGE_2	cm_log_owner_id	string
COVERAGE_2	status_c	int
COVERAGE_2	retro_queue_flag	string
COVERAGE_2	copay_info	string
COVERAGE_2	is_deduct_met_c	int
COVERAGE_2	is_asgn_cvg_c	int
COVERAGE_2	sig_on_file_date	timestamp
COVERAGE_2	sig_on_file_loc	string
COVERAGE_2	medigap_auth_yn	string
COVERAGE_2	tpl_resource_code	string
COVERAGE_2	third_party_liab_yn	string
COVERAGE_2	benefit_code	string
COVERAGE_2	subscr_employer_fax	string
COVERAGE_2	employee_id_num	string
COVERAGE_2	subscr_occupation	string
COVERAGE_2	subsc_retire_dt	timestamp
COVERAGE_2	subsc_sps_retire_dt	timestamp
COVERAGE_2	scheduled_discon_dt	timestamp
COVERAGE_2	scheduled_actv_dt	timestamp
COVERAGE_2	verify_prompt_yn	string
COVERAGE_2	yr_allow_dol_tot	string
COVERAGE_2	yr_allow_dol_use	string
COVERAGE_2	org_for_clm_submit	string
COVERAGE_2	financial_class_c	string
COVERAGE_2	coverage_fax	string
COVERAGE_2	free_txt_plan_name	string
COVERAGE_2	free_txt_payor_name	string
COVERAGE_2	cvg_cpy_src_id	decimal(18,0)
COVERAGE_2	plan_free_text	string
COVERAGE_2	tefra_pat_yn	string
COVERAGE_2	admission_src_c	int
COVERAGE_2	enroll_code_fbc	string
COVERAGE_2	grp_number	string
COVERAGE_2	hmo_site_num	string
COVERAGE_2	hmo_site_phone	string
COVERAGE_2	alt_subscr_bill_nam	string
COVERAGE_2	copay_amount	string
COVERAGE_2	champus_subscr_stat	string
COVERAGE_2	champ_spon_status_c	string
COVERAGE_2	service_branch	string
COVERAGE_2	champ_spon_branch_c	string
COVERAGE_2	champ_spon_grade_c	string
COVERAGE_2	mcare_other_ins_co	string
COVERAGE_2	mcare_rec_dis_yn	string
COVERAGE_2	dis_cvd_by_emp_yn	string
COVERAGE_2	mcare_100_emp_yn	string
COVERAGE_2	mcare_auto_yn	string
COVERAGE_2	mcare_liab_yn	string
COVERAGE_2	mcare_wk_comp_yn	string
COVERAGE_2	mcare_non_auto_yn	string
COVERAGE_2	mcare_black_lung_yn	string
COVERAGE_2	mcare_va_yn	string
COVERAGE_2	mcare_parent_emp_yn	string
COVERAGE_2	mcare_cvd_gd_yn	string
COVERAGE_2	mcare_gd_emp_100_yn	string
COVERAGE_2	is_mcare_vet_admn_c	string
COVERAGE_2	mcare_employed_yn	string
COVERAGE_2	mcare_enrl_hmo_yn	string
COVERAGE_2	mcare_cvd_eghp_yn	string
COVERAGE_2	mcare_emp_20_yn	string
COVERAGE_2	mcare_ren_dial_yn	string
COVERAGE_2	is_mcare_renal_di_c	string
COVERAGE_2	mcare_1st_18mo_yn	string
COVERAGE_2	mcare_home_dial_yn	string
COVERAGE_2	mcare_self_epo_yn	string
COVERAGE_2	mcare_disable_yn	string
COVERAGE_2	mcare_spse_ret_yn	string
COVERAGE_2	mcare_spouse_ret_dt	timestamp
COVERAGE_2	mcare_empr_ins_yn	string
COVERAGE_2	mcare_retire_yn	string
COVERAGE_2	mcare_retire_date	timestamp
COVERAGE_2	mcare_fam_empy_yn	string
COVERAGE_2	mcare_othr_cvg_yn	string
COVERAGE_2	mcare_spc_emp_yn	string
COVERAGE_2	mcare_cvg_frm_sp_yn	string
COVERAGE_2	verif_evs_yn	string
COVERAGE_2	evs_verif_date	timestamp
COVERAGE_2	payor_name	string
COVERAGE_2	payor_city	string
COVERAGE_2	subscriber_bnk_id	string
COVERAGE_2	dl_load_dt	date
COVERAGE_2	dl_load_ts	timestamp
COVERAGE_2	ext_cvg_src_organization_id	decimal(18,0)
COVERAGE_2	ext_cvg_fhir_ident	varchar(255)
COVERAGE_2	ext_cvg_oid	varchar(254)
COVERAGE_2	ext_payer_name	varchar(254)
COVERAGE_2	ext_plan_name	varchar(254)
COVERAGE_2	ext_reference_payer_c	int
COVERAGE_2	ext_reference_fin_class_c	int
COVERAGE_2	ext_plan_logo_fhir_ident	varchar(184)
COVERAGE_2	ext_payer_lob_type_c	int
COVERAGE_3	cvg_id	decimal(18,0)
COVERAGE_3	cm_phy_owner_id	string
COVERAGE_3	cm_log_owner_id	string
COVERAGE_3	payor_state_c	string
COVERAGE_3	payor_zip	string
COVERAGE_3	payor_phone	string
COVERAGE_3	payor_claim_ofc_num	string
COVERAGE_3	ref_prov_name_id	string
COVERAGE_3	ref_prov_city	string
COVERAGE_3	ref_prov_state_c	string
COVERAGE_3	ref_prov_zip	string
COVERAGE_3	auth_num	string
COVERAGE_3	authorization_dttm	timestamp
COVERAGE_3	auth_person	string
COVERAGE_3	verif_datetime	timestamp
COVERAGE_3	med_assist_card	string
COVERAGE_3	med_assist_code_c	string
COVERAGE_3	med_assist_status	string
COVERAGE_3	med_assist_cov_code	string
COVERAGE_3	is_cvg_va_prog_yn	string
COVERAGE_3	instant_of_upd_dttm	timestamp
COVERAGE_3	is_mc_program_yn	string
COVERAGE_3	mc_prim_prov	string
COVERAGE_3	mc_auth_num	string
COVERAGE_3	mc_auth_phone_num	string
COVERAGE_3	type_of_coverage_c	string
COVERAGE_3	also_has_mcare_yn	string
COVERAGE_3	major_medical_c	string
COVERAGE_3	mcaid_grp_no_suf_c	string
COVERAGE_3	champus_rank	string
COVERAGE_3	champus_grade	string
COVERAGE_3	bc_bs_cntrct_acct_c	string
COVERAGE_3	mac_prov_phone_num	string
COVERAGE_3	mac_auth_cnct_prsn	string
COVERAGE_3	mac_comment	string
COVERAGE_3	mac_pmp_auth_c	string
COVERAGE_3	mcare_rr_sub_no_p_c	int
COVERAGE_3	reciprocity_no	string
COVERAGE_3	mac_auth_ent_prsn	string
COVERAGE_3	therapy_type_c	int
COVERAGE_3	therapy_plan_date	timestamp
COVERAGE_3	therapy_start_dt	timestamp
COVERAGE_3	last_menstrual_date	string
COVERAGE_3	auth_valid_from_dt	timestamp
COVERAGE_3	auth_valid_to_date	timestamp
COVERAGE_3	commercial_auth_num	string
COVERAGE_3	comm_auth_prsn	string
COVERAGE_3	mc_cobra_status_yn	string
COVERAGE_3	mc_cobra_date	timestamp
COVERAGE_3	pb_acct_created_yn	string
COVERAGE_3	altr_cvg_attn	string
COVERAGE_3	altr_city	string
COVERAGE_3	altr_state_c	string
COVERAGE_3	enroll_reason_reg_c	int
COVERAGE_3	hra_id	decimal(18,0)
COVERAGE_3	subs_subdiv_code_c	int
COVERAGE_3	ext_upd_type_c	int
COVERAGE_3	ext_update_comment	string
COVERAGE_3	enroll_recv_date	timestamp
COVERAGE_3	dl_load_dt	date
COVERAGE_3	dl_load_ts	timestamp
COVERAGE_3	prior_lis_date	timestamp
COVERAGE_3	alt_transplant_payer_opt_c	int
COVERAGE_3	pb_paid_through_date	timestamp
COVERAGE_CREATION	cvg_id	decimal(18,0)
COVERAGE_CREATION	contact_date_real	double
COVERAGE_CREATION	contact_date	timestamp
COVERAGE_CREATION	dl_load_dt	date
COVERAGE_CREATION	dl_load_ts	timestamp
COVERAGE_MEM_LIST	coverage_id	decimal(18,0)
COVERAGE_MEM_LIST	line	int
COVERAGE_MEM_LIST	pat_id	string
COVERAGE_MEM_LIST	mem_eff_from_date	timestamp
COVERAGE_MEM_LIST	mem_eff_to_date	timestamp
COVERAGE_MEM_LIST	mem_covered_yn	string
COVERAGE_MEM_LIST	mem_edi_update_dt	timestamp
COVERAGE_MEM_LIST	mem_rel_to_sub_c	int
COVERAGE_MEM_LIST	mem_term_reason_c	int
COVERAGE_MEM_LIST	mem_number	string
COVERAGE_MEM_LIST	mem_app_date	timestamp
COVERAGE_MEM_LIST	mem_student_yn	string
COVERAGE_MEM_LIST	mem_late_enroll_yn	string
COVERAGE_MEM_LIST	mem_medicare_num	string
COVERAGE_MEM_LIST	mem_cvg_attr	int
COVERAGE_MEM_LIST	ot_attr_eff_date	timestamp
COVERAGE_MEM_LIST	ot_attr_term_date	timestamp
COVERAGE_MEM_LIST	ot_attr_comment	string
COVERAGE_MEM_LIST	mem_rel_to_guar_c	int
COVERAGE_MEM_LIST	cm_phy_owner_id	string
COVERAGE_MEM_LIST	cm_log_owner_id	string
COVERAGE_MEM_LIST	dependent_type_c	int
COVERAGE_MEM_LIST	court_decree_c	int
COVERAGE_MEM_LIST	custody_c	int
COVERAGE_MEM_LIST	mem_enroll_rsn_c	int
COVERAGE_MEM_LIST	member_verf_user_id	string
COVERAGE_MEM_LIST	mem_payor_name	string
COVERAGE_MEM_LIST	mem_person_code	string
COVERAGE_MEM_LIST	eligibility_clar_c	int
COVERAGE_MEM_LIST	mem_verification_id	decimal(18,0)
COVERAGE_MEM_LIST	mem_verif_stat_c	string
COVERAGE_MEM_LIST	last_verif_date	timestamp
COVERAGE_MEM_LIST	mem_sched_discon_dt	timestamp
COVERAGE_MEM_LIST	carrier_identifier	string
COVERAGE_MEM_LIST	claim_identifier	string
COVERAGE_MEM_LIST	facility_identifier	string
COVERAGE_MEM_LIST	home_plan	string
COVERAGE_MEM_LIST	plan_identifier	string
COVERAGE_MEM_LIST	member_id_from_file	string
COVERAGE_MEM_LIST	pcn_override	string
COVERAGE_MEM_LIST	rx_billing_info_id	int
COVERAGE_MEM_LIST	mem_mail_addr_ln_1	string
COVERAGE_MEM_LIST	mem_mail_addr_ln_2	string
COVERAGE_MEM_LIST	mem_mail_state_c	string
COVERAGE_MEM_LIST	mem_mail_zip	string
COVERAGE_MEM_LIST	mem_mail_county_c	string
COVERAGE_MEM_LIST	mem_mail_country_c	string
COVERAGE_MEM_LIST	mem_mail_city	string
COVERAGE_MEM_LIST	mem_custo_name	string
COVERAGE_MEM_LIST	mem_custo_ssn	string
COVERAGE_MEM_LIST	mem_custo_addr_ln_1	string
COVERAGE_MEM_LIST	mem_custo_addr_ln_2	string
COVERAGE_MEM_LIST	mem_custo_city	string
COVERAGE_MEM_LIST	mem_custo_state_c	string
COVERAGE_MEM_LIST	mem_custo_zip	string
COVERAGE_MEM_LIST	mem_custo_county_c	string
COVERAGE_MEM_LIST	mem_custo_country_c	string
COVERAGE_MEM_LIST	mem_custo_email	string
COVERAGE_MEM_LIST	mem_app_time	timestamp
COVERAGE_MEM_LIST	hix_app_id	string
COVERAGE_MEM_LIST	hix_origin	string
COVERAGE_MEM_LIST	apclm_mem_ver_date	timestamp
COVERAGE_MEM_LIST	hix_en_addl_maint_rsn_c	int
COVERAGE_MEM_LIST	mem_medicare_num_coverage	string
COVERAGE_MEM_LIST	mem_legacy_hicn_coverage	string
COVERAGE_MEM_LIST	dl_load_dt	date
COVERAGE_MEM_LIST	dl_load_ts	timestamp
COVERAGE_MEMBER_LIST	coverage_id	decimal(18,0)
COVERAGE_MEMBER_LIST	line	int
COVERAGE_MEMBER_LIST	cm_phy_owner_id	string
COVERAGE_MEMBER_LIST	cm_log_owner_id	string
COVERAGE_MEMBER_LIST	pat_id	string
COVERAGE_MEMBER_LIST	mem_covered_yn	string
COVERAGE_MEMBER_LIST	mem_rel_to_sub_c	int
COVERAGE_MEMBER_LIST	mem_rel_to_guar_c	int
COVERAGE_MEMBER_LIST	dependent_type_c	int
COVERAGE_MEMBER_LIST	court_decree_c	int
COVERAGE_MEMBER_LIST	custody_c	int
COVERAGE_MEMBER_LIST	mem_payor_name	string
COVERAGE_MEMBER_LIST	mem_verification_id	decimal(18,0)
COVERAGE_MEMBER_LIST	mem_number	string
COVERAGE_MEMBER_LIST	mem_person_code	string
COVERAGE_MEMBER_LIST	eligibility_clar_c	int
COVERAGE_MEMBER_LIST	mem_app_date	timestamp
COVERAGE_MEMBER_LIST	mem_app_time	timestamp
COVERAGE_MEMBER_LIST	mem_eff_from_date	timestamp
COVERAGE_MEMBER_LIST	mem_student_yn	string
COVERAGE_MEMBER_LIST	mem_medicare_num	string
COVERAGE_MEMBER_LIST	mem_enroll_rsn_c	int
COVERAGE_MEMBER_LIST	hix_en_addl_maint_rsn_c	int
COVERAGE_MEMBER_LIST	mem_eff_to_date	timestamp
COVERAGE_MEMBER_LIST	mem_term_reason_c	int
COVERAGE_MEMBER_LIST	mem_sched_discon_dt	timestamp
COVERAGE_MEMBER_LIST	mem_edi_update_dt	timestamp
COVERAGE_MEMBER_LIST	mem_late_enroll_yn	string
COVERAGE_MEMBER_LIST	mem_verif_stat_c	string
COVERAGE_MEMBER_LIST	last_verif_date	timestamp
COVERAGE_MEMBER_LIST	apclm_mem_ver_date	timestamp
COVERAGE_MEMBER_LIST	pcn_override	string
COVERAGE_MEMBER_LIST	member_verf_user_id	string
COVERAGE_MEMBER_LIST	member_id_from_file	string
COVERAGE_MEMBER_LIST	carrier_identifier	string
COVERAGE_MEMBER_LIST	claim_identifier	string
COVERAGE_MEMBER_LIST	facility_identifier	string
COVERAGE_MEMBER_LIST	home_plan	string
COVERAGE_MEMBER_LIST	plan_identifier	string
COVERAGE_MEMBER_LIST	rx_billing_info_id	int
COVERAGE_MEMBER_LIST	mem_cvg_attr	string
COVERAGE_MEMBER_LIST	hix_app_id	string
COVERAGE_MEMBER_LIST	hix_origin	string
COVERAGE_MEMBER_LIST	mem_mail_city	string
COVERAGE_MEMBER_LIST	mem_mail_state_c	string
COVERAGE_MEMBER_LIST	mem_mail_zip	string
COVERAGE_MEMBER_LIST	mem_mail_county_c	string
COVERAGE_MEMBER_LIST	mem_mail_country_c	string
COVERAGE_MEMBER_LIST	mem_mail_addr_ln_1	string
COVERAGE_MEMBER_LIST	mem_mail_addr_ln_2	string
COVERAGE_MEMBER_LIST	mem_custo_name	string
COVERAGE_MEMBER_LIST	mem_custo_ssn	string
COVERAGE_MEMBER_LIST	mem_custo_city	string
COVERAGE_MEMBER_LIST	mem_custo_state_c	string
COVERAGE_MEMBER_LIST	mem_custo_zip	string
COVERAGE_MEMBER_LIST	mem_custo_county_c	string
COVERAGE_MEMBER_LIST	mem_custo_country_c	string
COVERAGE_MEMBER_LIST	mem_custo_email	string
COVERAGE_MEMBER_LIST	mem_custo_addr_ln_1	string
COVERAGE_MEMBER_LIST	mem_custo_addr_ln_2	string
COVERAGE_MEMBER_LIST	mem_covered_c	int
COVERAGE_MEMBER_LIST	mem_appl_dttm	timestamp
COVERAGE_MEMBER_LIST	mem_payor_sex_c	string
COVERAGE_MEMBER_LIST	mem_medicare_num_coverage	string
COVERAGE_MEMBER_LIST	mem_legacy_hicn_coverage	string
COVERAGE_MEMBER_LIST	mem_mail_house_num	string
COVERAGE_MEMBER_LIST	mem_mail_district_c	int
COVERAGE_MEMBER_LIST	mem_custo_house_num	string
COVERAGE_MEMBER_LIST	mem_custo_district_c	int
COVERAGE_MEMBER_LIST	mem_mail_addr_is_valid_c	int
COVERAGE_MEMBER_LIST	mem_mail_addr_valid_mthd_c	int
COVERAGE_MEMBER_LIST	mem_mail_addr_valid_utc_dttm	timestamp
COVERAGE_MEMBER_LIST	mem_mail_addr_valid_user_id	string
COVERAGE_MEMBER_LIST	mem_custo_addr_is_valid_c	int
COVERAGE_MEMBER_LIST	mem_custo_addr_valid_mthd_c	int
COVERAGE_MEMBER_LIST	mem_custo_addr_valid_utc_dttm	timestamp
COVERAGE_MEMBER_LIST	mem_custo_addr_valid_user_id	string
COVERAGE_MEMBER_LIST	mem_mail_addr_valid_dttm	timestamp
COVERAGE_MEMBER_LIST	mem_custo_addr_valid_dttm	timestamp
COVERAGE_MEMBER_LIST	mem_addr_is_undeliv_yn	string
COVERAGE_MEMBER_LIST	mem_medicaid_num	string
COVERAGE_MEMBER_LIST	mem_eff_dt_chng_rsn_c	int
COVERAGE_MEMBER_LIST	dl_load_dt	date
COVERAGE_MEMBER_LIST	dl_load_ts	timestamp
COVERAGE_MEMBER_LIST	mem_alt_ident	string
COVERAGE_MEMBER_LIST	member_payer_birth_date	timestamp
CP_TEMP_PROB_TEMP	template_id	decimal(18,0)
CP_TEMP_PROB_TEMP	contact_date_real	double
CP_TEMP_PROB_TEMP	line	int
CP_TEMP_PROB_TEMP	contact_date	timestamp
CP_TEMP_PROB_TEMP	cm_phy_owner_id	string
CP_TEMP_PROB_TEMP	cm_log_owner_id	string
CP_TEMP_PROB_TEMP	cm_ct_owner_id	string
CP_TEMP_PROB_TEMP	template_elment_id	decimal(18,0)
CP_TEMP_PROB_TEMP	dl_load_dt	date
CP_TEMP_PROB_TEMP	dl_load_ts	timestamp
CSA_PARTITION_LOOKUP	table_name	string
CSA_PARTITION_LOOKUP	update_dt	timestamp
CSA_PARTITION_LOOKUP	timestamp_extract_key	int
CSA_PARTITION_LOOKUP	dl_load_dt	date
CSA_PARTITION_LOOKUP	dl_load_ts	timestamp
CUST_SERV_ATCHMENT	comm_id	decimal(18,0)
CUST_SERV_ATCHMENT	line	int
CUST_SERV_ATCHMENT	cm_phy_owner_id	string
CUST_SERV_ATCHMENT	cm_log_owner_id	string
CUST_SERV_ATCHMENT	atchment_user_id	string
CUST_SERV_ATCHMENT	atchment_instant	timestamp
CUST_SERV_ATCHMENT	atchment_type_c	int
CUST_SERV_ATCHMENT	atchment_pat_id	string
CUST_SERV_ATCHMENT	atchment_pt_csn_id	decimal(18,0)
CUST_SERV_ATCHMENT	atchment_ser_id	string
CUST_SERV_ATCHMENT	atchment_emp_grp_id	string
CUST_SERV_ATCHMENT	atchment_ven_id	string
CUST_SERV_ATCHMENT	atchment_mcr_id	string
CUST_SERV_ATCHMENT	atchment_ref_id	decimal(18,0)
CUST_SERV_ATCHMENT	atchment_clm_id	decimal(18,0)
CUST_SERV_ATCHMENT	atchment_net_id	string
CUST_SERV_ATCHMENT	atchment_loc_id	decimal(18,0)
CUST_SERV_ATCHMENT	atchment_pos_id	decimal(18,0)
CUST_SERV_ATCHMENT	atchment_dep_id	decimal(18,0)
CUST_SERV_ATCHMENT	atchment_pba_id	string
CUST_SERV_ATCHMENT	atchment_ear_id	decimal(18,0)
CUST_SERV_ATCHMENT	atchment_ncs_id	decimal(18,0)
CUST_SERV_ATCHMENT	atchment_rsn_c	int
CUST_SERV_ATCHMENT	atchment_rsn_cmt	string
CUST_SERV_ATCHMENT	atchment_har_id	decimal(18,0)
CUST_SERV_ATCHMENT	atchment_cvg_id	decimal(18,0)
CUST_SERV_ATCHMENT	atchment_prog_id	string
CUST_SERV_ATCHMENT	atchment_zip	string
CUST_SERV_ATCHMENT	atchment_prospect_id	decimal(18,0)
CUST_SERV_ATCHMENT	atchment_campaign_id	decimal(18,0)
CUST_SERV_ATCHMENT	atchment_order_id	decimal(18,0)
CUST_SERV_ATCHMENT	atchment_estimate_id	decimal(18,0)
CUST_SERV_ATCHMENT	atchment_document_id	string
CUST_SERV_ATCHMENT	dl_load_dt	date
CUST_SERV_ATCHMENT	dl_load_ts	timestamp
CUST_SERV_ATCHMENT	atchment_claim_recon_id	string
CUST_SERV_ATCHMENT	atchment_research_id	string
CUST_SERV_ATCHMENT	atchment_staging_record_id	decimal(18,0)
CUST_SERV_ATCHMENT	atchment_appeal_grv_id	decimal(18,0)
CUST_SERV_ATCHMENT	atchment_auth_request_id	decimal(18,0)
CUST_SERVICE	comm_id	decimal(18,0)
CUST_SERVICE	entry_user_id	string
CUST_SERVICE	entry_date	timestamp
CUST_SERVICE	source_type_c	int
CUST_SERVICE	source_member_id	string
CUST_SERVICE	topic_c	string
CUST_SERVICE	subject_type_c	int
CUST_SERVICE	res_c	string
CUST_SERVICE	res_user_id	string
CUST_SERVICE	res_date	timestamp
CUST_SERVICE	res_satisfaction	int
CUST_SERVICE	priority_c	string
CUST_SERVICE	summary	string
CUST_SERVICE	source_staff_id	string
CUST_SERVICE	source_plan_grp_id	string
CUST_SERVICE	source_carrier_id	string
CUST_SERVICE	source_account_id	decimal(18,0)
CUST_SERVICE	source_network_id	string
CUST_SERVICE	subj_member_id	string
CUST_SERVICE	subj_staff_id	string
CUST_SERVICE	subj_plan_grp_id	string
CUST_SERVICE	subj_carrier_id	string
CUST_SERVICE	subj_network_id	string
CUST_SERVICE	subj_vendor_id	string
CUST_SERVICE	subj_referral_id	decimal(18,0)
CUST_SERVICE	subj_claim_id	decimal(18,0)
CUST_SERVICE	pat_enc_csn_id	decimal(18,0)
CUST_SERVICE	rkp_id	string
CUST_SERVICE	lob_id	string
CUST_SERVICE	rec_sensitivity_c	int
CUST_SERVICE	rec_comm_origin_c	int
CUST_SERVICE	src_customer	string
CUST_SERVICE	src_vendor_id	string
CUST_SERVICE	src_payor_id	decimal(18,0)
CUST_SERVICE	record_entry_time	timestamp
CUST_SERVICE	sub_customer	string
CUST_SERVICE	sub_location_id	decimal(18,0)
CUST_SERVICE	sub_pos_id	decimal(18,0)
CUST_SERVICE	sub_dept_id	decimal(18,0)
CUST_SERVICE	rec_res_time	timestamp
CUST_SERVICE	ncs_text	string
CUST_SERVICE	cm_phy_owner_id	string
CUST_SERVICE	cm_log_owner_id	string
CUST_SERVICE	lab_specimen_id	string
CUST_SERVICE	lab_test_id	string
CUST_SERVICE	subj_req_grp_id	decimal(18,0)
CUST_SERVICE	lab_log_status_c	int
CUST_SERVICE	lab_log_type_c	int
CUST_SERVICE	lab_order_id	decimal(18,0)
CUST_SERVICE	external_id_num	string
CUST_SERVICE	subject_ear_id	decimal(18,0)
CUST_SERVICE	valid_crm_yn	string
CUST_SERVICE	not_resolved_yn	string
CUST_SERVICE	respond_by_method_c	int
CUST_SERVICE	respond_method_info	string
CUST_SERVICE	res_1st_attempt_yn	string
CUST_SERVICE	crm_owner_yn	string
CUST_SERVICE	crm_cur_owner_id	string
CUST_SERVICE	own_bus_seg_eaf_id	decimal(18,0)
CUST_SERVICE	creation_sa_pbs_id	decimal(18,0)
CUST_SERVICE	sub_topic_c	int
CUST_SERVICE	har_id	decimal(18,0)
CUST_SERVICE	entry_department_id	decimal(18,0)
CUST_SERVICE	rout_hx_hth_id	decimal(18,0)
CUST_SERVICE	source_pba_id	string
CUST_SERVICE	subject_pba_id	string
CUST_SERVICE	lab_req_id	decimal(18,0)
CUST_SERVICE	lab_case_id	decimal(18,0)
CUST_SERVICE	user_context_c	string
CUST_SERVICE	reopen_first_att_yn	string
CUST_SERVICE	record_state_c	int
CUST_SERVICE	was_reopened_yn	string
CUST_SERVICE	creat_quick_crm_id	decimal(18,0)
CUST_SERVICE	external_source	string
CUST_SERVICE	bank_recon_id	decimal(18,0)
CUST_SERVICE	subject_apc_id	decimal(18,0)
CUST_SERVICE	source_prospect_id	decimal(18,0)
CUST_SERVICE	subject_prospect_id	decimal(18,0)
CUST_SERVICE	subject_order_id	decimal(18,0)
CUST_SERVICE	source_submitter_id	decimal(18,0)
CUST_SERVICE	subject_campaign_id	decimal(18,0)
CUST_SERVICE	entry_utc_dttm	timestamp
CUST_SERVICE	resolution_utc_dttm	timestamp
CUST_SERVICE	subject_decision_id	decimal(18,0)
CUST_SERVICE	subject_estimate_id	decimal(18,0)
CUST_SERVICE	source_resp_prty_guid	string
CUST_SERVICE	subject_resp_prty_guid	string
CUST_SERVICE	source_user_id	string
CUST_SERVICE	subject_project_id	decimal(18,0)
CUST_SERVICE	void_user_id	string
CUST_SERVICE	void_utc_dttm	timestamp
CUST_SERVICE	subject_auth_request_id	decimal(18,0)
CUST_SERVICE	resolve_auth_request_id	decimal(18,0)
CUST_SERVICE	dl_load_dt	date
CUST_SERVICE	dl_load_ts	timestamp
CUST_SERVICE	appeal_decision_date	timestamp
CUST_SERVICE	appeal_sent_to_ire_date	timestamp
CUST_SERVICE	mock_record_yn	string
CUST_SERVICE	creation_workflow_locator_id	decimal(18,0)
CUST_SERVICE	appeal_grievance_notif_date	timestamp
CUST_SERVICE	subject_claim_recon_id	string
CUST_SERVICE	subject_research_id	string
CUST_SERVICE	subject_coverage_id	decimal(18,0)
CUST_SERVICE	old_eci_id_temp_mrg	int
CUST_SERVICE	old_ncs_id_temp_mrg	int
CUST_SERVICE	old_ncs_cid_temp_mrg	int
CUST_SERVICE	auto_res_c	int
CUST_SERVICE	subject_user_id	string
CUST_SERVICE	rec_comm_suborigin_c	int
CUST_SERVICE	creation_workqueue_id	string
CUST_SERVICE	is_crm_ticket_yn	string
CUST_SERVICE	override_bus_seg_pos_id	decimal(18,0)
CUST_SERVICE_TRANSFER	comm_id	decimal(18,0)
CUST_SERVICE_TRANSFER	cm_phy_owner_id	string
CUST_SERVICE_TRANSFER	cm_log_owner_id	string
CUST_SERVICE_TRANSFER	trans_pat_ssn	string
CUST_SERVICE_TRANSFER	trans_ref_prov	string
CUST_SERVICE_TRANSFER	trans_pat_name	string
CUST_SERVICE_TRANSFER	trans_pat_age	int
CUST_SERVICE_TRANSFER	trans_pat_sex_c	string
CUST_SERVICE_TRANSFER	trans_pat_point_of_origin_c	string
CUST_SERVICE_TRANSFER	trans_reason_c	int
CUST_SERVICE_TRANSFER	trans_lvl_of_care_c	string
CUST_SERVICE_TRANSFER	trans_pat_class_c	string
CUST_SERVICE_TRANSFER	trans_accommodation_code_c	string
CUST_SERVICE_TRANSFER	trans_accommodation_reason_c	int
CUST_SERVICE_TRANSFER	trans_hospital_service_c	string
CUST_SERVICE_TRANSFER	trans_needed_by_dt	timestamp
CUST_SERVICE_TRANSFER	trans_clin_accepted_yn	string
CUST_SERVICE_TRANSFER	trans_clin_decision_user_id	string
CUST_SERVICE_TRANSFER	trans_fin_accepted_yn	string
CUST_SERVICE_TRANSFER	trans_fin_decision_user_id	string
CUST_SERVICE_TRANSFER	trans_decision_reason_c	int
CUST_SERVICE_TRANSFER	trans_ref_org_c	int
CUST_SERVICE_TRANSFER	trans_pat_dob_dt	timestamp
CUST_SERVICE_TRANSFER	trans_clin_decision_datetime	timestamp
CUST_SERVICE_TRANSFER	trans_fin_decision_datetime	timestamp
CUST_SERVICE_TRANSFER	request_status_c	int
CUST_SERVICE_TRANSFER	dest_decline_rsn_c	int
CUST_SERVICE_TRANSFER	cancel_status_rsn_c	int
CUST_SERVICE_TRANSFER	cancel_status_cat_c	int
CUST_SERVICE_TRANSFER	dest_decline_cat_c	int
CUST_SERVICE_TRANSFER	referring_prov_id	string
CUST_SERVICE_TRANSFER	referring_loc_id	decimal(18,0)
CUST_SERVICE_TRANSFER	transfer_type_c	int
CUST_SERVICE_TRANSFER	referring_loc_is_other_yn	string
CUST_SERVICE_TRANSFER	freetext_referring_loc_name	string
CUST_SERVICE_TRANSFER	request_is_emtala_yn	string
CUST_SERVICE_TRANSFER	transfer_region_id	decimal(18,0)
CUST_SERVICE_TRANSFER	dest_loc_id	decimal(18,0)
CUST_SERVICE_TRANSFER	mode_of_txport_c	string
CUST_SERVICE_TRANSFER	txport_service_id	decimal(18,0)
CUST_SERVICE_TRANSFER	txport_service_is_other_yn	string
CUST_SERVICE_TRANSFER	txport_contact_num	string
CUST_SERVICE_TRANSFER	expected_arrival_dttm	timestamp
CUST_SERVICE_TRANSFER	txport_dispatch_utc_dttm	timestamp
CUST_SERVICE_TRANSFER	txport_pick_up_utc_dttm	timestamp
CUST_SERVICE_TRANSFER	pat_arrival_utc_dttm	timestamp
CUST_SERVICE_TRANSFER	freetext_txport_service_name	string
CUST_SERVICE_TRANSFER	source_admission_dttm	timestamp
CUST_SERVICE_TRANSFER	source_admsn_lvl_of_care_c	string
CUST_SERVICE_TRANSFER	trans_back_to_referring_loc_yn	string
CUST_SERVICE_TRANSFER	pat_is_in_state_resident_yn	string
CUST_SERVICE_TRANSFER	trans_refer_zone_c	int
CUST_SERVICE_TRANSFER	trans_req_zone_c	int
CUST_SERVICE_TRANSFER	trans_dest_zone_c	int
CUST_SERVICE_TRANSFER	requested_dest_loc_id	decimal(18,0)
CUST_SERVICE_TRANSFER	tc_priority_c	int
CUST_SERVICE_TRANSFER	tc_priority_src_c	int
CUST_SERVICE_TRANSFER	prin_acc_prov_contact_ident	int
CUST_SERVICE_TRANSFER	referring_prov_addr_id	string
CUST_SERVICE_TRANSFER	target_dest_comm_id	decimal(18,0)
CUST_SERVICE_TRANSFER	first_request_type_c	string
CUST_SERVICE_TRANSFER	first_transfer_type_c	int
CUST_SERVICE_TRANSFER	tc_needs_txport_yn	string
CUST_SERVICE_TRANSFER	txport_referring_facility_yn	string
CUST_SERVICE_TRANSFER	txport_address_house_number	string
CUST_SERVICE_TRANSFER	txport_address_city	string
CUST_SERVICE_TRANSFER	txport_address_state_c	string
CUST_SERVICE_TRANSFER	txport_address_zip	string
CUST_SERVICE_TRANSFER	txport_address_district_c	int
CUST_SERVICE_TRANSFER	txport_address_county_c	string
CUST_SERVICE_TRANSFER	txport_address_country_c	string
CUST_SERVICE_TRANSFER	dl_load_dt	date
CUST_SERVICE_TRANSFER	dl_load_ts	timestamp
CUST_SERVICE_TRANSFER	source_enc_dept	string
CUST_SERVICE_TRANSFER	source_enc_room_and_bed	string
CUST_SERVICE_TRANSFER	source_enc_no_enc_yn	string
CUST_SERVICE_TRANSFER	mock_record_yn	string
CUST_SERVICE_TRANSFER	reporting_region_record_id	decimal(18,0)
CUST_SERVICE_TRANSFER	linked_transfer_pend_id	string
CVG_ACCT_LIST	cvg_id	decimal(18,0)
CVG_ACCT_LIST	line	int
CVG_ACCT_LIST	cm_phy_owner_id	string
CVG_ACCT_LIST	cm_log_owner_id	string
CVG_ACCT_LIST	acct_sharing_cvg_id	decimal(18,0)
CVG_ACCT_LIST	dl_load_dt	date
CVG_ACCT_LIST	dl_load_ts	timestamp
D_PROV_PRIMARY_HIERARCHY	prov_id	string
D_PROV_PRIMARY_HIERARCHY	prov_name	string
D_PROV_PRIMARY_HIERARCHY	prov_nm_wid	string
D_PROV_PRIMARY_HIERARCHY	prov_nm_cred	string
D_PROV_PRIMARY_HIERARCHY	prov_nm_cred_wid	string
D_PROV_PRIMARY_HIERARCHY	department_id	decimal(18,0)
D_PROV_PRIMARY_HIERARCHY	department_name	string
D_PROV_PRIMARY_HIERARCHY	department_nm_wid	string
D_PROV_PRIMARY_HIERARCHY	loc_id	decimal(18,0)
D_PROV_PRIMARY_HIERARCHY	loc_name	string
D_PROV_PRIMARY_HIERARCHY	loc_nm_wid	string
D_PROV_PRIMARY_HIERARCHY	serv_area_id	decimal(18,0)
D_PROV_PRIMARY_HIERARCHY	serv_area_name	string
D_PROV_PRIMARY_HIERARCHY	serv_area_nm_wid	string
D_PROV_PRIMARY_HIERARCHY	credentials	string
D_PROV_PRIMARY_HIERARCHY	npi	string
D_PROV_PRIMARY_HIERARCHY	epiccare_prov_yn	string
D_PROV_PRIMARY_HIERARCHY	specialty_c	string
D_PROV_PRIMARY_HIERARCHY	specialty_name	string
D_PROV_PRIMARY_HIERARCHY	internal_address_yn	string
D_PROV_PRIMARY_HIERARCHY	external_name	string
D_PROV_PRIMARY_HIERARCHY	active_status_c	int
D_PROV_PRIMARY_HIERARCHY	active_status	string
D_PROV_PRIMARY_HIERARCHY	provider_type_c	string
D_PROV_PRIMARY_HIERARCHY	provider_type	string
D_PROV_PRIMARY_HIERARCHY	dl_load_dt	date
D_PROV_PRIMARY_HIERARCHY	dl_load_ts	timestamp
DATE_DIMENSION	calendar_dt	timestamp
DATE_DIMENSION	day_of_week	string
DATE_DIMENSION	week_number	int
DATE_DIMENSION	week_ending_dt	timestamp
DATE_DIMENSION	last_friday_dt	timestamp
DATE_DIMENSION	month_end_dt	timestamp
DATE_DIMENSION	day_of_month	int
DATE_DIMENSION	month_name	string
DATE_DIMENSION	month_number	int
DATE_DIMENSION	quarter_number	int
DATE_DIMENSION	day_of_year	int
DATE_DIMENSION	epic_dte	int
DATE_DIMENSION	epic_dat	int
DATE_DIMENSION	instant_at_midnight	decimal(18,0)
DATE_DIMENSION	year	int
DATE_DIMENSION	occurrence_in_month	int
DATE_DIMENSION	tomorrow_dt	timestamp
DATE_DIMENSION	year_month	string
DATE_DIMENSION	weekend_yn	string
DATE_DIMENSION	quarter_begin_dt	timestamp
DATE_DIMENSION	quarter_end_dt	timestamp
DATE_DIMENSION	same_day_year_ago	timestamp
DATE_DIMENSION	prev_day_dt	timestamp
DATE_DIMENSION	leap_year_yn	string
DATE_DIMENSION	day_of_the_week_c	int
DATE_DIMENSION	year_of_the_week	int
DATE_DIMENSION	year_begin_dt	timestamp
DATE_DIMENSION	month_begin_dt	timestamp
DATE_DIMENSION	year_begin_dt_str	string
DATE_DIMENSION	month_begin_dt_str	string
DATE_DIMENSION	calendar_dt_str	string
DATE_DIMENSION	qtr_begin_dt_str	string
DATE_DIMENSION	week_begin_dt	timestamp
DATE_DIMENSION	week_begin_dt_str	string
DATE_DIMENSION	day_of_week_index	int
DATE_DIMENSION	holiday_yn	string
DATE_DIMENSION	monthname_year	string
DATE_DIMENSION	year_quarter	string
DATE_DIMENSION	year_month_str	string
DATE_DIMENSION	quarter_str	string
DATE_DIMENSION	bus_day_ct	int
DATE_DIMENSION	weekday_ct	int
DATE_DIMENSION	usa_fiscal_year_begin_dt	timestamp
DATE_DIMENSION	usa_fiscal_year_end_dt	timestamp
DATE_DIMENSION	year_end_dt	timestamp
DATE_DIMENSION	which_days_c	int
DATE_DIMENSION	month_end_yn	string
DATE_DIMENSION	dl_load_dt	date
DATE_DIMENSION	dl_load_ts	timestamp
DELIVERY_ANES_MTHD	summary_block_id	decimal(18,0)
DELIVERY_ANES_MTHD	line	int
DELIVERY_ANES_MTHD	cm_phy_owner_id	string
DELIVERY_ANES_MTHD	cm_log_owner_id	string
DELIVERY_ANES_MTHD	del_anesth_method_c	string
DELIVERY_ANES_MTHD	dl_load_dt	date
DELIVERY_ANES_MTHD	dl_load_ts	timestamp
DELIVERY_CORD_VESS	summary_block_id	decimal(18,0)
DELIVERY_CORD_VESS	line	int
DELIVERY_CORD_VESS	cm_phy_owner_id	string
DELIVERY_CORD_VESS	cm_log_owner_id	string
DELIVERY_CORD_VESS	del_cord_vessels_c	int
DELIVERY_CORD_VESS	dl_load_dt	date
DELIVERY_CORD_VESS	dl_load_ts	timestamp
DELIVERY_CORDCOMPS	summary_block_id	decimal(18,0)
DELIVERY_CORDCOMPS	line	int
DELIVERY_CORDCOMPS	cm_phy_owner_id	string
DELIVERY_CORDCOMPS	cm_log_owner_id	string
DELIVERY_CORDCOMPS	del_cord_comp_c	int
DELIVERY_CORDCOMPS	dl_load_dt	date
DELIVERY_CORDCOMPS	dl_load_ts	timestamp
DELIVERY_PRES	summary_block_id	decimal(18,0)
DELIVERY_PRES	line	int
DELIVERY_PRES	cm_phy_owner_id	string
DELIVERY_PRES	cm_log_owner_id	string
DELIVERY_PRES	del_presentation_c	int
DELIVERY_PRES	dl_load_dt	date
DELIVERY_PRES	dl_load_ts	timestamp
DELIVERY_RESUSCIT	summary_block_id	decimal(18,0)
DELIVERY_RESUSCIT	line	int
DELIVERY_RESUSCIT	cm_phy_owner_id	string
DELIVERY_RESUSCIT	cm_log_owner_id	string
DELIVERY_RESUSCIT	del_resuscitation_c	int
DELIVERY_RESUSCIT	dl_load_dt	date
DELIVERY_RESUSCIT	dl_load_ts	timestamp
DESKTOP_ACTIVITY	activity_id	decimal(18,0)
DESKTOP_ACTIVITY	cm_phy_owner_id	string
DESKTOP_ACTIVITY	cm_log_owner_id	string
DESKTOP_ACTIVITY	activity_name	string
DESKTOP_ACTIVITY	display_name	string
DESKTOP_ACTIVITY	activity_descriptor	string
DESKTOP_ACTIVITY	dl_load_dt	date
DESKTOP_ACTIVITY	dl_load_ts	timestamp
DESKTOP_ACTIVITY	released_activity_descriptor	varchar(192)
DESKTOP_ACTIVITY	rel_descriptor_calc_local_dttm	timestamp
DEVICE_INFO	device_id	string
DEVICE_INFO	cm_phy_owner_id	string
DEVICE_INFO	cm_log_owner_id	string
DEVICE_INFO	device_name	string
DEVICE_INFO	record_state_c	int
DEVICE_INFO	device_desc	string
DEVICE_INFO	device_type_id	decimal(18,0)
DEVICE_INFO	device_group_yn	string
DEVICE_INFO	device_group_id	string
DEVICE_INFO	load_using_grpid_yn	string
DEVICE_INFO	fixed_device_yn	string
DEVICE_INFO	device_ip	string
DEVICE_INFO	interface_type_c	int
DEVICE_INFO	default_interval	int
DEVICE_INFO	current_inp_id	string
DEVICE_INFO	current_in_use	int
DEVICE_INFO	dev_unit_edit_yn	string
DEVICE_INFO	def_autovalid_yn	string
DEVICE_INFO	current_fsd_id	string
DEVICE_INFO	current_fsd_date	timestamp
DEVICE_INFO	auto_val_inter_num	int
DEVICE_INFO	perform_auto_val_yn	string
DEVICE_INFO	default_workstn_id	string
DEVICE_INFO	specialty_area_c	int
DEVICE_INFO	noadd_edit_dttm	timestamp
DEVICE_INFO	noadd_items_edited	string
DEVICE_INFO	hospital_id	decimal(18,0)
DEVICE_INFO	department_id	decimal(18,0)
DEVICE_INFO	fixed_room_id	string
DEVICE_INFO	fixed_bed_id	string
DEVICE_INFO	grouper_id	string
DEVICE_INFO	patient_location_id	decimal(18,0)
DEVICE_INFO	ventilator_class_c	int
DEVICE_INFO	dl_load_dt	date
DEVICE_INFO	dl_load_ts	timestamp
DM_DIABETES	record_id	decimal(18,0)
DM_DIABETES	cm_phy_owner_id	string
DM_DIABETES	cm_log_owner_id	string
DM_DIABETES	registry_status_c	int
DM_DIABETES	pat_id	string
DM_DIABETES	cur_pcp_prov_id	string
DM_DIABETES	cur_prim_loc_id	decimal(18,0)
DM_DIABETES	contact_last_dt	timestamp
DM_DIABETES	contact_last_type_c	string
DM_DIABETES	off_vis_last_dt	timestamp
DM_DIABETES	inpat_admit_last_dt	timestamp
DM_DIABETES	num_contact	decimal(18,0)
DM_DIABETES	num_hosp_admit	decimal(18,0)
DM_DIABETES	endo_vis_last_dt	timestamp
DM_DIABETES	neph_vis_last_dt	timestamp
DM_DIABETES	ophth_vis_last_dt	timestamp
DM_DIABETES	pod_vis_last_dt	timestamp
DM_DIABETES	nutr_vis_last_dt	timestamp
DM_DIABETES	off_vis_prov_id	string
DM_DIABETES	cardio_vis_last_dt	timestamp
DM_DIABETES	weight_last	double
DM_DIABETES	weight_last_dt	timestamp
DM_DIABETES	weight_first	double
DM_DIABETES	weight_first_dt	timestamp
DM_DIABETES	height_last	double
DM_DIABETES	height_last_dt	timestamp
DM_DIABETES	bp_sys_last	double
DM_DIABETES	bp_sys_last_dt	timestamp
DM_DIABETES	bp_dia_last	double
DM_DIABETES	bp_dia_last_dt	timestamp
DM_DIABETES	bp_sys_first	double
DM_DIABETES	bp_sys_first_dt	timestamp
DM_DIABETES	bp_dia_first	double
DM_DIABETES	bp_dia_first_dt	timestamp
DM_DIABETES	bmi_last	double
DM_DIABETES	bmi_first	double
DM_DIABETES	tobac_use_status_c	int
DM_DIABETES	tobac_user_hx_yn	string
DM_DIABETES	tobac_dx_id	decimal(18,0)
DM_DIABETES	tobac_num_pack	double
DM_DIABETES	tobac_quit_last_dt	timestamp
DM_DIABETES	tobac_num_pack_hx	double
DM_DIABETES	tobac_dx_dt	timestamp
DM_DIABETES	alcohol_dx_id	decimal(18,0)
DM_DIABETES	alcohol_dx_dt	timestamp
DM_DIABETES	hba1c_last	double
DM_DIABETES	hba1c_last_dt	timestamp
DM_DIABETES	ldl_dir_last	double
DM_DIABETES	ldl_dir_last_dt	timestamp
DM_DIABETES	ldl_calc_last	double
DM_DIABETES	ldl_calc_last_dt	timestamp
DM_DIABETES	hdl_last	double
DM_DIABETES	hdl_last_dt	timestamp
DM_DIABETES	vldl_last	double
DM_DIABETES	vldl_last_dt	timestamp
DM_DIABETES	ldl_hdl_rt_last	double
DM_DIABETES	ldl_hdl_rt_last_dt	timestamp
DM_DIABETES	ttl_chl_last	double
DM_DIABETES	ttl_chl_last_dt	timestamp
DM_DIABETES	trigly_last	double
DM_DIABETES	trigly_last_dt	timestamp
DM_DIABETES	bun_last	double
DM_DIABETES	bun_last_dt	timestamp
DM_DIABETES	ur_malb_last	double
DM_DIABETES	ur_malb_last_dt	timestamp
DM_DIABETES	ur_prot_last	double
DM_DIABETES	ur_prot_last_dt	timestamp
DM_DIABETES	prot_cr_rt_last	double
DM_DIABETES	prot_cr_rt_last_dt	timestamp
DM_DIABETES	creat_last	double
DM_DIABETES	creat_last_dt	timestamp
DM_DIABETES	creat_clr_last	double
DM_DIABETES	creat_clr_last_dt	timestamp
DM_DIABETES	immnztn_pneum_yn	string
DM_DIABETES	immnztn_flu_dt	timestamp
DM_DIABETES	immnztn_flu_yn	string
DM_DIABETES	on_statin_yn	string
DM_DIABETES	statin_ord_id	decimal(18,0)
DM_DIABETES	statin_ord_dt	timestamp
DM_DIABETES	on_anthypert_yn	string
DM_DIABETES	antihypert_ord_id	decimal(18,0)
DM_DIABETES	antihypert_ord_dt	timestamp
DM_DIABETES	on_salicylate_yn	string
DM_DIABETES	salicylate_ord_id	decimal(18,0)
DM_DIABETES	salicylate_ord_dt	timestamp
DM_DIABETES	on_antiplat_yn	string
DM_DIABETES	antiplat_ord_id	decimal(18,0)
DM_DIABETES	antiplat_ord_dt	timestamp
DM_DIABETES	on_or_antidiab_yn	string
DM_DIABETES	or_antidiab_ord_id	decimal(18,0)
DM_DIABETES	or_antidiab_ord_dt	timestamp
DM_DIABETES	on_insulin_yn	string
DM_DIABETES	insulin_ord_id	decimal(18,0)
DM_DIABETES	insulin_ord_dt	timestamp
DM_DIABETES	on_inj_antidiab_yn	string
DM_DIABETES	inj_antidiab_ord_id	decimal(18,0)
DM_DIABETES	inj_antidiab_ord_dt	timestamp
DM_DIABETES	is_pregnant_yn	string
DM_DIABETES	has_hyperten_yn	string
DM_DIABETES	has_cad_yn	string
DM_DIABETES	has_diab_ren_dis_yn	string
DM_DIABETES	has_diab_ret_yn	string
DM_DIABETES	has_peri_vas_dis_yn	string
DM_DIABETES	hba1c_l_ord_id	decimal(18,0)
DM_DIABETES	ldl_dir_l_ord_id	decimal(18,0)
DM_DIABETES	hdl_l_ord_id	decimal(18,0)
DM_DIABETES	vldl_l_ord_id	decimal(18,0)
DM_DIABETES	ldl_hdl_rt_l_ord_id	decimal(18,0)
DM_DIABETES	ttl_chl_l_ord_id	decimal(18,0)
DM_DIABETES	trigly_l_ord_id	decimal(18,0)
DM_DIABETES	bun_l_ord_id	decimal(18,0)
DM_DIABETES	ur_malb_l_ord_id	decimal(18,0)
DM_DIABETES	ur_prot_l_ord_id	decimal(18,0)
DM_DIABETES	prot_cr_rt_l_ord_id	decimal(18,0)
DM_DIABETES	creat_l_ord_id	decimal(18,0)
DM_DIABETES	creat_clr_l_ord_id	decimal(18,0)
DM_DIABETES	ldl_calc_l_ord_id	decimal(18,0)
DM_DIABETES	hba1c_l_lrr_id	decimal(18,0)
DM_DIABETES	ldl_dir_l_lrr_id	decimal(18,0)
DM_DIABETES	hdl_l_lrr_id	decimal(18,0)
DM_DIABETES	vldl_l_lrr_id	decimal(18,0)
DM_DIABETES	ldl_hdl_rt_l_lrr_id	decimal(18,0)
DM_DIABETES	ttl_chl_l_lrr_id	decimal(18,0)
DM_DIABETES	trigly_l_lrr_id	decimal(18,0)
DM_DIABETES	bun_l_lrr_id	decimal(18,0)
DM_DIABETES	ur_malb_l_lrr_id	decimal(18,0)
DM_DIABETES	ur_prot_l_lrr_id	decimal(18,0)
DM_DIABETES	prot_cr_rt_l_lrr_id	decimal(18,0)
DM_DIABETES	creat_l_lrr_id	decimal(18,0)
DM_DIABETES	creat_clr_l_lrr_id	decimal(18,0)
DM_DIABETES	ldl_calc_l_lrr_id	decimal(18,0)
DM_DIABETES	hba1c_l_unit	string
DM_DIABETES	ldl_dir_l_unit	string
DM_DIABETES	ldl_calc_l_unit	string
DM_DIABETES	hdl_l_unit	string
DM_DIABETES	vldl_l_unit	string
DM_DIABETES	ldl_hdl_rt_l_unit	string
DM_DIABETES	ttl_chl_l_unit	string
DM_DIABETES	trigly_l_unit	string
DM_DIABETES	bun_l_unit	string
DM_DIABETES	ur_malb_l_unit	string
DM_DIABETES	ur_prot_l_unit	string
DM_DIABETES	prot_cr_rt_l_unit	string
DM_DIABETES	creat_l_unit	string
DM_DIABETES	creat_clr_l_unit	string
DM_DIABETES	has_celiac_dis_yn	string
DM_DIABETES	tsh_last	double
DM_DIABETES	tsh_last_dt	timestamp
DM_DIABETES	tsh_l_ord_id	decimal(18,0)
DM_DIABETES	tsh_l_lrr_id	decimal(18,0)
DM_DIABETES	tsh_l_unit	string
DM_DIABETES	tobac_pack_year	decimal(18,2)
DM_DIABETES	t3_last	double
DM_DIABETES	t3_last_dt	timestamp
DM_DIABETES	t3_l_ord_id	decimal(18,0)
DM_DIABETES	t3_l_lrr_id	decimal(18,0)
DM_DIABETES	t3_l_unit	string
DM_DIABETES	t4_last	double
DM_DIABETES	t4_last_dt	timestamp
DM_DIABETES	t4_l_ord_id	decimal(18,0)
DM_DIABETES	t4_l_lrr_id	decimal(18,0)
DM_DIABETES	t4_l_unit	string
DM_DIABETES	bmi_last_dt	timestamp
DM_DIABETES	had_stroke_yn	string
DM_DIABETES	had_heart_attack_yn	string
DM_DIABETES	smoking_status_c	int
DM_DIABETES	smoking_user_hx_yn	string
DM_DIABETES	smoking_user_yn	string
DM_DIABETES	smoking_quit_l_dt	timestamp
DM_DIABETES	num_ed_vis_diabetes	decimal(18,0)
DM_DIABETES	num_ed_vis	decimal(18,0)
DM_DIABETES	foot_exam_hm_c	int
DM_DIABETES	on_ace_inhb_yn	string
DM_DIABETES	ace_inhb_ord_id	decimal(18,0)
DM_DIABETES	ace_inhb_ord_dt	timestamp
DM_DIABETES	on_arb_yn	string
DM_DIABETES	arb_ord_id	decimal(18,0)
DM_DIABETES	arb_ord_dt	timestamp
DM_DIABETES	foot_exam_l_dt	timestamp
DM_DIABETES	immnztn_pneum_dt	timestamp
DM_DIABETES	bmi_first_dt	timestamp
DM_DIABETES	age	double
DM_DIABETES	sex_c	string
DM_DIABETES	height_first	double
DM_DIABETES	sc_diab_comp	double
DM_DIABETES	sc_diab_bp	double
DM_DIABETES	sc_diab_ldl	double
DM_DIABETES	sc_diab_a1c	double
DM_DIABETES	sc_diab_tobac_free	double
DM_DIABETES	sc_diab_aspirin_use	double
DM_DIABETES	aspirin_prescr_yn	string
DM_DIABETES	aspirin_ord_id	decimal(18,0)
DM_DIABETES	aspirin_ord_dt	timestamp
DM_DIABETES	height_first_dt	timestamp
DM_DIABETES	has_dyslipidema_yn	string
DM_DIABETES	has_nafld_yn	string
DM_DIABETES	has_obesity_yn	string
DM_DIABETES	cur_prim_payer_id	decimal(18,0)
DM_DIABETES	cur_prim_ben_plan_id	decimal(18,0)
DM_DIABETES	cur_prim_fin_class_c	string
DM_DIABETES	cur_prim_prod_type_c	string
DM_DIABETES	smokeless_status_c	int
DM_DIABETES	has_asa_allergy_yn	string
DM_DIABETES	on_anticoag_yn	string
DM_DIABETES	has_ivd_yn	string
DM_DIABETES	hba1c_last_str	string
DM_DIABETES	ldl_hdl_rt_last_str	string
DM_DIABETES	ur_malb_last_str	string
DM_DIABETES	creat_clr_last_str	string
DM_DIABETES	ur_prot_last_str	string
DM_DIABETES	prot_cr_rt_last_str	string
DM_DIABETES	lipid_panel_last_dt	timestamp
DM_DIABETES	has_cvd_yn	string
DM_DIABETES	ascvd_10_yr_score	double
DM_DIABETES	ascvd_10_yr_sc_missing_c	int
DM_DIABETES	nonhisp_african_amer_yn	string
DM_DIABETES	prior_ascvd_event_yn	string
DM_DIABETES	aspirin_appropriate_yn	string
DM_DIABETES	is_bp_treated_yn	string
DM_DIABETES	has_hyptn_prob_yn	string
DM_DIABETES	on_bp_med_yn	string
DM_DIABETES	has_clin_ascvd_yn	string
DM_DIABETES	sc_diab_statin_use	double
DM_DIABETES	sc_diab_statin_use_cmt_c	int
DM_DIABETES	statin_recommended_yn	string
DM_DIABETES	endocrin_on_care_team_yn	string
DM_DIABETES	gfr_l_dt	timestamp
DM_DIABETES	gfr_l_lrr_id	decimal(18,0)
DM_DIABETES	gfr_l_ord_id	decimal(18,0)
DM_DIABETES	gfr_l_str	string
DM_DIABETES	gfr_l_unit	string
DM_DIABETES	gfr_last	double
DM_DIABETES	had_kidney_complications_yn	string
DM_DIABETES	had_lower_extrem_amputation_yn	string
DM_DIABETES	has_afib_yn	string
DM_DIABETES	has_anemia_yn	string
DM_DIABETES	has_bronchiectasis_yn	string
DM_DIABETES	has_copd_yn	string
DM_DIABETES	has_eye_complications_yn	string
DM_DIABETES	has_gastroparesis_yn	string
DM_DIABETES	has_ischemic_heart_dis_yn	string
DM_DIABETES	has_ketoacidosis_yn	string
DM_DIABETES	has_lymphomas_yn	string
DM_DIABETES	has_medicaid_coverage_yn	string
DM_DIABETES	has_medicare_coverage_yn	string
DM_DIABETES	has_perip_neuro_yn	string
DM_DIABETES	has_skin_complications_yn	string
DM_DIABETES	has_type_2_diabetes_yn	string
DM_DIABETES	on_anesthetic_yn	string
DM_DIABETES	on_anti_ulcers_yn	string
DM_DIABETES	on_antiseizure_yn	string
DM_DIABETES	on_beta_block_yn	string
DM_DIABETES	on_ca_block_yn	string
DM_DIABETES	on_imm_suppr_yn	string
DM_DIABETES	on_non_opioid_analgesic_yn	string
DM_DIABETES	on_opioid_analgesic_yn	string
DM_DIABETES	ophthalmology_referral_last_dt	timestamp
DM_DIABETES	phy_thr_referral_last_dt	timestamp
DM_DIABETES	podiatry_referral_last_dt	timestamp
DM_DIABETES	risk_neg_out_type_2_score	double
DM_DIABETES	spec_on_care_team_yn	string
DM_DIABETES	bp_sys_last_rep	double
DM_DIABETES	bp_dia_last_rep	double
DM_DIABETES	eye_exam_l_dt	timestamp
DM_DIABETES	neg_eye_exam_l_dt	timestamp
DM_DIABETES	had_kidney_transplant_yn	string
DM_DIABETES	has_foot_ulcer_yn	string
DM_DIABETES	has_feet_yn	string
DM_DIABETES	foot_exam_last_dt	timestamp
DM_DIABETES	x_usn_ov_ct_last_cal_yr	decimal(18,0)
DM_DIABETES	x_usn_ov_ct_last2_cal_yr	decimal(18,0)
DM_DIABETES	x_usn_first_visit_dt	timestamp
DM_DIABETES	x_usn_last_visit_dt	timestamp
DM_DIABETES	x_usn_ns_ct_last2_cal_yr	decimal(18,0)
DM_DIABETES	x_usn_ns_ct_last_cal_yr	decimal(18,0)
DM_DIABETES	x_usn_dm_type_ii_yn	string
DM_DIABETES	x_usn_dm_type_i_yn	string
DM_DIABETES	gfr_l_2_dt	timestamp
DM_DIABETES	gfr_l_2_lrr_id	decimal(18,0)
DM_DIABETES	gfr_l_2_ord_id	decimal(18,0)
DM_DIABETES	gfr_l_2_str	string
DM_DIABETES	gfr_l_2_unit	string
DM_DIABETES	gfr_last_2	double
DM_DIABETES	dl_load_dt	date
DM_DIABETES	dl_load_ts	timestamp
DM_ICU_STAY	record_id	decimal(18,0)
DM_ICU_STAY	registry_status_c	int
DM_ICU_STAY	pat_id	string
DM_ICU_STAY	icu_stay_block_id	decimal(18,0)
DM_ICU_STAY	cm_phy_owner_id	string
DM_ICU_STAY	cm_log_owner_id	string
DM_ICU_STAY	icu_length_of_stay_days	decimal(18,2)
DM_ICU_STAY	next_department_id	decimal(18,0)
DM_ICU_STAY	prev_department_id	decimal(18,0)
DM_ICU_STAY	prev_icu_department_id	decimal(18,0)
DM_ICU_STAY	method_of_ventilation	string
DM_ICU_STAY	dvt_prophylaxis_bool	decimal(1,0)
DM_ICU_STAY	delirium_present_bool	decimal(1,0)
DM_ICU_STAY	bed_at_30_degrees_bool	decimal(1,0)
DM_ICU_STAY	had_ileus_bool	decimal(1,0)
DM_ICU_STAY	received_hemodialysis_bool	decimal(1,0)
DM_ICU_STAY	received_oral_care_bool	decimal(1,0)
DM_ICU_STAY	sbt_passed_bool	decimal(1,0)
DM_ICU_STAY	sbt_performed_bool	decimal(1,0)
DM_ICU_STAY	sat_passed_bool	decimal(1,0)
DM_ICU_STAY	sat_performed_bool	decimal(1,0)
DM_ICU_STAY	sig_edema_or_pos_fluid_bool	decimal(1,0)
DM_ICU_STAY	first_feeding_dttm	timestamp
DM_ICU_STAY	tissue_hypoperfusion_bool	decimal(1,0)
DM_ICU_STAY	tissue_hyperperfusion_bool	decimal(1,0)
DM_ICU_STAY	transcutaneous_pacg_treat_bool	decimal(1,0)
DM_ICU_STAY	transcutaneous_pacg_treat_hrs	decimal(18,2)
DM_ICU_STAY	apache_ii_dx	string
DM_ICU_STAY	apache_iv_dx	string
DM_ICU_STAY	dec_cap_refill_or_mottlg_bool	decimal(1,0)
DM_ICU_STAY	antibiotic_given_bool	decimal(1,0)
DM_ICU_STAY	vasodilators_given_bool	decimal(1,0)
DM_ICU_STAY	vasopressors_given_bool	decimal(1,0)
DM_ICU_STAY	continuous_sedation_bool	decimal(1,0)
DM_ICU_STAY	is_icu_readmission_bool	decimal(1,0)
DM_ICU_STAY	comfort_or_palliative_bool	decimal(1,0)
DM_ICU_STAY	c_reactive_protein_last_value	double
DM_ICU_STAY	c_reactive_protein_max_value	double
DM_ICU_STAY	creatinine_max_coll_value	double
DM_ICU_STAY	creatinine_min_coll_value	double
DM_ICU_STAY	hematocrit_last_coll_value	double
DM_ICU_STAY	hematocrit_max_coll_value	double
DM_ICU_STAY	hematocrit_min_coll_value	double
DM_ICU_STAY	inr_last_coll_value	double
DM_ICU_STAY	inr_max_coll_value	double
DM_ICU_STAY	inr_min_coll_value	double
DM_ICU_STAY	partial_thromboplastin_tm_last	double
DM_ICU_STAY	partial_thromboplastin_tm_max	double
DM_ICU_STAY	prothrombin_time_last_coll_val	double
DM_ICU_STAY	prothrombin_time_max_coll_val	double
DM_ICU_STAY	exp_in_hospital_bool	decimal(1,0)
DM_ICU_STAY	exp_in_icu_bool	decimal(1,0)
DM_ICU_STAY	expected_death_bool	decimal(1,0)
DM_ICU_STAY	unexpected_death_bool	decimal(1,0)
DM_ICU_STAY	rass_last_recorded_score	decimal(18,0)
DM_ICU_STAY	rass_max_recorded_score	decimal(18,0)
DM_ICU_STAY	positive_cam_icu_score_bool	decimal(1,0)
DM_ICU_STAY	central_venous_pressure_last	decimal(18,2)
DM_ICU_STAY	central_venous_pressure_max	decimal(18,2)
DM_ICU_STAY	core_temperature_max_value	decimal(19,2)
DM_ICU_STAY	core_temperature_min_value	decimal(19,2)
DM_ICU_STAY	fio2_last_recorded_value	decimal(18,2)
DM_ICU_STAY	fio2_max_recorded_value	decimal(18,2)
DM_ICU_STAY	gcs_24_hours_after_admission	decimal(18,0)
DM_ICU_STAY	gcs_last_recorded_score	decimal(18,0)
DM_ICU_STAY	gcs_min_recorded_score	decimal(18,0)
DM_ICU_STAY	icdsc_last_recorded_score	decimal(18,0)
DM_ICU_STAY	icdsc_max_recorded_score	decimal(18,0)
DM_ICU_STAY	mean_arterial_pressure_last	decimal(18,0)
DM_ICU_STAY	mean_arterial_pressure_min	decimal(18,0)
DM_ICU_STAY	peep_min_recorded_value	decimal(18,1)
DM_ICU_STAY	pulse_max_recorded_value	decimal(18,0)
DM_ICU_STAY	pulse_min_recorded_value	decimal(18,0)
DM_ICU_STAY	saps_ii_last_recorded_score	decimal(18,0)
DM_ICU_STAY	saps_ii_max_recorded_score	decimal(18,0)
DM_ICU_STAY	sofa_last_recorded_score	decimal(18,0)
DM_ICU_STAY	sofa_max_recorded_score	decimal(18,0)
DM_ICU_STAY	systolic_bp_max_recorded_value	decimal(18,0)
DM_ICU_STAY	systolic_bp_min_recorded_value	decimal(18,0)
DM_ICU_STAY	temperature_first_value	decimal(19,2)
DM_ICU_STAY	temperature_max_value	decimal(19,2)
DM_ICU_STAY	temperature_min_value	decimal(19,2)
DM_ICU_STAY	urine_output_last_value	decimal(18,2)
DM_ICU_STAY	urine_output_max_value	decimal(18,2)
DM_ICU_STAY	urine_output_min_value	decimal(18,2)
DM_ICU_STAY	num_reintubations_within_24_hr	decimal(18,0)
DM_ICU_STAY	reintubation_within_24_hr_bool	decimal(1,0)
DM_ICU_STAY	num_reintubations_within_48_hr	decimal(18,0)
DM_ICU_STAY	reintubation_within_48_hr_bool	decimal(1,0)
DM_ICU_STAY	albumin_last_coll_value	double
DM_ICU_STAY	albumin_max_coll_value	double
DM_ICU_STAY	bilirubin_last_coll_value	double
DM_ICU_STAY	bilirubin_max_coll_value	double
DM_ICU_STAY	blood_glucose_max_coll_value	double
DM_ICU_STAY	blood_glucose_min_coll_value	double
DM_ICU_STAY	clb_comp_barrier_precautions	decimal(1,0)
DM_ICU_STAY	clb_comp_hand_hygiene	decimal(1,0)
DM_ICU_STAY	clb_comp_daily_review	decimal(18,0)
DM_ICU_STAY	clb_comp_site_selection	decimal(1,0)
DM_ICU_STAY	clb_comp_skin_antisepsis	decimal(1,0)
DM_ICU_STAY	ventilator_duration_days	decimal(18,2)
DM_ICU_STAY	iabp_duration_hours	decimal(18,2)
DM_ICU_STAY	had_restraints_bool	decimal(1,0)
DM_ICU_STAY	had_ventilator_episode_bool	decimal(1,0)
DM_ICU_STAY	culture_before_antibiotic_bool	decimal(1,0)
DM_ICU_STAY	central_line_duration_days	decimal(18,2)
DM_ICU_STAY	foley_catheter_duration_days	decimal(18,2)
DM_ICU_STAY	intubation_duration_days	decimal(18,2)
DM_ICU_STAY	had_extubation_bool	decimal(1,0)
DM_ICU_STAY	had_central_line_bool	decimal(1,0)
DM_ICU_STAY	had_foley_catheter_bool	decimal(1,0)
DM_ICU_STAY	intubated_bool	decimal(1,0)
DM_ICU_STAY	had_pressure_ulcer_bool	decimal(1,0)
DM_ICU_STAY	apache_ii_24_hr_after_admsn	decimal(18,5)
DM_ICU_STAY	apache_ii_first_recorded_score	decimal(18,5)
DM_ICU_STAY	apache_iv_24_hr_after_admsn	decimal(18,5)
DM_ICU_STAY	apache_iv_first_recorded_score	decimal(18,5)
DM_ICU_STAY	predicted_length_of_stay_days	decimal(18,5)
DM_ICU_STAY	predicted_mortality	decimal(18,5)
DM_ICU_STAY	lactate_last_coll_value	double
DM_ICU_STAY	lactate_max_coll_value	double
DM_ICU_STAY	plasma_procalcitonin_last_val	double
DM_ICU_STAY	plasma_procalcitonin_max_val	double
DM_ICU_STAY	platelet_count_last_coll_value	double
DM_ICU_STAY	platelet_count_max_coll_value	double
DM_ICU_STAY	platelet_count_min_coll_value	double
DM_ICU_STAY	wbc_count_last_coll_value	double
DM_ICU_STAY	wbc_count_max_coll_value	double
DM_ICU_STAY	wbc_count_min_coll_value	double
DM_ICU_STAY	had_positive_culture_bool	decimal(1,0)
DM_ICU_STAY	pao2_fio2_ratio_last_value	decimal(18,0)
DM_ICU_STAY	pao2_fio2_ratio_min_value	decimal(18,0)
DM_ICU_STAY	pat_age_years_at_admission	decimal(18,2)
DM_ICU_STAY	primary_admission_dx_id	decimal(18,0)
DM_ICU_STAY	apache_iv_non_cabg_los	decimal(18,5)
DM_ICU_STAY	apache_iv_cabg_los	decimal(18,5)
DM_ICU_STAY	apache_iv_non_cabg_mortality	decimal(18,5)
DM_ICU_STAY	apache_iv_cabg_mortality	decimal(18,5)
DM_ICU_STAY	apache_ii_dx_patient_type	string
DM_ICU_STAY	temperature_first_val_celsius	decimal(19,2)
DM_ICU_STAY	temperature_max_celsius	decimal(19,2)
DM_ICU_STAY	temperature_min_celsius	decimal(19,2)
DM_ICU_STAY	core_temp_max_celsius	decimal(19,2)
DM_ICU_STAY	core_temp_min_celsius	decimal(19,2)
DM_ICU_STAY	icu_stay_start_dttm	timestamp
DM_ICU_STAY	icu_stay_end_dttm	timestamp
DM_ICU_STAY	department_id	decimal(18,0)
DM_ICU_STAY	pat_enc_csn_id	decimal(18,0)
DM_ICU_STAY	epic_icu_expect_length_of_stay	decimal(18,2)
DM_ICU_STAY	epic_icu_risk_of_mortality	decimal(18,2)
DM_ICU_STAY	icu_last_readmit_risk_score	decimal(18,2)
DM_ICU_STAY	icu_last_mortality_risk_score	decimal(18,2)
DM_ICU_STAY	readmit_in_5_days_bool	decimal(1,0)
DM_ICU_STAY	expired_in_5_days_bool	decimal(1,0)
DM_ICU_STAY	cross_icu_stay_start_dttm	timestamp
DM_ICU_STAY	cross_icu_stay_end_dttm	timestamp
DM_ICU_STAY	dvt_prophylaxis_days	decimal(18,0)
DM_ICU_STAY	bed_at_30_degrees_days	decimal(18,0)
DM_ICU_STAY	received_oral_care_days	decimal(18,0)
DM_ICU_STAY	sbt_performed_days	decimal(18,0)
DM_ICU_STAY	sat_performed_days	decimal(18,0)
DM_ICU_STAY	dl_load_dt	date
DM_ICU_STAY	dl_load_ts	timestamp
DM_ICU_STAY	icu_pat_age_class_c	int
DM_IP_READMISSION	record_id	decimal(18,0)
DM_IP_READMISSION	dm_date	timestamp
DM_IP_READMISSION	registry_status_c	int
DM_IP_READMISSION	pat_id	string
DM_IP_READMISSION	pat_enc_csn_id	decimal(18,0)
DM_IP_READMISSION	cm_phy_owner_id	string
DM_IP_READMISSION	cm_log_owner_id	string
DM_IP_READMISSION	is_encounter_a_readmission_yn	string
DM_IP_READMISSION	has_readmission_bpa_yn	string
DM_IP_READMISSION	discharge_disposition_c	string
DM_IP_READMISSION	discharge_dest_c	string
DM_IP_READMISSION	hospital_service_c	string
DM_IP_READMISSION	pat_class_c	string
DM_IP_READMISSION	admission_type_c	string
DM_IP_READMISSION	admission_source_id	decimal(18,0)
DM_IP_READMISSION	admission_department_id	decimal(18,0)
DM_IP_READMISSION	admission_date	timestamp
DM_IP_READMISSION	inpatient_admission_date	timestamp
DM_IP_READMISSION	discharge_date	timestamp
DM_IP_READMISSION	pat_age_years_at_admission	decimal(18,0)
DM_IP_READMISSION	member_of_asthma_registry	int
DM_IP_READMISSION	member_of_ckd_registry	int
DM_IP_READMISSION	member_of_copd_registry	int
DM_IP_READMISSION	member_of_chf_registry	int
DM_IP_READMISSION	member_of_cad_registry	int
DM_IP_READMISSION	member_of_cf_registry	int
DM_IP_READMISSION	member_of_diabetes_registry	int
DM_IP_READMISSION	member_of_hiv_registry	int
DM_IP_READMISSION	member_of_htn_registry	int
DM_IP_READMISSION	member_of_obesity_registry	int
DM_IP_READMISSION	member_of_opo_registry	int
DM_IP_READMISSION	member_of_prediabetes_registry	int
DM_IP_READMISSION	member_of_tobacco_registry	int
DM_IP_READMISSION	most_recent_height	decimal(18,2)
DM_IP_READMISSION	most_recent_weight	decimal(18,2)
DM_IP_READMISSION	most_recent_bmi	decimal(18,2)
DM_IP_READMISSION	num_active_medication_orders	int
DM_IP_READMISSION	most_recent_systolic_bp	decimal(18,2)
DM_IP_READMISSION	most_recent_diastolic_bp	decimal(18,2)
DM_IP_READMISSION	most_recent_pulse	decimal(18,0)
DM_IP_READMISSION	most_recent_temperature	decimal(18,2)
DM_IP_READMISSION	most_recent_lab_compon_val	string
DM_IP_READMISSION	most_recent_pulse_oxi	decimal(18,0)
DM_IP_READMISSION	most_recent_respirations	decimal(18,0)
DM_IP_READMISSION	length_of_stay	decimal(18,2)
DM_IP_READMISSION	inpatient_length_of_stay	decimal(18,2)
DM_IP_READMISSION	days_since_last_admission	decimal(18,0)
DM_IP_READMISSION	num_ed_visits	int
DM_IP_READMISSION	num_hospital_enc	int
DM_IP_READMISSION	from_ed_during_business_hours	int
DM_IP_READMISSION	num_completed_non_surgical_px	int
DM_IP_READMISSION	num_completed_surgical_px	int
DM_IP_READMISSION	pat_postal_code	string
DM_IP_READMISSION	pat_race_c	int
DM_IP_READMISSION	pat_ethnicity_c	int
DM_IP_READMISSION	language_spoken_c	string
DM_IP_READMISSION	language_written_c	string
DM_IP_READMISSION	pat_sex_c	string
DM_IP_READMISSION	pat_marital_status_c	int
DM_IP_READMISSION	num_address_changes	int
DM_IP_READMISSION	payor_id	decimal(18,0)
DM_IP_READMISSION	benefit_plan_id	decimal(18,0)
DM_IP_READMISSION	is_enc_medicare_yn	string
DM_IP_READMISSION	is_enc_medicaid_yn	string
DM_IP_READMISSION	pcp_primary_department_id	decimal(18,0)
DM_IP_READMISSION	pat_preferred_pharmacy_id	decimal(18,0)
DM_IP_READMISSION	no_show_rate	decimal(18,2)
DM_IP_READMISSION	num_discharge_rx	decimal(18,0)
DM_IP_READMISSION	pat_pcp_prov_id	string
DM_IP_READMISSION	pat_has_followup_documented_yn	string
DM_IP_READMISSION	admsn_min_since_midnight	int
DM_IP_READMISSION	discharge_min_since_midnight	int
DM_IP_READMISSION	inpat_admsn_min_since_midnight	int
DM_IP_READMISSION	ed_arrival_min_since_midnight	int
DM_IP_READMISSION	revenue_location_id	decimal(18,0)
DM_IP_READMISSION	present_on_admsn_dx_code_list	string
DM_IP_READMISSION	hospital_acquired_dx_code_list	string
DM_IP_READMISSION	visit_dx_code_list	string
DM_IP_READMISSION	admission_dx_code_list	string
DM_IP_READMISSION	discharge_dx_code_list	string
DM_IP_READMISSION	principal_problem_dx_code_list	string
DM_IP_READMISSION	readmission_risk_score	decimal(18,2)
DM_IP_READMISSION	discharged_deceased_yn	string
DM_IP_READMISSION	dl_load_dt	date
DM_IP_READMISSION	dl_load_ts	timestamp
DM_WLL_ALL	record_id	decimal(18,0)
DM_WLL_ALL	registry_status_c	int
DM_WLL_ALL	pat_id	string
DM_WLL_ALL	cm_phy_owner_id	string
DM_WLL_ALL	cm_log_owner_id	string
DM_WLL_ALL	num_ed_vis	decimal(18,0)
DM_WLL_ALL	num_hosp_admsns	decimal(18,0)
DM_WLL_ALL	age	double
DM_WLL_ALL	cur_pcp_prov_id	string
DM_WLL_ALL	date_of_birth	timestamp
DM_WLL_ALL	has_medicaid_coverage_yn	string
DM_WLL_ALL	is_adult_yn	string
DM_WLL_ALL	sex_c	string
DM_WLL_ALL	cur_prim_ben_plan_id	decimal(18,0)
DM_WLL_ALL	cur_prim_payer_id	decimal(18,0)
DM_WLL_ALL	cur_prim_fin_class_c	string
DM_WLL_ALL	cur_prim_prod_type_c	string
DM_WLL_ALL	nonhisp_african_amer_yn	string
DM_WLL_ALL	off_vis_last_dt	timestamp
DM_WLL_ALL	bmi_last	double
DM_WLL_ALL	bmi_last_dt	timestamp
DM_WLL_ALL	bmi_last_pct	double
DM_WLL_ALL	bmi_last_pct_dt	timestamp
DM_WLL_ALL	bp_dia_last	double
DM_WLL_ALL	bp_dia_last_dt	timestamp
DM_WLL_ALL	bp_sys_last	double
DM_WLL_ALL	bp_sys_last_dt	timestamp
DM_WLL_ALL	smoking_user_yn	string
DM_WLL_ALL	tobac_pack_year	decimal(18,2)
DM_WLL_ALL	smokeless_status_c	int
DM_WLL_ALL	smoking_status_c	int
DM_WLL_ALL	tobac_quit_last_dt	timestamp
DM_WLL_ALL	sexually_active_yn	string
DM_WLL_ALL	cad_risk_factors_yn	string
DM_WLL_ALL	chlamydia_risk_assessment_yn	string
DM_WLL_ALL	hep_c_risk_assessment_yn	string
DM_WLL_ALL	hiv_risk_assessment_yn	string
DM_WLL_ALL	had_heart_attack_yn	string
DM_WLL_ALL	had_stroke_yn	string
DM_WLL_ALL	prior_ascvd_event_yn	string
DM_WLL_ALL	hdl_last	double
DM_WLL_ALL	hdl_last_dt	timestamp
DM_WLL_ALL	hdl_l_ord_id	decimal(18,0)
DM_WLL_ALL	hdl_l_lrr_id	decimal(18,0)
DM_WLL_ALL	hdl_l_unit	string
DM_WLL_ALL	ttl_chl_last	double
DM_WLL_ALL	ttl_chl_last_dt	timestamp
DM_WLL_ALL	ttl_chl_l_ord_id	decimal(18,0)
DM_WLL_ALL	ttl_chl_l_lrr_id	decimal(18,0)
DM_WLL_ALL	ttl_chl_l_unit	string
DM_WLL_ALL	abdom_aortic_aneurysm_scrn_dt	timestamp
DM_WLL_ALL	chlamydia_scrn_dt	timestamp
DM_WLL_ALL	colonoscopy_dt	timestamp
DM_WLL_ALL	diabetes_scrn_dt	timestamp
DM_WLL_ALL	fecal_occult_blood_dt	timestamp
DM_WLL_ALL	hep_c_scrn_dt	timestamp
DM_WLL_ALL	hiv_scrn_dt	timestamp
DM_WLL_ALL	hpv_scrn_dt	timestamp
DM_WLL_ALL	lipid_profile_dt	timestamp
DM_WLL_ALL	lung_cancer_scrn_dt	timestamp
DM_WLL_ALL	mammogram_dt	timestamp
DM_WLL_ALL	osteoporosis_scrn_dt	timestamp
DM_WLL_ALL	pap_smear_dt	timestamp
DM_WLL_ALL	sigmoidoscopy_dt	timestamp
DM_WLL_ALL	visual_impairment_scrn_dt	timestamp
DM_WLL_ALL	on_anthypert_yn	string
DM_WLL_ALL	has_abdom_aortic_aneurysm_yn	string
DM_WLL_ALL	has_breast_cancer_yn	string
DM_WLL_ALL	has_cervi_carci_yn	string
DM_WLL_ALL	has_chlamydia_yn	string
DM_WLL_ALL	has_copd_yn	string
DM_WLL_ALL	has_colorectal_cancer_yn	string
DM_WLL_ALL	has_chf_yn	string
DM_WLL_ALL	has_depression_yn	string
DM_WLL_ALL	has_diabetes_yn	string
DM_WLL_ALL	has_hep_c_yn	string
DM_WLL_ALL	has_hiv_yn	string
DM_WLL_ALL	has_lipid_disorder_yn	string
DM_WLL_ALL	has_liver_dis_yn	string
DM_WLL_ALL	has_lung_cancer_yn	string
DM_WLL_ALL	has_osteoporosis_yn	string
DM_WLL_ALL	has_precanc_cerv_lesion_yn	string
DM_WLL_ALL	has_typ_2_diabetes_yn	string
DM_WLL_ALL	had_utero_exp_diethyl_yn	string
DM_WLL_ALL	had_colectomy_yn	string
DM_WLL_ALL	had_hysterectomy_yn	string
DM_WLL_ALL	prev_care_sc_abd_aortic_aneur	double
DM_WLL_ALL	prev_care_sc_abd_aor_aneur_cmt	string
DM_WLL_ALL	prev_care_sc_breast_cancer	double
DM_WLL_ALL	prev_care_sc_breast_cancer_cmt	string
DM_WLL_ALL	prev_care_sc_cerv_cancer	double
DM_WLL_ALL	prev_care_sc_cerv_cancer_cmt	string
DM_WLL_ALL	prev_care_sc_chlamydia	double
DM_WLL_ALL	prev_care_sc_chlamydia_cmt	string
DM_WLL_ALL	prev_care_sc_colorectal_cancer	double
DM_WLL_ALL	prev_care_sc_colorect_can_cmt	string
DM_WLL_ALL	prev_care_gap_score	double
DM_WLL_ALL	prev_care_gap_sc_missing_c	int
DM_WLL_ALL	prev_care_sc_hep_c	double
DM_WLL_ALL	prev_care_sc_hep_c_cmt	string
DM_WLL_ALL	prev_care_sc_high_bp	double
DM_WLL_ALL	prev_care_sc_high_bp_cmt	string
DM_WLL_ALL	prev_care_sc_hiv	double
DM_WLL_ALL	prev_care_sc_hiv_cmt	string
DM_WLL_ALL	prev_care_sc_lipid_disorders	double
DM_WLL_ALL	prev_care_sc_lipid_disords_cmt	string
DM_WLL_ALL	prev_care_sc_lung_cancer	double
DM_WLL_ALL	prev_care_sc_lung_cancer_cmt	string
DM_WLL_ALL	prev_care_sc_obesity	double
DM_WLL_ALL	prev_care_sc_obesity_cmt	string
DM_WLL_ALL	prev_care_sc_osteoporosis	double
DM_WLL_ALL	prev_care_sc_osteoporosis_cmt	string
DM_WLL_ALL	prev_care_sc_typ_2_diabetes	double
DM_WLL_ALL	prev_care_sc_typ_2_diab_cmt	string
DM_WLL_ALL	prev_care_sc_visual_impair	double
DM_WLL_ALL	prev_care_sc_visual_impair_cmt	string
DM_WLL_ALL	prev_care_sc_obesity_interv	double
DM_WLL_ALL	prev_care_sc_obes_interv_cmt	string
DM_WLL_ALL	gen_adult_score	double
DM_WLL_ALL	gen_adult_sc_missing_c	int
DM_WLL_ALL	gen_adult_sc_age	int
DM_WLL_ALL	gen_adult_sc_ed_visits	int
DM_WLL_ALL	gen_adult_sc_chf	int
DM_WLL_ALL	gen_adult_sc_chron_liver_dis	int
DM_WLL_ALL	gen_adult_sc_copd	int
DM_WLL_ALL	gen_adult_sc_depression	int
DM_WLL_ALL	gen_adult_sc_diabetes	int
DM_WLL_ALL	gen_adult_sc_medicaid	int
DM_WLL_ALL	gen_adult_sc_pcp	int
DM_WLL_ALL	gen_adult_sc_hosp_admsns	int
DM_WLL_ALL	fracture_risk_assessment_yn	string
DM_WLL_ALL	low_life_exp_yn	string
DM_WLL_ALL	mammo_excl_yn	string
DM_WLL_ALL	obesity_fol_up_plan_yn	string
DM_WLL_ALL	osteo_scrn_excl_yn	string
DM_WLL_ALL	cvd_10_yr_score	double
DM_WLL_ALL	cvd_10_yr_sc_missing_c	int
DM_WLL_ALL	ascvd_10_yr_score	double
DM_WLL_ALL	ascvd_10_yr_sc_missing_c	int
DM_WLL_ALL	prior_cvd_event_yn	string
DM_WLL_ALL	has_periph_vasc_dis_yn	string
DM_WLL_ALL	has_hypertension_yn	string
DM_WLL_ALL	has_obesity_yn	string
DM_WLL_ALL	has_cad_yn	string
DM_WLL_ALL	has_non_cad_athero_yn	string
DM_WLL_ALL	hist_cad_yn	string
DM_WLL_ALL	hist_non_cad_athero_yn	string
DM_WLL_ALL	fam_hist_cvd_yn	string
DM_WLL_ALL	uses_any_tobac_yn	string
DM_WLL_ALL	has_asthma_yn	string
DM_WLL_ALL	has_anemia_yn	string
DM_WLL_ALL	has_afib_yn	string
DM_WLL_ALL	has_cvd_yn	string
DM_WLL_ALL	has_ckd_yn	string
DM_WLL_ALL	has_connect_tissue_disorder_yn	string
DM_WLL_ALL	has_medicare_coverage_yn	string
DM_WLL_ALL	is_in_relationship_yn	string
DM_WLL_ALL	hosp_or_ed_risk_score	double
DM_WLL_ALL	hosp_or_ed_risk_sc_missing_c	int
DM_WLL_ALL	has_chronic_heart_disease_yn	string
DM_WLL_ALL	has_chronic_lung_disease_yn	string
DM_WLL_ALL	has_alcoholism_yn	string
DM_WLL_ALL	has_chronic_liver_disease_yn	string
DM_WLL_ALL	has_csf_leaks_yn	string
DM_WLL_ALL	has_cochlear_implants_yn	string
DM_WLL_ALL	has_hemoglobinopathies_yn	string
DM_WLL_ALL	has_cong_or_acq_asplenia_yn	string
DM_WLL_ALL	has_cong_or_acq_immunodef_yn	string
DM_WLL_ALL	has_chronic_renal_failure_yn	string
DM_WLL_ALL	has_nephrotic_syndrome_yn	string
DM_WLL_ALL	has_leukemia_yn	string
DM_WLL_ALL	has_lymphomas_yn	string
DM_WLL_ALL	has_hodgkin_disease_yn	string
DM_WLL_ALL	has_generalized_malignancy_yn	string
DM_WLL_ALL	has_iatro_immunosupp_yn	string
DM_WLL_ALL	had_solid_organ_transplant_yn	string
DM_WLL_ALL	has_multiple_myeloma_yn	string
DM_WLL_ALL	pneumo_hm_modifier_c	int
DM_WLL_ALL	pneumococcal_risk_score_c	int
DM_WLL_ALL	is_bp_treated_yn	string
DM_WLL_ALL	has_hyptn_prob_yn	string
DM_WLL_ALL	on_bp_med_yn	string
DM_WLL_ALL	evaluate_as_male_yn	string
DM_WLL_ALL	evaluate_as_female_yn	string
DM_WLL_ALL	has_cervix_yn	string
DM_WLL_ALL	has_breasts_yn	string
DM_WLL_ALL	hib_1dose_hm_modifier	int
DM_WLL_ALL	hib_3dose_hm_modifier	int
DM_WLL_ALL	hpv_3dose_hm_modifier	int
DM_WLL_ALL	menacwy_2dose_hm_modifier	int
DM_WLL_ALL	menacwy_hm_modifier	int
DM_WLL_ALL	menb_hm_modifier	int
DM_WLL_ALL	rabies_research_hm_modifier	int
DM_WLL_ALL	yf_hm_modifier	int
DM_WLL_ALL	je_hm_modifier	int
DM_WLL_ALL	typhoid_hm_modifier	int
DM_WLL_ALL	has_complement_deficiency_yn	string
DM_WLL_ALL	has_factorb_deficiency_yn	string
DM_WLL_ALL	has_properdin_deficiency_yn	string
DM_WLL_ALL	had_stemcell_transplant_yn	string
DM_WLL_ALL	stemcell_transplant_date	timestamp
DM_WLL_ALL	rabies_hm_modifier	int
DM_WLL_ALL	mency_hm_modifier	int
DM_WLL_ALL	menacwy_1dose_hm_modifier	int
DM_WLL_ALL	menb_2dose_hm_modifier	int
DM_WLL_ALL	edu_level_c	int
DM_WLL_ALL	fin_resource_strain_c	int
DM_WLL_ALL	ipv_emotional_abuse_c	int
DM_WLL_ALL	phone_communication_c	int
DM_WLL_ALL	church_attendance_c	int
DM_WLL_ALL	socialization_freq_c	int
DM_WLL_ALL	clubmtg_attendance_c	int
DM_WLL_ALL	club_member_c	int
DM_WLL_ALL	living_w_spouse_c	int
DM_WLL_ALL	phys_act_days_per_week_c	int
DM_WLL_ALL	phys_act_min_per_sess_c	int
DM_WLL_ALL	daily_stress_c	int
DM_WLL_ALL	ipv_fear_c	int
DM_WLL_ALL	ipv_sexual_abuse_c	int
DM_WLL_ALL	ipv_physical_abuse_c	int
DM_WLL_ALL	alcohol_freq_c	int
DM_WLL_ALL	alcohol_drinks_per_day_c	int
DM_WLL_ALL	alcohol_binge_c	int
DM_WLL_ALL	fin_resource_risk_c	int
DM_WLL_ALL	social_isolation_risk_c	int
DM_WLL_ALL	phys_inactivity_risk_c	int
DM_WLL_ALL	stress_risk_c	int
DM_WLL_ALL	ipv_risk_c	int
DM_WLL_ALL	alcohol_risk_c	int
DM_WLL_ALL	depression_risk_c	int
DM_WLL_ALL	last_phq_2_score	decimal(2,0)
DM_WLL_ALL	food_insecurity_worry_c	int
DM_WLL_ALL	food_insecurity_scarce_c	int
DM_WLL_ALL	food_insecurity_risk_c	int
DM_WLL_ALL	med_transport_needs_c	int
DM_WLL_ALL	other_transport_needs_c	int
DM_WLL_ALL	transport_needs_risk_c	int
DM_WLL_ALL	has_cervix_2_yn	string
DM_WLL_ALL	has_breasts_2_yn	string
DM_WLL_ALL	tobacco_risk_c	int
DM_WLL_ALL	mmr_2dose_art_hm_modifier	int
DM_WLL_ALL	first_art_date	timestamp
DM_WLL_ALL	sdoh_smoking_status_c	int
DM_WLL_ALL	sdoh_smokeless_status_c	int
DM_WLL_ALL	has_complement_inhibitor_yn	string
DM_WLL_ALL	has_had_dengue_yn	string
DM_WLL_ALL	in_long_term_care_yn	string
DM_WLL_ALL	needs_covid_booster_yn	string
DM_WLL_ALL	last_epds_total_score	decimal(2,0)
DM_WLL_ALL	last_epds_self_harm_c	int
DM_WLL_ALL	epds_risk_c	int
DM_WLL_ALL	housing_unable_to_pay_c	int
DM_WLL_ALL	housing_number_of_places_lived	decimal(15,0)
DM_WLL_ALL	housing_steady_loc_to_sleep_c	int
DM_WLL_ALL	housing_stability_risk_c	int
DM_WLL_ALL	last_phq_9_score	decimal(2,0)
DM_WLL_ALL	depression_phq_9_risk_c	int
DM_WLL_ALL	has_less_sev_bcell_deficncy_yn	string
DM_WLL_ALL	has_antibody_deficncy_yn	string
DM_WLL_ALL	oasis_health_literacy_last_c	int
DM_WLL_ALL	oasis_health_literacy_risk_c	int
DM_WLL_ALL	oasis_transport_med_last_c	int
DM_WLL_ALL	oasis_transport_nonmed_last_c	int
DM_WLL_ALL	oasis_transport_risk_c	int
DM_WLL_ALL	oasis_feel_soc_iso_last_c	int
DM_WLL_ALL	oasis_feel_soc_iso_risk_c	int
DM_WLL_ALL	oasis_transport_unk_last_c	int
DM_WLL_ALL	utilities_shut_off_c	int
DM_WLL_ALL	utilities_risk_c	int
DM_WLL_ALL	smoking_quit_l_dt	timestamp
DM_WLL_ALL	health_literacy_instructions_c	int
DM_WLL_ALL	health_literacy_risk_c	int
DM_WLL_ALL	housing_stability_risk_clas_c	int
DM_WLL_ALL	housing_number_of_times_moved	string
DM_WLL_ALL	housing_homeless_c	int
DM_WLL_ALL	ahc_inadequate_housing_risk_c	int
DM_WLL_ALL	ahc_txport_risk_c	int
DM_WLL_ALL	ahc_personal_safety_risk_c	int
DM_WLL_ALL	ahc_housing_problems	string
DM_WLL_ALL	ahc_living_situation	int
DM_WLL_ALL	ahc_txport	int
DM_WLL_ALL	ahc_threaten_you	int
DM_WLL_ALL	ahc_insult_you	int
DM_WLL_ALL	ahc_scream_at_you	int
DM_WLL_ALL	ahc_physically_hurt_you	int
DM_WLL_ALL	ahc_social_connections_risk_c	int
DM_WLL_ALL	ahc_need_help_activities	int
DM_WLL_ALL	ahc_lonely_isolated	int
DM_WLL_ALL	dl_load_dt	date
DM_WLL_ALL	dl_load_ts	timestamp
DM_WLL_ALL	oasis_a1255_risk_c	int
DM_WLL_ALL	oasis_a1255_last_c	int
DM_WLL_ALL_EXT	record_id	decimal(18,0)
DM_WLL_ALL_EXT	registry_status_c	int
DM_WLL_ALL_EXT	pat_id	string
DM_WLL_ALL_EXT	cm_phy_owner_id	string
DM_WLL_ALL_EXT	cm_log_owner_id	string
DM_WLL_ALL_EXT	abdom_aortic_aneurysm_scrn_dt	timestamp
DM_WLL_ALL_EXT	hep_c_virus_scrn_dt	timestamp
DM_WLL_ALL_EXT	visual_impairment_scrn_dt	timestamp
DM_WLL_ALL_EXT	hpv_scrn_dt	timestamp
DM_WLL_ALL_EXT	num_hosp_admit	decimal(18,0)
DM_WLL_ALL_EXT	num_ed_vis	decimal(18,0)
DM_WLL_ALL_EXT	on_anthypert_yn	string
DM_WLL_ALL_EXT	pap_smear_dt	timestamp
DM_WLL_ALL_EXT	fecal_occult_blood_dt	timestamp
DM_WLL_ALL_EXT	mammogram_dt	timestamp
DM_WLL_ALL_EXT	sigmoidoscopy_dt	timestamp
DM_WLL_ALL_EXT	colonoscopy_dt	timestamp
DM_WLL_ALL_EXT	chlamydia_scrn_dt	timestamp
DM_WLL_ALL_EXT	lipid_profile_dt	timestamp
DM_WLL_ALL_EXT	hiv_scrn_dt	timestamp
DM_WLL_ALL_EXT	diabetes_scrn_dt	timestamp
DM_WLL_ALL_EXT	lung_cancer_scrn_dt	timestamp
DM_WLL_ALL_EXT	osteoporosis_scrn_dt	timestamp
DM_WLL_ALL_EXT	had_colectomy_yn	string
DM_WLL_ALL_EXT	had_heart_attack_yn	string
DM_WLL_ALL_EXT	had_stroke_yn	string
DM_WLL_ALL_EXT	had_utero_exp_diethyl_yn	string
DM_WLL_ALL_EXT	has_abdom_aortic_aneurysm_yn	string
DM_WLL_ALL_EXT	has_breast_cancer_yn	string
DM_WLL_ALL_EXT	has_cad_yn	string
DM_WLL_ALL_EXT	has_cervi_carci_yn	string
DM_WLL_ALL_EXT	has_chf_yn	string
DM_WLL_ALL_EXT	has_chlamydia_yn	string
DM_WLL_ALL_EXT	has_colorectal_cancer_yn	string
DM_WLL_ALL_EXT	has_copd_yn	string
DM_WLL_ALL_EXT	has_depression_yn	string
DM_WLL_ALL_EXT	has_diabetes_yn	string
DM_WLL_ALL_EXT	has_hep_c_yn	string
DM_WLL_ALL_EXT	has_hiv_yn	string
DM_WLL_ALL_EXT	has_hypertension_yn	string
DM_WLL_ALL_EXT	has_lipid_disorder_yn	string
DM_WLL_ALL_EXT	has_liver_dis_yn	string
DM_WLL_ALL_EXT	has_lung_cancer_yn	string
DM_WLL_ALL_EXT	has_non_cad_athero_yn	string
DM_WLL_ALL_EXT	has_obesity_yn	string
DM_WLL_ALL_EXT	has_osteoporosis_yn	string
DM_WLL_ALL_EXT	has_periph_vasc_dis_yn	string
DM_WLL_ALL_EXT	has_typ_2_diabetes_yn	string
DM_WLL_ALL_EXT	hist_cad_yn	string
DM_WLL_ALL_EXT	hist_non_cad_athero_yn	string
DM_WLL_ALL_EXT	has_afib_yn	string
DM_WLL_ALL_EXT	has_alcoholism_yn	string
DM_WLL_ALL_EXT	has_anemia_yn	string
DM_WLL_ALL_EXT	has_asthma_yn	string
DM_WLL_ALL_EXT	has_chronic_heart_disease_yn	string
DM_WLL_ALL_EXT	has_chronic_liver_disease_yn	string
DM_WLL_ALL_EXT	has_chronic_lung_disease_yn	string
DM_WLL_ALL_EXT	has_chronic_renal_failure_yn	string
DM_WLL_ALL_EXT	has_ckd_yn	string
DM_WLL_ALL_EXT	has_cong_or_acq_asplenia_yn	string
DM_WLL_ALL_EXT	has_cong_or_acq_immunodef_yn	string
DM_WLL_ALL_EXT	has_connect_tissue_disorder_yn	string
DM_WLL_ALL_EXT	has_csf_leaks_yn	string
DM_WLL_ALL_EXT	has_cvd_yn	string
DM_WLL_ALL_EXT	has_generalized_malignancy_yn	string
DM_WLL_ALL_EXT	has_hemoglobinopathies_yn	string
DM_WLL_ALL_EXT	has_hodgkin_disease_yn	string
DM_WLL_ALL_EXT	has_iatro_immunosupp_yn	string
DM_WLL_ALL_EXT	has_leukemia_yn	string
DM_WLL_ALL_EXT	has_lymphomas_yn	string
DM_WLL_ALL_EXT	has_multiple_myeloma_yn	string
DM_WLL_ALL_EXT	has_nephrotic_syndrome_yn	string
DM_WLL_ALL_EXT	on_bp_med_yn	string
DM_WLL_ALL_EXT	has_hyptn_prob_yn	string
DM_WLL_ALL_EXT	smokeless_status_c	int
DM_WLL_ALL_EXT	cur_pcp_prov_id	string
DM_WLL_ALL_EXT	off_vis_last_dt	timestamp
DM_WLL_ALL_EXT	bp_sys_last	double
DM_WLL_ALL_EXT	bp_sys_last_dt	timestamp
DM_WLL_ALL_EXT	bp_dia_last	double
DM_WLL_ALL_EXT	bp_dia_last_dt	timestamp
DM_WLL_ALL_EXT	bmi_last	double
DM_WLL_ALL_EXT	bmi_last_dt	timestamp
DM_WLL_ALL_EXT	smoking_status_c	int
DM_WLL_ALL_EXT	tobac_quit_last_dt	timestamp
DM_WLL_ALL_EXT	tobac_pack_year	decimal(18,2)
DM_WLL_ALL_EXT	smoking_user_yn	string
DM_WLL_ALL_EXT	uses_any_tobac_yn	string
DM_WLL_ALL_EXT	hdl_last	double
DM_WLL_ALL_EXT	hdl_l_unit	string
DM_WLL_ALL_EXT	hdl_last_dt	timestamp
DM_WLL_ALL_EXT	hdl_l_dxr_csn	decimal(18,0)
DM_WLL_ALL_EXT	hdl_l_lrr_id	decimal(18,0)
DM_WLL_ALL_EXT	ttl_chl_last	double
DM_WLL_ALL_EXT	ttl_chl_l_unit	string
DM_WLL_ALL_EXT	ttl_chl_last_dt	timestamp
DM_WLL_ALL_EXT	ttl_chl_l_dxr_csn	decimal(18,0)
DM_WLL_ALL_EXT	ttl_chl_l_lrr_id	decimal(18,0)
DM_WLL_ALL_EXT	has_cochlear_implants_yn	string
DM_WLL_ALL_EXT	had_solid_organ_transplant_yn	string
DM_WLL_ALL_EXT	sexually_active_yn	string
DM_WLL_ALL_EXT	fam_hist_cvd_yn	string
DM_WLL_ALL_EXT	has_cervix_yn	string
DM_WLL_ALL_EXT	has_complement_deficiency_yn	string
DM_WLL_ALL_EXT	has_factorb_deficiency_yn	string
DM_WLL_ALL_EXT	has_properdin_deficiency_yn	string
DM_WLL_ALL_EXT	has_cervix_2_yn	string
DM_WLL_ALL_EXT	has_complement_inhibitor_yn	string
DM_WLL_ALL_EXT	has_had_dengue_yn	string
DM_WLL_ALL_EXT	has_less_sev_bcell_deficncy_yn	string
DM_WLL_ALL_EXT	has_antibody_deficncy_yn	string
DM_WLL_ALL_EXT	smoking_quit_l_dt	timestamp
DM_WLL_ALL_EXT	dl_load_dt	date
DM_WLL_ALL_EXT	dl_load_ts	timestamp
DOC_INFORMATION	doc_info_id	string
DOC_INFORMATION	rec_state	string
DOC_INFORMATION	doc_info_type_c	string
DOC_INFORMATION	doc_grp_c	string
DOC_INFORMATION	doc_stat_c	int
DOC_INFORMATION	is_visit_spec_yn	string
DOC_INFORMATION	doc_descr	string
DOC_INFORMATION	doc_recv_time	timestamp
DOC_INFORMATION	recv_by_user_id	string
DOC_INFORMATION	pat_rep	string
DOC_INFORMATION	dt_on_doc	timestamp
DOC_INFORMATION	doc_expir_time	timestamp
DOC_INFORMATION	doc_loc	string
DOC_INFORMATION	is_scanned_yn	string
DOC_INFORMATION	scan_time	timestamp
DOC_INFORMATION	scan_by_user_id	string
DOC_INFORMATION	scan_dep_id	decimal(18,0)
DOC_INFORMATION	scan_file	string
DOC_INFORMATION	is_esigned_yn	string
DOC_INFORMATION	esign_time	timestamp
DOC_INFORMATION	witness_by_user_id	string
DOC_INFORMATION	esign_dep_id	decimal(18,0)
DOC_INFORMATION	esign_html_file	string
DOC_INFORMATION	esign_file	string
DOC_INFORMATION	esign_key	string
DOC_INFORMATION	esign_digest	string
DOC_INFORMATION	doc_req_dt	timestamp
DOC_INFORMATION	is_req_yn	string
DOC_INFORMATION	doc_eff_time	timestamp
DOC_INFORMATION	is_eff_yn	string
DOC_INFORMATION	doc_discl_dt	timestamp
DOC_INFORMATION	doc_revok_dt	timestamp
DOC_INFORMATION	is_revok_yn	string
DOC_INFORMATION	cm_phy_owner_id	string
DOC_INFORMATION	cm_log_owner_id	string
DOC_INFORMATION	doc_location_c	string
DOC_INFORMATION	doc_pt_id	string
DOC_INFORMATION	doc_csn	decimal(18,0)
DOC_INFORMATION	doc_mem_id	string
DOC_INFORMATION	doc_clm_id	decimal(18,0)
DOC_INFORMATION	doc_cvg_id	decimal(18,0)
DOC_INFORMATION	doc_epp_id	decimal(18,0)
DOC_INFORMATION	doc_ncc_id	decimal(18,0)
DOC_INFORMATION	doc_ncs_id	decimal(18,0)
DOC_INFORMATION	doc_nmm_id	decimal(18,0)
DOC_INFORMATION	doc_pba_id	string
DOC_INFORMATION	doc_ppg_id	string
DOC_INFORMATION	doc_rfl_id	decimal(18,0)
DOC_INFORMATION	doc_ser_id	string
DOC_INFORMATION	doc_ven_id	string
DOC_INFORMATION	all_auth_orgs_yn	string
DOC_INFORMATION	record_state_c	int
DOC_INFORMATION	source_etx_id	string
DOC_INFORMATION	source_etx_version	string
DOC_INFORMATION	doc_hno_id	string
DOC_INFORMATION	scan_lws_id	string
DOC_INFORMATION	esig_signed_by	string
DOC_INFORMATION	esigned_rel_c	int
DOC_INFORMATION	doc_srvc_dttm	timestamp
DOC_INFORMATION	scan_inst_dttm	timestamp
DOC_INFORMATION	doc_storage_lvl_c	int
DOC_INFORMATION	roi_auth_type_c	string
DOC_INFORMATION	scan_file_type	string
DOC_INFORMATION	source_doc	string
DOC_INFORMATION	external_id	string
DOC_INFORMATION	rec_archived_yn	string
DOC_INFORMATION	doc_creat_dept_id	decimal(18,0)
DOC_INFORMATION	pt_ent_draw_stat_c	int
DOC_INFORMATION	pt_ent_drawing_cmt	string
DOC_INFORMATION	photo_approved_c	int
DOC_INFORMATION	photo_aprv_appl_c	int
DOC_INFORMATION	web_user_id	string
DOC_INFORMATION	need_enc_yn	string
DOC_INFORMATION	performing_prov_id	string
DOC_INFORMATION	media_note_length	decimal(18,2)
DOC_INFORMATION	comm_auth_c	int
DOC_INFORMATION	esig_tmplt_used	decimal(18,0)
DOC_INFORMATION	tmplt_sf_cntct	decimal(18,0)
DOC_INFORMATION	auth_internationl_yn	string
DOC_INFORMATION	research_study_id	string
DOC_INFORMATION	ft_consent_procs	string
DOC_INFORMATION	original_doc_id	string
DOC_INFORMATION	doc_specialty_c	int
DOC_INFORMATION	doc_srvr_name_c	int
DOC_INFORMATION	fmk_consent_recv_user_id	string
DOC_INFORMATION	doc_source_info_c	int
DOC_INFORMATION	ce_service_start_date	timestamp
DOC_INFORMATION	ce_service_end_date	timestamp
DOC_INFORMATION	rx_cust_id_type_c	int
DOC_INFORMATION	rx_cust_id_num	string
DOC_INFORMATION	rx_cust_id_owner_rel_to_pat_c	int
DOC_INFORMATION	rx_cust_id_owner_name	string
DOC_INFORMATION	rx_cust_id_issue_org_c	int
DOC_INFORMATION	doc_pnd_aprv_stat_c	int
DOC_INFORMATION	doc_rej_rsn_c	int
DOC_INFORMATION	doc_rej_rsn_text	string
DOC_INFORMATION	comm_orig_typ_c	int
DOC_INFORMATION	comm_orig_lrp_id	string
DOC_INFORMATION	created_study_amendment	int
DOC_INFORMATION	eff_study_amendment	int
DOC_INFORMATION	dl_load_dt	date
DOC_INFORMATION	dl_load_ts	timestamp
DOC_INFORMATION_2	document_id	string
DOC_INFORMATION_2	cm_phy_owner_id	string
DOC_INFORMATION_2	cm_log_owner_id	string
DOC_INFORMATION_2	comm_orig_hno_id	string
DOC_INFORMATION_2	doc_rep_context_c	int
DOC_INFORMATION_2	doc_rdi_id	decimal(18,0)
DOC_INFORMATION_2	document_fax_num	string
DOC_INFORMATION_2	comm_orig_rdi_id	decimal(18,0)
DOC_INFORMATION_2	purge_time_stamp_utc_dttm	timestamp
DOC_INFORMATION_2	rsh_last_update_user_id	string
DOC_INFORMATION_2	rsh_last_update_utc_dttm	timestamp
DOC_INFORMATION_2	rsh_form_stat_c	int
DOC_INFORMATION_2	doc_spec_type_c	string
DOC_INFORMATION_2	doc_subspecialty_c	string
DOC_INFORMATION_2	tmplt_sf_form_id	string
DOC_INFORMATION_2	rsh_form_name	string
DOC_INFORMATION_2	document_usage_c	int
DOC_INFORMATION_2	document_group_document_id	string
DOC_INFORMATION_2	scan_sig_source_c	int
DOC_INFORMATION_2	blob_category_c	int
DOC_INFORMATION_2	rx_cust_id_owner_nam_record_id	string
DOC_INFORMATION_2	is_missing_data_yn	string
DOC_INFORMATION_2	doc_rls_mychart_utc_dttm	timestamp
DOC_INFORMATION_2	doc_con_rls_yn	string
DOC_INFORMATION_2	esig_accessible_pdf_file	string
DOC_INFORMATION_2	series_seq_num	int
DOC_INFORMATION_2	ps_series_uid	string
DOC_INFORMATION_2	ps_uid	string
DOC_INFORMATION_2	image_sequence_num	int
DOC_INFORMATION_2	img_slct_type_c	int
DOC_INFORMATION_2	file_creation_time	string
DOC_INFORMATION_2	file_last_upd_time	string
DOC_INFORMATION_2	file_type	string
DOC_INFORMATION_2	cln_doc_src_apt_pat_enc_csn_id	decimal(18,0)
DOC_INFORMATION_2	enroll_id	decimal(18,0)
DOC_INFORMATION_2	file_creation_dttm	timestamp
DOC_INFORMATION_2	doc_tklr_c	int
DOC_INFORMATION_2	pdf_file_key	string
DOC_INFORMATION_2	doc_cnr_id	decimal(18,0)
DOC_INFORMATION_2	doc_del_rsn_c	int
DOC_INFORMATION_2	document_ident_source_c	int
DOC_INFORMATION_2	rx_dispense_sig_disclaimer	string
DOC_INFORMATION_2	rx_sig_disclaimer_translated	string
DOC_INFORMATION_2	deferred_gen_status_c	int
DOC_INFORMATION_2	disc_transl_language_id	decimal(18,0)
DOC_INFORMATION_2	communication_id	decimal(18,0)
DOC_INFORMATION_2	communication_job	string
DOC_INFORMATION_2	start_doc_period_date	timestamp
DOC_INFORMATION_2	end_doc_period_date	timestamp
DOC_INFORMATION_2	eob_member_share_amount	decimal(18,2)
DOC_INFORMATION_2	doc_tx_id	decimal(18,0)
DOC_INFORMATION_2	clm_attach_ctl_num	string
DOC_INFORMATION_2	clm_prov_acct_num	string
DOC_INFORMATION_2	claim_vendor_id	string
DOC_INFORMATION_2	claim_vendor_npi	decimal(10,0)
DOC_INFORMATION_2	dl_load_dt	date
DOC_INFORMATION_2	dl_load_ts	timestamp
DOC_INFORMATION_2	workqueue_evaluate_yn	string
DOC_INFORMATION_2	disc_ocr_plan_id	decimal(18,0)
DOC_INFORMATION_2	disc_ocr_status_c	int
DOC_INFORMATION_2	doc_source_roi_id	string
DOC_INFORMATION_2	depth_capt_status_c	int
DOC_INFORMATION_2	link_depth_dcs_id	string
DOC_INFORMATION_2	depth_accuracy_c	int
DOC_INFORMATION_2	depth_quality_c	int
DOC_INFORMATION_2	copied_from_document_id	string
DOC_INFORMATION_2	selected_for_index_review_yn	string
DOC_INFORMATION_2	cur_indexing_review_status_c	int
DOC_INFORMATION_2	cur_cht_corr_tsk_cca_id	decimal(18,0)
DOC_INFORMATION_2	created_by_user_id	string
DOC_INFORMATION_2	created_inst_utc_dttm	timestamp
DOC_INFORMATION_2	indexed_by_user_id	string
DOC_INFORMATION_2	indexed_inst_utc_dttm	timestamp
DOC_INFORMATION_2	pages_indexed_num	int
DOC_INFORMATION_2	doc_batch_type_c	int
DOC_INFORMATION_2	indexing_reviewed_by_user_id	string
DOC_INFORMATION_2	indexing_review_dept_id	decimal(18,0)
DOC_INFORMATION_2	doc_hfr_registry_id	decimal(18,0)
DOC_INFORMATION_2	billing_serv_area_id	decimal(18,0)
DOC_INFORMATION_2	requested_file_save_path	string
DOC_INFORMATION_2	temp_encrypted_file	string
DOC_INFORMATION_2	file_creation_template_id	decimal(18,0)
DOC_INFORMATION_2	my_files_inst_utc_dttm	timestamp
DOC_INFORMATION_2	clm_attach_unlinked_yn	string
DOC_INFORMATION_2	rx_cust_id_birth_date	timestamp
DOC_INFORMATION_2	rx_cust_id_city	string
DOC_INFORMATION_2	rx_cust_id_state_c	string
DOC_INFORMATION_2	rx_cust_id_zip	string
DOC_INFORMATION_2	rx_cust_id_county_c	string
DOC_INFORMATION_2	rx_cust_id_country_c	string
DOC_INFORMATION_2	rx_cust_id_distrct_c	int
DOC_INFORMATION_2	rx_cust_id_house_num	string
DOC_INFORMATION_2	doc_appeal_grv_id	decimal(18,0)
DOC_INFORMATION_2	swept_file_size	int
DOC_INFORMATION_2	swept_file_directory	string
DOC_INFORMATION_2	originating_starnode_client	string
DOC_INFORMATION_2	wait_esig_confirm_yn	string
DOC_INFORMATION_2	bill_doc_pmt_link_yn	string
DOC_INFORMATION_2	bill_file_nm	string
DOC_INFORMATION_2	network_unique_ident	string
DOC_INFORMATION_2	swept_file_name	string
DOC_INFORMATION_2	scan_os_user	string
DOC_INFORMATION_2	scan_client_os_user	string
DOCS_RCVD	document_id	decimal(22,0)
DOCS_RCVD	cm_phy_owner_id	string
DOCS_RCVD	cm_log_owner_id	string
DOCS_RCVD	type_c	int
DOCS_RCVD	pat_id	string
DOCS_RCVD	doc_source_org_id	decimal(18,0)
DOCS_RCVD	doc_set	string
DOCS_RCVD	enc_event_ident	string
DOCS_RCVD	author_inst_id	decimal(18,0)
DOCS_RCVD	repository_id	string
DOCS_RCVD	invld_reason_c	int
DOCS_RCVD	dupl_of_rec_id	decimal(22,0)
DOCS_RCVD	invld_instant_tm	timestamp
DOCS_RCVD	document_file_name	string
DOCS_RCVD	sender_referralid	string
DOCS_RCVD	sender_letterid	string
DOCS_RCVD	phr_id	decimal(18,0)
DOCS_RCVD	ext_med_context_c	int
DOCS_RCVD	doc_content_type_c	int
DOCS_RCVD	external_ept_csn	decimal(22,0)
DOCS_RCVD	rehosted_doc_yn	string
DOCS_RCVD	attached_doc_id	string
DOCS_RCVD	medcom_type_c	int
DOCS_RCVD	episode_uuid	string
DOCS_RCVD	invld_user_id	string
DOCS_RCVD	record_state_c	int
DOCS_RCVD	doc_epsd_ident	string
DOCS_RCVD	invld_rls_conv_ident	string
DOCS_RCVD	invld_unlink_reason_c	int
DOCS_RCVD	source_claim_id	decimal(18,0)
DOCS_RCVD	ext_med_pbm_ident	string
DOCS_RCVD	can_have_restricted_enc_yn	string
DOCS_RCVD	doc_content_type	string
DOCS_RCVD	received_clinical_note_id	string
DOCS_RCVD	ambient_external_client	string
DOCS_RCVD	rx_doc_legacy_key	string
DOCS_RCVD	rx_document_status_c	int
DOCS_RCVD	dl_load_dt	date
DOCS_RCVD	dl_load_ts	timestamp
DOCS_RCVD	coverage_id	decimal(18,0)
DOCS_RCVD	research_id	string
DOCS_RCVD	pnr_parent_document_id	decimal(22,0)
DOCS_RCVD	data_orig_src_organization_id	decimal(18,0)
DOCS_RCVD	ambnt_record_start_utc_dttm	timestamp
DOCS_RCVD	ambnt_flowsheet_filed_utc_dttm	timestamp
DOCS_RCVD	rx_transfer_status_c	int
DOCS_RCVD	rx_transfer_to_pharmacy_id	decimal(18,0)
DOCS_RCVD	rx_transfer_from_pharmacy_id	decimal(18,0)
DOCS_RCVD	rx_transfer_to_user_id	string
DOCS_RCVD	rx_transfer_from_user_name	string
DOCS_RCVD	rx_transfer_comments	string
DOCS_RCVD	rx_transfer_req_document_id	decimal(22,0)
DOCS_RCVD	data_orig_src_org_name	string
DOCS_RCVD	data_orig_src_org_identifier	string
DOCS_RCVD	ambnt_dd_filed_utc_dttm	timestamp
DOCS_RCVD	ext_demog_id	decimal(18,0)
DOCS_RCVD	conversation_ident	string
DOCS_RCVD	rfl_note_external_ident	string
DOCS_RCVD	ambnt_pipe_wkfl_c	int
DOCS_RCVD	ambnt_process_req_utc_dttm	timestamp
DOCS_RCVD	cleanup_reason_c	int
DOCS_RCVD	invalidation_comment	string
DOCS_RCVD	rx_transfer_to_user_name	string
DOCS_RCVD	performance_period_id	decimal(18,0)
DOCS_RCVD	bookmark_list_id	decimal(18,0)
DOCS_RCVD_DETAILS	document_id	decimal(22,0)
DOCS_RCVD_DETAILS	contact_date_real	double
DOCS_RCVD_DETAILS	contact_date	timestamp
DOCS_RCVD_DETAILS	cm_phy_owner_id	string
DOCS_RCVD_DETAILS	cm_log_owner_id	string
DOCS_RCVD_DETAILS	cm_ct_owner_id	string
DOCS_RCVD_DETAILS	contact_serial_num	decimal(22,0)
DOCS_RCVD_DETAILS	contact_num	int
DOCS_RCVD_DETAILS	document_ext	string
DOCS_RCVD_DETAILS	document_origin_c	int
DOCS_RCVD_DETAILS	document_rqst_csn	decimal(18,0)
DOCS_RCVD_DETAILS	doc_rqst_wkstn_id	string
DOCS_RCVD_DETAILS	document_context_c	int
DOCS_RCVD_DETAILS	document_dep_id	decimal(18,0)
DOCS_RCVD_DETAILS	document_desc	string
DOCS_RCVD_DETAILS	doc_stylesheet	string
DOCS_RCVD_DETAILS	ceid	string
DOCS_RCVD_DETAILS	struct_type_c	int
DOCS_RCVD_DETAILS	recv_inst	timestamp
DOCS_RCVD_DETAILS	cur_status_c	int
DOCS_RCVD_DETAILS	doc_kind_c	int
DOCS_RCVD_DETAILS	rqst_token	string
DOCS_RCVD_DETAILS	request_reason_c	int
DOCS_RCVD_DETAILS	request_explnation	string
DOCS_RCVD_DETAILS	request_vst_prv_id	string
DOCS_RCVD_DETAILS	record_create_inst	timestamp
DOCS_RCVD_DETAILS	rec_create_usr_id	string
DOCS_RCVD_DETAILS	request_role_id	decimal(18,0)
DOCS_RCVD_DETAILS	consent_doc_rec_id	string
DOCS_RCVD_DETAILS	consent_req_yn	string
DOCS_RCVD_DETAILS	document_loc_c	int
DOCS_RCVD_DETAILS	disc_data_file_dttm	timestamp
DOCS_RCVD_DETAILS	has_alg_info_yn	string
DOCS_RCVD_DETAILS	has_prob_info_yn	string
DOCS_RCVD_DETAILS	has_med_info_yn	string
DOCS_RCVD_DETAILS	changes_only_yn	string
DOCS_RCVD_DETAILS	same_as_req_yn	string
DOCS_RCVD_DETAILS	letter_csn	decimal(18,0)
DOCS_RCVD_DETAILS	referral_id	decimal(18,0)
DOCS_RCVD_DETAILS	letter_id	string
DOCS_RCVD_DETAILS	letter_num	int
DOCS_RCVD_DETAILS	ext_med_msg_acut_yn	string
DOCS_RCVD_DETAILS	eow_id	string
DOCS_RCVD_DETAILS	has_vtl_info_yn	string
DOCS_RCVD_DETAILS	ext_pres_error_c	int
DOCS_RCVD_DETAILS	pat_name	string
DOCS_RCVD_DETAILS	pat_family_name	string
DOCS_RCVD_DETAILS	pat_name_suffix	string
DOCS_RCVD_DETAILS	pat_city	string
DOCS_RCVD_DETAILS	pat_state_c	string
DOCS_RCVD_DETAILS	pat_zip	string
DOCS_RCVD_DETAILS	pat_country_c	string
DOCS_RCVD_DETAILS	pat_sex_c	string
DOCS_RCVD_DETAILS	pat_dob_dt	timestamp
DOCS_RCVD_DETAILS	subset_title	string
DOCS_RCVD_DETAILS	subset_cmt	string
DOCS_RCVD_DETAILS	author_id	string
DOCS_RCVD_DETAILS	author_name	string
DOCS_RCVD_DETAILS	pat_dest_id	string
DOCS_RCVD_DETAILS	processing_status_c	int
DOCS_RCVD_DETAILS	dest_loc_dxo_id	decimal(18,0)
DOCS_RCVD_DETAILS	ce_token	string
DOCS_RCVD_DETAILS	creat_inst_dttm	timestamp
DOCS_RCVD_DETAILS	pat_ssn	string
DOCS_RCVD_DETAILS	pat_home_ph	string
DOCS_RCVD_DETAILS	pat_work_ph	string
DOCS_RCVD_DETAILS	pat_cell_ph	string
DOCS_RCVD_DETAILS	src_loc_dxo_id	decimal(18,0)
DOCS_RCVD_DETAILS	ce_enabled_yn	string
DOCS_RCVD_DETAILS	doc_author_emp_id	string
DOCS_RCVD_DETAILS	has_imm_info_yn	string
DOCS_RCVD_DETAILS	phr_dig_sig_ins_dttm	timestamp
DOCS_RCVD_DETAILS	erx_controlled_yn	string
DOCS_RCVD_DETAILS	phr_dig_signature	string
DOCS_RCVD_DETAILS	intf_ref_medloop_c	int
DOCS_RCVD_DETAILS	intf_id	decimal(18,0)
DOCS_RCVD_DETAILS	intf_msg	int
DOCS_RCVD_DETAILS	intf_phrm_ref_num	string
DOCS_RCVD_DETAILS	inc_context_c	int
DOCS_RCVD_DETAILS	root_node	string
DOCS_RCVD_DETAILS	content_locale	string
DOCS_RCVD_DETAILS	msg_priority_c	string
DOCS_RCVD_DETAILS	author_address	string
DOCS_RCVD_DETAILS	author_phone	string
DOCS_RCVD_DETAILS	has_proc_info_yn	string
DOCS_RCVD_DETAILS	unsupported_nehta_yn	string
DOCS_RCVD_DETAILS	sender_loc_id	decimal(18,0)
DOCS_RCVD_DETAILS	sender_prov_id	string
DOCS_RCVD_DETAILS	transform_key	string
DOCS_RCVD_DETAILS	has_event_info_yn	string
DOCS_RCVD_DETAILS	erx_sig_type_c	int
DOCS_RCVD_DETAILS	has_goal_info_yn	string
DOCS_RCVD_DETAILS	has_result_info_yn	string
DOCS_RCVD_DETAILS	has_pcc_note_yn	string
DOCS_RCVD_DETAILS	has_hm_yn	string
DOCS_RCVD_DETAILS	has_care_team_yn	string
DOCS_RCVD_DETAILS	has_social_hx_yn	string
DOCS_RCVD_DETAILS	has_family_hx_yn	string
DOCS_RCVD_DETAILS	has_surg_hx_yn	string
DOCS_RCVD_DETAILS	has_dx_info_yn	string
DOCS_RCVD_DETAILS	has_assmt_info_yn	string
DOCS_RCVD_DETAILS	pat_housenumber	string
DOCS_RCVD_DETAILS	given_name_init	string
DOCS_RCVD_DETAILS	spouse_last_name	string
DOCS_RCVD_DETAILS	spouse_l_nam_prefix	string
DOCS_RCVD_DETAILS	pat_lst_name_prefix	string
DOCS_RCVD_DETAILS	pat_pref_nam	string
DOCS_RCVD_DETAILS	dl_load_dt	date
DOCS_RCVD_DETAILS	dl_load_ts	timestamp
DOCS_RCVD_DETAILS	rcvd_doc_size	int
DOCS_RCVD_NOTE_SECTIONS	document_id	decimal(22,0)
DOCS_RCVD_NOTE_SECTIONS	contact_date_real	double
DOCS_RCVD_NOTE_SECTIONS	line	int
DOCS_RCVD_NOTE_SECTIONS	contact_date	timestamp
DOCS_RCVD_NOTE_SECTIONS	note_section_identifier	string
DOCS_RCVD_NOTE_SECTIONS	note_section_type	string
DOCS_RCVD_NOTE_SECTIONS	note_section_note_id	string
DOCS_RCVD_NOTE_SECTIONS	contact_serial_num	decimal(22,0)
DOCS_RCVD_NOTE_SECTIONS	note_section_length	int
DOCS_RCVD_NOTE_SECTIONS	human_reviewed_yn	string
DOCS_RCVD_NOTE_SECTIONS	dl_load_dt	date
DOCS_RCVD_NOTE_SECTIONS	dl_load_ts	timestamp
DOCS_RCVD_PED_VITALS	document_id	decimal(22,0)
DOCS_RCVD_PED_VITALS	contact_date_real	double
DOCS_RCVD_PED_VITALS	line	int
DOCS_RCVD_PED_VITALS	contact_date	timestamp
DOCS_RCVD_PED_VITALS	ped_vital_ref_id	string
DOCS_RCVD_PED_VITALS	ped_vital_source_value	string
DOCS_RCVD_PED_VITALS	ped_vital_source_unit	string
DOCS_RCVD_PED_VITALS	ped_vital_birth_length_cm	decimal(18,2)
DOCS_RCVD_PED_VITALS	ped_vital_birth_weight_kg	decimal(18,2)
DOCS_RCVD_PED_VITALS	ped_vital_birth_hc_in_cm	decimal(18,2)
DOCS_RCVD_PED_VITALS	ped_vital_apgar_1_c	int
DOCS_RCVD_PED_VITALS	ped_vital_apgar_5_c	int
DOCS_RCVD_PED_VITALS	ped_vital_apgar_10_c	int
DOCS_RCVD_PED_VITALS	ped_vital_gest_age	int
DOCS_RCVD_PED_VITALS	ped_vital_nourish_had_bm_yn	string
DOCS_RCVD_PED_VITALS	ped_vital_nrsh_mthd_had_frm_yn	string
DOCS_RCVD_PED_VITALS	ped_vital_deliv_method_c	string
DOCS_RCVD_PED_VITALS	ped_vital_hosp_days	decimal(18,2)
DOCS_RCVD_PED_VITALS	ped_vital_discharge_weight_kg	decimal(18,2)
DOCS_RCVD_PED_VITALS	ped_vital_mult_birth_total_num	int
DOCS_RCVD_PED_VITALS	ped_vital_multi_birth_order	int
DOCS_RCVD_PED_VITALS	ped_vital_checksum	int
DOCS_RCVD_PED_VITALS	ped_vital_source_dxr_csn	decimal(22,0)
DOCS_RCVD_PED_VITALS	ped_vital_last_upd_dttm	timestamp
DOCS_RCVD_PED_VITALS	ped_vital_single_src_org_id	decimal(18,0)
DOCS_RCVD_PED_VITALS	pat_del_utc_dttm	timestamp
DOCS_RCVD_PED_VITALS	ped_vital_nour_meth_c	int
DOCS_RCVD_PED_VITALS	ped_vital_labor_duration	string
DOCS_RCVD_PED_VITALS	ped_vital_hosp_name	string
DOCS_RCVD_PED_VITALS	ped_vital_hosp_loc	string
DOCS_RCVD_PED_VITALS	ped_vital_comment	string
DOCS_RCVD_PED_VITALS	delivery_event_ref_ident	string
DOCS_RCVD_PED_VITALS	dl_load_dt	date
DOCS_RCVD_PED_VITALS	dl_load_ts	timestamp
DOCS_RCVD_PREG_DATING	document_id	decimal(22,0)
DOCS_RCVD_PREG_DATING	contact_date_real	double
DOCS_RCVD_PREG_DATING	line	int
DOCS_RCVD_PREG_DATING	contact_date	timestamp
DOCS_RCVD_PREG_DATING	event_identifier	string
DOCS_RCVD_PREG_DATING	ob_dt_edd_date	timestamp
DOCS_RCVD_PREG_DATING	ob_dt_working_edd_yn	string
DOCS_RCVD_PREG_DATING	ob_dt_event_c	int
DOCS_RCVD_PREG_DATING	ob_dt_event_free_text	string
DOCS_RCVD_PREG_DATING	ob_dt_event_date	timestamp
DOCS_RCVD_PREG_DATING	ob_dt_dteprec_c	int
DOCS_RCVD_PREG_DATING	ob_dt_ga	int
DOCS_RCVD_PREG_DATING	ob_dt_days_to_edd	int
DOCS_RCVD_PREG_DATING	ob_dt_bc_yn	string
DOCS_RCVD_PREG_DATING	ob_dt_cycle_length	int
DOCS_RCVD_PREG_DATING	ob_dt_luteal_length	int
DOCS_RCVD_PREG_DATING	ob_dt_comment	string
DOCS_RCVD_PREG_DATING	ob_dt_checksum	int
DOCS_RCVD_PREG_DATING	ob_dt_source_document_csn_id	decimal(22,0)
DOCS_RCVD_PREG_DATING	dl_load_dt	date
DOCS_RCVD_PREG_DATING	dl_load_ts	timestamp
DOCS_RCVD_RSLT_VAR_INFO	document_id	decimal(22,0)
DOCS_RCVD_RSLT_VAR_INFO	contact_date_real	double
DOCS_RCVD_RSLT_VAR_INFO	line	int
DOCS_RCVD_RSLT_VAR_INFO	contact_date	timestamp
DOCS_RCVD_RSLT_VAR_INFO	result_var_key	string
DOCS_RCVD_RSLT_VAR_INFO	result_var_chksum	int
DOCS_RCVD_RSLT_VAR_INFO	result_var_fhir_sr_resrc_ident	string
DOCS_RCVD_RSLT_VAR_INFO	result_var_unp_yn	string
DOCS_RCVD_RSLT_VAR_INFO	dl_load_dt	date
DOCS_RCVD_RSLT_VAR_INFO	dl_load_ts	timestamp
DOCS_RCVD_RSLTS	document_id	decimal(22,0)
DOCS_RCVD_RSLTS	contact_date_real	double
DOCS_RCVD_RSLTS	line	int
DOCS_RCVD_RSLTS	contact_date	timestamp
DOCS_RCVD_RSLTS	result_inst_dttm	timestamp
DOCS_RCVD_RSLTS	result_proc_name	string
DOCS_RCVD_RSLTS	result_proc_id	decimal(18,0)
DOCS_RCVD_RSLTS	proc_loinc	string
DOCS_RCVD_RSLTS	result_enc_ident	string
DOCS_RCVD_RSLTS	result_key	string
DOCS_RCVD_RSLTS	result_status_c	int
DOCS_RCVD_RSLTS	result_abnormal_c	string
DOCS_RCVD_RSLTS	specimen_disp	string
DOCS_RCVD_RSLTS	result_prov_chksum	int
DOCS_RCVD_RSLTS	result_source_csn	decimal(22,0)
DOCS_RCVD_RSLTS	result_checksum	int
DOCS_RCVD_RSLTS	result_unrecog_yn	string
DOCS_RCVD_RSLTS	rslt_lst_upd_inst_dttm	timestamp
DOCS_RCVD_RSLTS	update_checksum	int
DOCS_RCVD_RSLTS	result_resulting_status_c	int
DOCS_RCVD_RSLTS	rslt_abnormal_id_c	int
DOCS_RCVD_RSLTS	result_loinc_id	decimal(18,0)
DOCS_RCVD_RSLTS	result_chksum_ver	string
DOCS_RCVD_RSLTS	external_result_type_c	int
DOCS_RCVD_RSLTS	duplicate_checksum	int
DOCS_RCVD_RSLTS	result_autorecon_yn	string
DOCS_RCVD_RSLTS	result_invalid_yn	string
DOCS_RCVD_RSLTS	result_utc_dttm	timestamp
DOCS_RCVD_RSLTS	specimen_collection_utc_dttm	timestamp
DOCS_RCVD_RSLTS	result_document_version	string
DOCS_RCVD_RSLTS	rslt_is_attachment_missing_yn	string
DOCS_RCVD_RSLTS	rslt_dup_chksum_ver	string
DOCS_RCVD_RSLTS	rslt_auth_prov_name	string
DOCS_RCVD_RSLTS	rslt_unsuccessful_flg_c	int
DOCS_RCVD_RSLTS	rslt_unsuccess_inst_utc_dttm	timestamp
DOCS_RCVD_RSLTS	rslt_pt_src_app_c	int
DOCS_RCVD_RSLTS	rslt_src_wpr_id	string
DOCS_RCVD_RSLTS	rslt_src_org_id	decimal(18,0)
DOCS_RCVD_RSLTS	result_contact_src_c	int
DOCS_RCVD_RSLTS	result_order_result_network	string
DOCS_RCVD_RSLTS	rslt_image_type_c	int
DOCS_RCVD_RSLTS	rslt_exam_begin_utc_dttm	timestamp
DOCS_RCVD_RSLTS	rslt_exam_end_utc_dttm	timestamp
DOCS_RCVD_RSLTS	rslt_order_source_c	int
DOCS_RCVD_RSLTS	rslt_rpt_type_c	int
DOCS_RCVD_RSLTS	rslt_laterality	string
DOCS_RCVD_RSLTS	rslt_reading_activity_id	decimal(18,0)
DOCS_RCVD_RSLTS	lab_rslt_type_c	int
DOCS_RCVD_RSLTS	rslt_single_src_org_id	decimal(18,0)
DOCS_RCVD_RSLTS	rslt_study_uid	string
DOCS_RCVD_RSLTS	rslt_has_var_yn	string
DOCS_RCVD_RSLTS	rslt_lab_ref_ident	string
DOCS_RCVD_RSLTS	dl_load_dt	date
DOCS_RCVD_RSLTS	dl_load_ts	timestamp
DOCS_RCVD_RSLTS	rslt_src_org_hsi	string
DOCS_RCVD_RSLTS	specimen_collection_inst_dttm	timestamp
DOCS_RCVD_RSLTS	specimen_collection_date	timestamp
DOCS_RCVD_RSLTS	rslt_has_seqdata_yn	string
DOCS_RCVD_RSLTS	result_bulk_stat_c	int
DOCS_RCVD_RSLTS	rslt_bulk_incl_date	timestamp
DOCS_RCVD_RSLTS	nontrust_key	string
DOCUMENT_OCR	document_id	string
DOCUMENT_OCR	line	int
DOCUMENT_OCR	cm_phy_owner_id	string
DOCUMENT_OCR	cm_log_owner_id	string
DOCUMENT_OCR	ocr_word	string
DOCUMENT_OCR	ocr_word_page	int
DOCUMENT_OCR	ocr_word_x_pos	int
DOCUMENT_OCR	ocr_word_y_pos	int
DOCUMENT_OCR	ocr_word_width	int
DOCUMENT_OCR	ocr_word_height	int
DOCUMENT_OCR	dl_load_dt	date
DOCUMENT_OCR	dl_load_ts	timestamp
ED_EVENT_TMPL_INFO	record_id	string
ED_EVENT_TMPL_INFO	record_name	string
ED_EVENT_TMPL_INFO	record_state_name	string
ED_EVENT_TMPL_INFO	display_name	string
ED_EVENT_TMPL_INFO	event_name	string
ED_EVENT_TMPL_INFO	temp_name_edit	string
ED_EVENT_TMPL_INFO	items_edited_time	timestamp
ED_EVENT_TMPL_INFO	update_time	timestamp
ED_EVENT_TMPL_INFO	cm_phy_owner_id	string
ED_EVENT_TMPL_INFO	cm_log_owner_id	string
ED_EVENT_TMPL_INFO	inp_note_type_c	string
ED_EVENT_TMPL_INFO	case_trking_event_c	string
ED_EVENT_TMPL_INFO	flowsheet_row_id	string
ED_EVENT_TMPL_INFO	flwsht_add_rows_yn	string
ED_EVENT_TMPL_INFO	lev_ldaplassess_yn	string
ED_EVENT_TMPL_INFO	dl_load_dt	date
ED_EVENT_TMPL_INFO	dl_load_ts	timestamp
ED_IEV_EVENT_INFO	event_id	string
ED_IEV_EVENT_INFO	line	int
ED_IEV_EVENT_INFO	event_type	string
ED_IEV_EVENT_INFO	event_status_name	string
ED_IEV_EVENT_INFO	event_display_name	string
ED_IEV_EVENT_INFO	event_time	timestamp
ED_IEV_EVENT_INFO	event_record_time	timestamp
ED_IEV_EVENT_INFO	event_user_id	string
ED_IEV_EVENT_INFO	event_cmt	string
ED_IEV_EVENT_INFO	cm_phy_owner_id	string
ED_IEV_EVENT_INFO	cm_log_owner_id	string
ED_IEV_EVENT_INFO	event_dept_id	decimal(18,0)
ED_IEV_EVENT_INFO	adt_event_id	decimal(18,0)
ED_IEV_EVENT_INFO	staffed_beds	decimal(18,0)
ED_IEV_EVENT_INFO	event_key	string
ED_IEV_EVENT_INFO	event_note_id	string
ED_IEV_EVENT_INFO	event_finding_id	decimal(18,0)
ED_IEV_EVENT_INFO	event_implant_id	string
ED_IEV_EVENT_INFO	event_line_data_id	string
ED_IEV_EVENT_INFO	event_prov_id	string
ED_IEV_EVENT_INFO	location_id	decimal(18,0)
ED_IEV_EVENT_INFO	rec_pat_loc_id	decimal(18,0)
ED_IEV_EVENT_INFO	event_status_c	int
ED_IEV_EVENT_INFO	rec_verb_ord_type_c	int
ED_IEV_EVENT_INFO	rec_vrb_ord_comm_id	string
ED_IEV_EVENT_INFO	rec_vrb_signer_id	string
ED_IEV_EVENT_INFO	rec_vrb_ord_mode_c	int
ED_IEV_EVENT_INFO	rec_ord_prov_id	string
ED_IEV_EVENT_INFO	rec_proc_auth_id	string
ED_IEV_EVENT_INFO	rec_med_auth_id	string
ED_IEV_EVENT_INFO	rec_proc_msg_rcp_id	string
ED_IEV_EVENT_INFO	rec_med_msg_rcp_id	string
ED_IEV_EVENT_INFO	rec_is_proc_hosp_yn	string
ED_IEV_EVENT_INFO	rec_is_med_hosp_yn	string
ED_IEV_EVENT_INFO	rec_verb_ord_cmt	string
ED_IEV_EVENT_INFO	rec_admit_status_c	int
ED_IEV_EVENT_INFO	ip_rec_note_id	string
ED_IEV_EVENT_INFO	event_log_id	string
ED_IEV_EVENT_INFO	event_supply_id	string
ED_IEV_EVENT_INFO	event_ini_record_id	string
ED_IEV_EVENT_INFO	event_context	string
ED_IEV_EVENT_INFO	source_px_id	decimal(18,0)
ED_IEV_EVENT_INFO	source_px_info	string
ED_IEV_EVENT_INFO	match_px_id	decimal(18,0)
ED_IEV_EVENT_INFO	match_px_info	string
ED_IEV_EVENT_INFO	event_sign_off_id	decimal(18,0)
ED_IEV_EVENT_INFO	ob_del_record_id	decimal(18,0)
ED_IEV_EVENT_INFO	dept_score	decimal(18,2)
ED_IEV_EVENT_INFO	staff_role_c	string
ED_IEV_EVENT_INFO	staff_is_attn_yn	string
ED_IEV_EVENT_INFO	linked_iev_rec_id	string
ED_IEV_EVENT_INFO	linked_iev_line	int
ED_IEV_EVENT_INFO	event_type_version	decimal(18,2)
ED_IEV_EVENT_INFO	event_owner_id	string
ED_IEV_EVENT_INFO	pend_active_c	int
ED_IEV_EVENT_INFO	pend_status_c	int
ED_IEV_EVENT_INFO	pend_restored_by_id	string
ED_IEV_EVENT_INFO	pend_restored_dttm	timestamp
ED_IEV_EVENT_INFO	pend_deleted_by_id	string
ED_IEV_EVENT_INFO	pend_deleted_i_dttm	timestamp
ED_IEV_EVENT_INFO	pend_comment	string
ED_IEV_EVENT_INFO	pend_change_count	int
ED_IEV_EVENT_INFO	pend_instant_dttm	timestamp
ED_IEV_EVENT_INFO	pend_create_type_c	int
ED_IEV_EVENT_INFO	event_source_csn_id	decimal(18,0)
ED_IEV_EVENT_INFO	event_ovride_rsn_c	int
ED_IEV_EVENT_INFO	event_label	string
ED_IEV_EVENT_INFO	event_value	string
ED_IEV_EVENT_INFO	notify_status_c	int
ED_IEV_EVENT_INFO	notify_pnd_status_c	int
ED_IEV_EVENT_INFO	fully_staff_yn	string
ED_IEV_EVENT_INFO	an_linked_event_id	string
ED_IEV_EVENT_INFO	an_linked_event_line	int
ED_IEV_EVENT_INFO	ct_event_filed_by_c	string
ED_IEV_EVENT_INFO	ed_c_client_src_c	int
ED_IEV_EVENT_INFO	allow_upd_prov_on_trans_yn	string
ED_IEV_EVENT_INFO	transport_id	decimal(18,0)
ED_IEV_EVENT_INFO	txport_hlr_id	decimal(18,0)
ED_IEV_EVENT_INFO	event_origin_c	int
ED_IEV_EVENT_INFO	dl_load_dt	date
ED_IEV_EVENT_INFO	dl_load_ts	timestamp
ED_IEV_EVENT_INFO	rx_request_type_c	int
ED_IEV_EVENT_INFO	rx_request_pharmacy_id	decimal(18,0)
ED_IEV_EVENT_INFO	rx_request_viewed_yn	varchar(1)
ED_IEV_EVENT_INFO	transfer_dest_dept_id	decimal(18,0)
ED_IEV_EVENT_INFO	event_source_c	string
ED_IEV_EVENT_INFO	rec_role_admit_userrol_c	int
ED_IEV_EVENT_INFO	rec_role_admit_status_c	int
ED_IEV_EVENT_INFO	discharge_nav_config_id	decimal(18,0)
ED_IEV_EVENT_INFO	an_problem_list_id	decimal(18,0)
ED_IEV_EVENT_INFO	an_dx_id	decimal(18,0)
ED_IEV_PAT_INFO	event_id	string
ED_IEV_PAT_INFO	record_state_name	string
ED_IEV_PAT_INFO	pat_id	string
ED_IEV_PAT_INFO	ept_dat	double
ED_IEV_PAT_INFO	items_edited_time	timestamp
ED_IEV_PAT_INFO	update_date	timestamp
ED_IEV_PAT_INFO	pat_date_real	double
ED_IEV_PAT_INFO	dte_external	timestamp
ED_IEV_PAT_INFO	cm_phy_owner_id	string
ED_IEV_PAT_INFO	cm_log_owner_id	string
ED_IEV_PAT_INFO	pat_enc_csn_id	decimal(18,0)
ED_IEV_PAT_INFO	pat_enc_date_real	double
ED_IEV_PAT_INFO	contact_date	timestamp
ED_IEV_PAT_INFO	dept_event_dep_id	decimal(18,0)
ED_IEV_PAT_INFO	record_state_c	int
ED_IEV_PAT_INFO	transfer_status_c	int
ED_IEV_PAT_INFO	type_id	string
ED_IEV_PAT_INFO	create_dttm	timestamp
ED_IEV_PAT_INFO	create_user_id	string
ED_IEV_PAT_INFO	event_date	timestamp
ED_IEV_PAT_INFO	pat_csn	decimal(18,0)
ED_IEV_PAT_INFO	adt_transfer_link	int
ED_IEV_PAT_INFO	reg_clip_freetext	string
ED_IEV_PAT_INFO	reg_clip_lws_id	string
ED_IEV_PAT_INFO	reg_clip_comments	string
ED_IEV_PAT_INFO	ip_ordrec_sort_dttm	timestamp
ED_IEV_PAT_INFO	reg_wait_state_c	int
ED_IEV_PAT_INFO	reg_wait_pat_name	string
ED_IEV_PAT_INFO	reg_wait_is_pri_yn	string
ED_IEV_PAT_INFO	reg_wait_pager_id	string
ED_IEV_PAT_INFO	reg_wait_pager_num	string
ED_IEV_PAT_INFO	reg_wait_arrv_dttm	timestamp
ED_IEV_PAT_INFO	ord_rec_adt_event_id	decimal(18,0)
ED_IEV_PAT_INFO	ord_rec_summary_updt_dttm	timestamp
ED_IEV_PAT_INFO	ord_rec_discharge_disp_c	string
ED_IEV_PAT_INFO	avs_copy_forward_dttm	timestamp
ED_IEV_PAT_INFO	avs_copy_forward_user_id	string
ED_IEV_PAT_INFO	dl_load_dt	date
ED_IEV_PAT_INFO	dl_load_ts	timestamp
ED_IEV_PAT_INFO	event_location_eaf_id	decimal(18,0)
ED_IEV_PAT_INFO	event_year	int
ED_IEV_PAT_INFO	or_admission_group_c	int
EDG_CURRENT_ICD10	dx_id	decimal(18,0)
EDG_CURRENT_ICD10	line	int
EDG_CURRENT_ICD10	cm_phy_owner_id	string
EDG_CURRENT_ICD10	cm_log_owner_id	string
EDG_CURRENT_ICD10	code	string
EDG_CURRENT_ICD10	dl_load_dt	date
EDG_CURRENT_ICD10	dl_load_ts	timestamp
EDG_CURRENT_ICD9	dx_id	decimal(18,0)
EDG_CURRENT_ICD9	line	int
EDG_CURRENT_ICD9	cm_phy_owner_id	string
EDG_CURRENT_ICD9	cm_log_owner_id	string
EDG_CURRENT_ICD9	code	string
EDG_CURRENT_ICD9	dl_load_dt	date
EDG_CURRENT_ICD9	dl_load_ts	timestamp
EDP_PROC_CAT_INFO	proc_cat_id	string
EDP_PROC_CAT_INFO	sched_for_outpat_yn	string
EDP_PROC_CAT_INFO	use_vt_spec_rest_c	int
EDP_PROC_CAT_INFO	prompt_for_vt_yn	string
EDP_PROC_CAT_INFO	mammo_related_yn	string
EDP_PROC_CAT_INFO	proc_cat_name	string
EDP_PROC_CAT_INFO	cm_phy_owner_id	string
EDP_PROC_CAT_INFO	cm_log_owner_id	string
EDP_PROC_CAT_INFO	status_c	int
EDP_PROC_CAT_INFO	abbr	string
EDP_PROC_CAT_INFO	gl_num_debit	string
EDP_PROC_CAT_INFO	debit_gl_type_c	string
EDP_PROC_CAT_INFO	gl_num_credit	string
EDP_PROC_CAT_INFO	credit_gl_type_c	string
EDP_PROC_CAT_INFO	excise_tax_yn	string
EDP_PROC_CAT_INFO	price_change_date	timestamp
EDP_PROC_CAT_INFO	billing_cat_c	string
EDP_PROC_CAT_INFO	order_type_c	int
EDP_PROC_CAT_INFO	normal_drop_yn	string
EDP_PROC_CAT_INFO	ref_drop_yn	string
EDP_PROC_CAT_INFO	future_drop_yn	string
EDP_PROC_CAT_INFO	def_order_class_c	string
EDP_PROC_CAT_INFO	rfl_def_dep_id	decimal(18,0)
EDP_PROC_CAT_INFO	rfl_def_dep_spec_c	string
EDP_PROC_CAT_INFO	prov_addr_ppt_id	decimal(18,0)
EDP_PROC_CAT_INFO	rfl_def_type_c	string
EDP_PROC_CAT_INFO	rfl_def_reason_c	string
EDP_PROC_CAT_INFO	rfl_def_num_visits	int
EDP_PROC_CAT_INFO	rfl_def_exp_date	string
EDP_PROC_CAT_INFO	rfl_sched_by_date	string
EDP_PROC_CAT_INFO	rfl_def_prov_spc_c	string
EDP_PROC_CAT_INFO	rfl_def_loc_id	decimal(18,0)
EDP_PROC_CAT_INFO	ovr_res_ovr_norm	int
EDP_PROC_CAT_INFO	ovr_res_ovr_ref	int
EDP_PROC_CAT_INFO	ovr_res_ovr_fut	int
EDP_PROC_CAT_INFO	lpp_for_norm	string
EDP_PROC_CAT_INFO	lpp_for_ref	string
EDP_PROC_CAT_INFO	lpp_for_fut	string
EDP_PROC_CAT_INFO	cat_status_c	int
EDP_PROC_CAT_INFO	expected_date	string
EDP_PROC_CAT_INFO	date_approx_yn	string
EDP_PROC_CAT_INFO	exp_date	string
EDP_PROC_CAT_INFO	rel_type_c	int
EDP_PROC_CAT_INFO	rel_interval_c	string
EDP_PROC_CAT_INFO	rel_count	int
EDP_PROC_CAT_INFO	max_orderable	int
EDP_PROC_CAT_INFO	show_ord_det_c	int
EDP_PROC_CAT_INFO	op_detail_desc	string
EDP_PROC_CAT_INFO	ip_detail_desc	string
EDP_PROC_CAT_INFO	op_dup_intrvl	decimal(10,4)
EDP_PROC_CAT_INFO	op_dup_intrvl_str	string
EDP_PROC_CAT_INFO	ip_dup_intrvl	decimal(10,4)
EDP_PROC_CAT_INFO	ip_dup_intrvl_str	string
EDP_PROC_CAT_INFO	report_ppt_id	decimal(18,0)
EDP_PROC_CAT_INFO	op_report_ppt_id	decimal(18,0)
EDP_PROC_CAT_INFO	sched_grouper_c	int
EDP_PROC_CAT_INFO	silent_schedule_c	int
EDP_PROC_CAT_INFO	sil_sched_prv_id	string
EDP_PROC_CAT_INFO	sil_sched_dep_id	decimal(18,0)
EDP_PROC_CAT_INFO	sil_sched_lpp_id	decimal(18,0)
EDP_PROC_CAT_INFO	proc_cat_comb_yn	string
EDP_PROC_CAT_INFO	max_duration	int
EDP_PROC_CAT_INFO	def_stand_intvl_id	string
EDP_PROC_CAT_INFO	def_stand_count	int
EDP_PROC_CAT_INFO	ip_count_type_c	int
EDP_PROC_CAT_INFO	def_time_pri_c	string
EDP_PROC_CAT_INFO	filter_type_c	int
EDP_PROC_CAT_INFO	ip_def_ord_cls_c	string
EDP_PROC_CAT_INFO	op_def_priority_c	int
EDP_PROC_CAT_INFO	ip_def_priority_c	int
EDP_PROC_CAT_INFO	days_aft_st_dt	int
EDP_PROC_CAT_INFO	unit_aft_st_dt_c	int
EDP_PROC_CAT_INFO	days_bef_end_dt	int
EDP_PROC_CAT_INFO	unit_bef_end_dt_c	int
EDP_PROC_CAT_INFO	use_expiring_yn	string
EDP_PROC_CAT_INFO	rev_only_once_yn	string
EDP_PROC_CAT_INFO	task_templ_id	string
EDP_PROC_CAT_INFO	bgn_aftqnr_lpp_id	decimal(18,0)
EDP_PROC_CAT_INFO	end_aftqnr_lpp_id	decimal(18,0)
EDP_PROC_CAT_INFO	note_template_id	string
EDP_PROC_CAT_INFO	study_adv_act_id	decimal(18,0)
EDP_PROC_CAT_INFO	trans_adv_act_id	decimal(18,0)
EDP_PROC_CAT_INFO	rev_res_adv_act_id	decimal(18,0)
EDP_PROC_CAT_INFO	tch_vn_px_topic	string
EDP_PROC_CAT_INFO	tech_vn_be_px_tp_id	decimal(18,0)
EDP_PROC_CAT_INFO	billprov_ovr_lpp_id	decimal(18,0)
EDP_PROC_CAT_INFO	ctl_sheet_routine	string
EDP_PROC_CAT_INFO	ris_res_code_lbl	string
EDP_PROC_CAT_INFO	res_code_req_yn	string
EDP_PROC_CAT_INFO	rel_pri_config_id	decimal(18,0)
EDP_PROC_CAT_INFO	ris_signagain_r_yn	string
EDP_PROC_CAT_INFO	print_let_sign_yn	string
EDP_PROC_CAT_INFO	ob_us_quickform_id	string
EDP_PROC_CAT_INFO	ob_us_mom_form_id	string
EDP_PROC_CAT_INFO	modality_type_c	int
EDP_PROC_CAT_INFO	hide_in_rslt_rev_yn	string
EDP_PROC_CAT_INFO	sum_finding_tgt_id	decimal(18,0)
EDP_PROC_CAT_INFO	protocol_grouper_c	int
EDP_PROC_CAT_INFO	pri_phys_sig_req_yn	string
EDP_PROC_CAT_INFO	prior_stat_config_c	int
EDP_PROC_CAT_INFO	dl_load_dt	date
EDP_PROC_CAT_INFO	dl_load_ts	timestamp
EMP_CAT_GROUPERS_ONE	user_number_id	string
EMP_CAT_GROUPERS_ONE	line	int
EMP_CAT_GROUPERS_ONE	cm_phy_owner_id	string
EMP_CAT_GROUPERS_ONE	cm_log_owner_id	string
EMP_CAT_GROUPERS_ONE	cat_rpt_grp_one_c	string
EMP_CAT_GROUPERS_ONE	dl_load_dt	date
EMP_CAT_GROUPERS_ONE	dl_load_ts	timestamp
EMP_NOTES	user_id	string
EMP_NOTES	line	int
EMP_NOTES	cm_phy_owner_id	string
EMP_NOTES	cm_log_owner_id	string
EMP_NOTES	notes	string
EMP_NOTES	dl_load_dt	date
EMP_NOTES	dl_load_ts	timestamp
EMR_SYSTEM_DEFS	facility_id	string
EMR_SYSTEM_DEFS	cm_phy_owner_id	string
EMR_SYSTEM_DEFS	cm_log_owner_id	string
EMR_SYSTEM_DEFS	pregnancy_ratg_c	int
EMR_SYSTEM_DEFS	lactation_ratg_c	int
EMR_SYSTEM_DEFS	ob_csect_grper_id	string
EMR_SYSTEM_DEFS	mr_psist_strtd_yn	string
EMR_SYSTEM_DEFS	chk_ser_phr_c	int
EMR_SYSTEM_DEFS	epcs_svc_lvl_c	int
EMR_SYSTEM_DEFS	non_epcs_pharm_msg	string
EMR_SYSTEM_DEFS	non_epcs_ser_msg	string
EMR_SYSTEM_DEFS	dig_sig_down_msg	string
EMR_SYSTEM_DEFS	generic_epcs_msg	string
EMR_SYSTEM_DEFS	elec_fetal_mon_id	string
EMR_SYSTEM_DEFS	surfactant_rplace_c	int
EMR_SYSTEM_DEFS	no_induction_c	int
EMR_SYSTEM_DEFS	no_augmentation_c	int
EMR_SYSTEM_DEFS	prolapsed_cord_c	int
EMR_SYSTEM_DEFS	hemoglobin_com_name	string
EMR_SYSTEM_DEFS	hematocrit_com_name	string
EMR_SYSTEM_DEFS	mu_eh_denom_calc_c	int
EMR_SYSTEM_DEFS	prn_prov_iit_id	decimal(18,0)
EMR_SYSTEM_DEFS	prn_fac_iit_id	decimal(18,0)
EMR_SYSTEM_DEFS	adm_timely_rec_hr	int
EMR_SYSTEM_DEFS	an_resp_anes_logic_c	int
EMR_SYSTEM_DEFS	an_mu_incl_adhocs_yn	string
EMR_SYSTEM_DEFS	pref_aud_install_dttm	timestamp
EMR_SYSTEM_DEFS	mar_timeout_scans_yn	string
EMR_SYSTEM_DEFS	or_decision_event_c	string
EMR_SYSTEM_DEFS	ob_csect_proc_id	string
EMR_SYSTEM_DEFS	iris_identity_id	decimal(18,0)
EMR_SYSTEM_DEFS	ob_ebl_flo_meas_id	string
EMR_SYSTEM_DEFS	oral_assess_win_start_minutes	int
EMR_SYSTEM_DEFS	oral_assess_win_end_minutes	int
EMR_SYSTEM_DEFS	iv_assess_win_start_minutes	int
EMR_SYSTEM_DEFS	iv_assess_win_end_minutes	int
EMR_SYSTEM_DEFS	excl_pain_meds_grouper_id	string
EMR_SYSTEM_DEFS	opioid_med_grouper_id	string
EMR_SYSTEM_DEFS	naloxone_med_grp_id	string
EMR_SYSTEM_DEFS	required_doc_task_template_id	string
EMR_SYSTEM_DEFS	ob_molar_is_abortion_yn	string
EMR_SYSTEM_DEFS	imm_id_type_id	decimal(18,0)
EMR_SYSTEM_DEFS	no_episiotomy_c	int
EMR_SYSTEM_DEFS	no_perinlac_c	int
EMR_SYSTEM_DEFS	opioid_od_grouper_id	string
EMR_SYSTEM_DEFS	empr_rslt_pool_id	decimal(18,0)
EMR_SYSTEM_DEFS	med_rfl_type_c	string
EMR_SYSTEM_DEFS	ped_blood_grouper_id	string
EMR_SYSTEM_DEFS	susp_react_flo_meas_id	string
EMR_SYSTEM_DEFS	pregnancy_length	int
EMR_SYSTEM_DEFS	vv_success_len_in_seconds	int
EMR_SYSTEM_DEFS	fam_hx_other_cond_c	int
EMR_SYSTEM_DEFS	wnd_post_proc_asmt_yn	string
EMR_SYSTEM_DEFS	ob_attend_attribution_c	int
EMR_SYSTEM_DEFS	dl_load_dt	date
EMR_SYSTEM_DEFS	dl_load_ts	timestamp
EMR_SYSTEM_DEFS	oud_edg_grouper_id	string
EMR_SYSTEM_DEFS	bup_for_oud_grouper_id	string
EMR_SYSTEM_DEFS	alrgy_rxn_typ_lnk_table_id	decimal(18,0)
EMR_SYSTEM_DEFS	alrgy_rxn_typ_acuity_table_id	decimal(18,0)
ENROLL_INFO	enroll_id	decimal(18,0)
ENROLL_INFO	cm_phy_owner_id	string
ENROLL_INFO	cm_log_owner_id	string
ENROLL_INFO	record_status_c	int
ENROLL_INFO	research_study_id	string
ENROLL_INFO	pat_id	string
ENROLL_INFO	enroll_status_c	int
ENROLL_INFO	study_alias	string
ENROLL_INFO	enroll_start_dt	timestamp
ENROLL_INFO	enroll_end_dt	timestamp
ENROLL_INFO	enroll_cmt_note_id	string
ENROLL_INFO	last_mod_dttm	timestamp
ENROLL_INFO	last_mod_user_id	string
ENROLL_INFO	record_creation_dt	timestamp
ENROLL_INFO	record_name	string
ENROLL_INFO	cr_by_interface_yn	string
ENROLL_INFO	study_branch_id	string
ENROLL_INFO	last_mod_source_c	int
ENROLL_INFO	rsh_myc_status_c	int
ENROLL_INFO	myc_viewed_utc_dttm	timestamp
ENROLL_INFO	myc_approving_emp_id	string
ENROLL_INFO	adverse_event_review_utc_dttm	timestamp
ENROLL_INFO	adverse_event_review_user_id	string
ENROLL_INFO	recruitment_quesr_answer_id	string
ENROLL_INFO	dl_load_dt	date
ENROLL_INFO	dl_load_ts	timestamp
ENROLL_INFO	myc_response_type_c	int
ENROLL_INFO	first_invitation_sent_yn	varchar(1)
ENROLL_INFO	first_invite_last_mod_source_c	int
ENROLL_INFO	first_invitation_sent_utc_dttm	timestamp
ENROLL_INFO	last_demo_auth_token	varchar(64)
ENROLL_INFO	opa_manual_outreach_utc_dttm	timestamp
ENROLL_INFO	opa_auto_outreach_utc_dttm	timestamp
ENROLL_INFO	pat_initiated_interest_c	int
ENROLL_STAT_ACTV	facility_id	decimal(18,0)
ENROLL_STAT_ACTV	line	int
ENROLL_STAT_ACTV	cm_phy_owner_id	string
ENROLL_STAT_ACTV	cm_log_owner_id	string
ENROLL_STAT_ACTV	rsh_enr_stat_act_c	int
ENROLL_STAT_ACTV	dl_load_dt	date
ENROLL_STAT_ACTV	dl_load_ts	timestamp
ENROLL_STAT_PRE	facility_id	decimal(18,0)
ENROLL_STAT_PRE	line	int
ENROLL_STAT_PRE	cm_phy_owner_id	string
ENROLL_STAT_PRE	cm_log_owner_id	string
ENROLL_STAT_PRE	rsh_enr_stat_pre_c	int
ENROLL_STAT_PRE	dl_load_dt	date
ENROLL_STAT_PRE	dl_load_ts	timestamp
EPI_PROBLEM_LIST	summary_block_id	decimal(18,0)
EPI_PROBLEM_LIST	line	int
EPI_PROBLEM_LIST	cm_phy_owner_id	string
EPI_PROBLEM_LIST	cm_log_owner_id	string
EPI_PROBLEM_LIST	problem_list_id	decimal(18,0)
EPI_PROBLEM_LIST	dl_load_dt	date
EPI_PROBLEM_LIST	dl_load_ts	timestamp
EPISODE	episode_id	decimal(18,0)
EPISODE	name	string
EPISODE	status	string
EPISODE	sum_blk_type_id	decimal(18,0)
EPISODE	pat_id	string
EPISODE	start_date	timestamp
EPISODE	end_date	timestamp
EPISODE	comments	string
EPISODE	cm_phy_owner_id	string
EPISODE	cm_log_owner_id	string
EPISODE	pat_id_1900	string
EPISODE	sticky_note_text	string
EPISODE	providers_comment	string
EPISODE	pregravid_weight	decimal(18,1)
EPISODE	number_of_babies	int
EPISODE	dbc_episode_yn	string
EPISODE	primary_lpl_id	decimal(18,0)
EPISODE	specialty_c	string
EPISODE	hsb_def_name	string
EPISODE	status_c	int
EPISODE	ob_del_preg_epi_id	decimal(18,0)
EPISODE	ob_delivery_baby_id	string
EPISODE	pat_link_id	string
EPISODE	l_update_inst_dttm	timestamp
EPISODE	l_update_user_id	string
EPISODE	ob_del_rec_copy_id	decimal(18,0)
EPISODE	pef_ltst_inst_dttm	timestamp
EPISODE	rec_archived_yn	string
EPISODE	pef_myc_status_c	int
EPISODE	father_name	string
EPISODE	father_birthplace	string
EPISODE	father_ssn	string
EPISODE	father_edu	string
EPISODE	father_ethnicty_c	int
EPISODE	father_city	string
EPISODE	father_state_c	string
EPISODE	father_zip	string
EPISODE	paternity_ack_c	int
EPISODE	smoke_3_mo_bef	int
EPISODE	smoke_3_mo_bef_c	int
EPISODE	smoke_1st_3_mo	int
EPISODE	smoke_1st_3_mo_c	int
EPISODE	smoke_2nd_3_mo	int
EPISODE	smoke_2nd_3_mo_c	int
EPISODE	smoke_3rd_tri	int
EPISODE	smoke_3rd_tri_c	int
EPISODE	drink_3_mo_bef	int
EPISODE	drink_1st_3_mo	int
EPISODE	drink_2nd_3_mo	int
EPISODE	drink_3rd_tri	int
EPISODE	in_city_limits_yn	string
EPISODE	wic_foods_yn	string
EPISODE	first_pnc_dt	timestamp
EPISODE	last_pnc_dt	timestamp
EPISODE	total_pnc	int
EPISODE	month_1st_pnc	int
EPISODE	live_births_living	int
EPISODE	live_births_dead	int
EPISODE	mother_birthplace	string
EPISODE	mother_married_yn	string
EPISODE	father_dob_dt	timestamp
EPISODE	ob_pregravid_bmi	decimal(18,1)
EPISODE	epis_gravida_count	string
EPISODE	epis_para_count	string
EPISODE	epis_term_count	string
EPISODE	epis_preterm_count	string
EPISODE	epis_abort_count	string
EPISODE	epis_tab_count	string
EPISODE	epis_sab_count	string
EPISODE	epis_ectopic_count	string
EPISODE	first_pnt_loc_c	int
EPISODE	serv_area_id	decimal(18,0)
EPISODE	ob_wrk_edd_dt	timestamp
EPISODE	edd_initial_dt	timestamp
EPISODE	ob_highest_bp	int
EPISODE	expected_del_loc_c	int
EPISODE	del_loc_change_c	int
EPISODE	father_brthcntry_c	string
EPISODE	edd_delivery_dt	timestamp
EPISODE	ob_highest_bp_dt	timestamp
EPISODE	highest_syst_bp	int
EPISODE	preg_ht_diast_bp	int
EPISODE	preg_ht_syst_bp	int
EPISODE	preg_ht_dt	timestamp
EPISODE	ob_feeding_intentions_c	int
EPISODE	father_brthcont_c	int
EPISODE	ob_hx_order	int
EPISODE	intent_treat_c	int
EPISODE	intent_treat_othr	string
EPISODE	mcs_discharge_dt	timestamp
EPISODE	mcs_eval_dt	timestamp
EPISODE	mcs_rev_dt	timestamp
EPISODE	mcs_admission_dt	timestamp
EPISODE	mcs_surg_dt	timestamp
EPISODE	mcs_is_historic_yn	string
EPISODE	mcs_eval_end_dt	timestamp
EPISODE	mcs_next_review_dt	timestamp
EPISODE	mcs_referral_dt	timestamp
EPISODE	mcs_txport_mthd_c	int
EPISODE	father_occupat	string
EPISODE	dl_load_dt	date
EPISODE	dl_load_ts	timestamp
EPISODE_DEF	episode_def_id	decimal(18,0)
EPISODE_DEF	cm_phy_owner_id	string
EPISODE_DEF	cm_log_owner_id	string
EPISODE_DEF	episode_type_c	int
EPISODE_DEF	base_pwy_per_type_c	int
EPISODE_DEF	pwy_per_type_name	string
EPISODE_DEF	rtt_status_map_id	decimal(18,0)
EPISODE_DEF	episode_def_name	string
EPISODE_DEF	dflt_target_set_id	string
EPISODE_DEF	measurement_type_c	int
EPISODE_DEF	req_dose_modification_rsn_yn	string
EPISODE_DEF	default_propagation_target_c	int
EPISODE_DEF	proc_same_cat_propagate_yn	string
EPISODE_DEF	auto_select_related_days_yn	string
EPISODE_DEF	max_defer_days_without_unsign	int
EPISODE_DEF	suppress_keep_signed_option_yn	string
EPISODE_DEF	unsign_plan_on_max_deferral_yn	string
EPISODE_DEF	package_start_px_id	decimal(18,0)
EPISODE_DEF	plan_hold_reason_req_c	int
EPISODE_DEF	plan_hold_comment_req_c	int
EPISODE_DEF	plan_hold_release_reason_req_c	int
EPISODE_DEF	plan_hold_release_cmt_req_c	int
EPISODE_DEF	plan_hold_action_on_med_c	int
EPISODE_DEF	plan_scheduling_window_count	int
EPISODE_DEF	plan_scheduling_window_unit_c	int
EPISODE_DEF	pas_pwy_type_c	int
EPISODE_DEF	element_label_c	int
EPISODE_DEF	ccm_episode_type_c	int
EPISODE_DEF	use_exp_date_for_next_due_yn	string
EPISODE_DEF	req_dt_match_to_relink_appt_yn	string
EPISODE_DEF	thp_crt_new_ord_reord_comp_yn	string
EPISODE_DEF	rfl_before_plan_activation_yn	string
EPISODE_DEF	non_reportable_yn	string
EPISODE_DEF	auto_dc_enable_yn	string
EPISODE_DEF	auto_dc_inactivity_threshold	int
EPISODE_DEF	dl_load_dt	date
EPISODE_DEF	dl_load_ts	timestamp
EPISODE_DEF	pwy_reporting_type_c	int
EPISODE_DEF	rfl_always_create_yn	string
EPISODE_DEF	trigger_adjust_due_times_yn	string
EPISODE_DEF	hbd_outreach_atmpt_req_num	int
EPISODE_DEF	hbd_cnt_outreach_from_c	int
EPISODE_DEF	hbd_cnt_outreach_by_c	int
EPISODE_DEF	episode_prog_cat_c	int
EPISODE_DEF	allow_study_protocols_yn	string
EPISODE_DEF	allow_auto_dc_no_remain_trt_yn	string
EPISODE_DEF	wal_use_hsb_start_yn	string
EPISODE_DEF	can_use_flex_start_dt_c	int
EPISODE_DEF	max_days_multiday_interval	int
EPISODE_DEF	allow_sign_cycles_yn	string
EPISODE_DEF	allow_custom_frequency_c	int
EPISODE_DEF	thp_allow_rls_ord_non_treat_yn	string
EPISODE_LINK	episode_id	decimal(18,0)
EPISODE_LINK	line	int
EPISODE_LINK	status	string
EPISODE_LINK	sum_blk_type_id	decimal(18,0)
EPISODE_LINK	pat_id	string
EPISODE_LINK	pat_enc_date_real	double
EPISODE_LINK	pat_enc_csn_id	decimal(18,0)
EPISODE_LINK	cm_phy_owner_id	string
EPISODE_LINK	cm_log_owner_id	string
EPISODE_LINK	epi_status_c	int
EPISODE_LINK	episode_link_ini	string
EPISODE_LINK	dl_load_dt	date
EPISODE_LINK	dl_load_ts	timestamp
EPT_CARE_TEAMS	pat_enc_csn_id	decimal(18,0)
EPT_CARE_TEAMS	line	int
EPT_CARE_TEAMS	pat_id	string
EPT_CARE_TEAMS	pat_enc_date_real	double
EPT_CARE_TEAMS	contact_date	timestamp
EPT_CARE_TEAMS	cm_ct_owner_id	string
EPT_CARE_TEAMS	care_teams_id	decimal(18,0)
EPT_CARE_TEAMS	dl_load_dt	date
EPT_CARE_TEAMS	dl_load_ts	timestamp
EPT_TEAM_AUDIT	pat_enc_csn_id	decimal(18,0)
EPT_TEAM_AUDIT	line	int
EPT_TEAM_AUDIT	pat_id	string
EPT_TEAM_AUDIT	pat_enc_date_real	double
EPT_TEAM_AUDIT	contact_date	timestamp
EPT_TEAM_AUDIT	cm_ct_owner_id	string
EPT_TEAM_AUDIT	team_audit_id	decimal(18,0)
EPT_TEAM_AUDIT	team_action_c	int
EPT_TEAM_AUDIT	primaryteam_audi_yn	string
EPT_TEAM_AUDIT	contact_audit_id	string
EPT_TEAM_AUDIT	teamaudit_user_id	string
EPT_TEAM_AUDIT	team_audit_instant	timestamp
EPT_TEAM_AUDIT	dl_load_dt	date
EPT_TEAM_AUDIT	dl_load_ts	timestamp
ETHNIC_BACKGROUND	pat_id	string
ETHNIC_BACKGROUND	line	int
ETHNIC_BACKGROUND	cm_phy_owner_id	string
ETHNIC_BACKGROUND	cm_log_owner_id	string
ETHNIC_BACKGROUND	ethnic_bkgrnd_c	int
ETHNIC_BACKGROUND	dl_load_dt	date
ETHNIC_BACKGROUND	dl_load_ts	timestamp
EXT_ORD_SIGNED_SUMMARY	order_id	decimal(18,0)
EXT_ORD_SIGNED_SUMMARY	line	int
EXT_ORD_SIGNED_SUMMARY	cm_phy_owner_id	string
EXT_ORD_SIGNED_SUMMARY	cm_log_owner_id	string
EXT_ORD_SIGNED_SUMMARY	ext_ord_signed_summary	string
EXT_ORD_SIGNED_SUMMARY	dl_load_dt	date
EXT_ORD_SIGNED_SUMMARY	dl_load_ts	timestamp
EXTERNAL_CNCPT_MAP	mapping_id	decimal(18,0)
EXTERNAL_CNCPT_MAP	cm_phy_owner_id	string
EXTERNAL_CNCPT_MAP	cm_log_owner_id	string
EXTERNAL_CNCPT_MAP	record_status_c	int
EXTERNAL_CNCPT_MAP	custom_mapping_yn	string
EXTERNAL_CNCPT_MAP	entity_ini	string
EXTERNAL_CNCPT_MAP	entity_item	decimal(18,1)
EXTERNAL_CNCPT_MAP	entity_value_num	decimal(18,1)
EXTERNAL_CNCPT_MAP	entity_value_str	string
EXTERNAL_CNCPT_MAP	entity_sec_value	string
EXTERNAL_CNCPT_MAP	mapped_value_name	string
EXTERNAL_CNCPT_MAP	dl_load_dt	date
EXTERNAL_CNCPT_MAP	dl_load_ts	timestamp
EXTERNAL_DEATH_REPORTS	pat_id	string
EXTERNAL_DEATH_REPORTS	line	int
EXTERNAL_DEATH_REPORTS	cm_phy_owner_id	string
EXTERNAL_DEATH_REPORTS	cm_log_owner_id	string
EXTERNAL_DEATH_REPORTS	ext_death_stat_c	int
EXTERNAL_DEATH_REPORTS	ext_death_date	timestamp
EXTERNAL_DEATH_REPORTS	ext_death_source_c	int
EXTERNAL_DEATH_REPORTS	ext_death_comment	string
EXTERNAL_DEATH_REPORTS	ext_death_ier_record_csn_id	decimal(18,0)
EXTERNAL_DEATH_REPORTS	ext_death_org_id	decimal(18,0)
EXTERNAL_DEATH_REPORTS	dl_load_dt	date
EXTERNAL_DEATH_REPORTS	dl_load_ts	timestamp
F_AN_RECORD_SUMMARY	an_episode_id	decimal(18,0)
F_AN_RECORD_SUMMARY	update_date	timestamp
F_AN_RECORD_SUMMARY	an_pat_id	string
F_AN_RECORD_SUMMARY	an_53_enc_csn_id	decimal(18,0)
F_AN_RECORD_SUMMARY	an_52_enc_csn_id	decimal(18,0)
F_AN_RECORD_SUMMARY	an_inpatient_data_id	string
F_AN_RECORD_SUMMARY	an_log_id	string
F_AN_RECORD_SUMMARY	an_preop_note_id	string
F_AN_RECORD_SUMMARY	an_resp_prov_id	string
F_AN_RECORD_SUMMARY	an_date	timestamp
F_AN_RECORD_SUMMARY	an_time	timestamp
F_AN_RECORD_SUMMARY	an_start_datetime	timestamp
F_AN_RECORD_SUMMARY	an_stop_datetime	timestamp
F_AN_RECORD_SUMMARY	an_proc_name	string
F_AN_RECORD_SUMMARY	an_block_note_id	string
F_AN_RECORD_SUMMARY	case_id	string
F_AN_RECORD_SUMMARY	log_id	string
F_AN_RECORD_SUMMARY	cm_log_owner_id	string
F_AN_RECORD_SUMMARY	cm_phy_owner_id	string
F_AN_RECORD_SUMMARY	an_primary_note_id	string
F_AN_RECORD_SUMMARY	has_perfusion_yn	string
F_AN_RECORD_SUMMARY	rpt_status_c	int
F_AN_RECORD_SUMMARY	dl_load_dt	date
F_AN_RECORD_SUMMARY	dl_load_ts	timestamp
F_DIAGNOSIS_INFO	dx_id	decimal(18,0)
F_DIAGNOSIS_INFO	pat_id	string
F_DIAGNOSIS_INFO	update_date	timestamp
F_DIAGNOSIS_INFO	num_enc_dx	int
F_DIAGNOSIS_INFO	last_date_enc_dx	timestamp
F_DIAGNOSIS_INFO	first_date_enc_dx	timestamp
F_DIAGNOSIS_INFO	num_problem_list	int
F_DIAGNOSIS_INFO	last_date_prob_list	timestamp
F_DIAGNOSIS_INFO	first_date_prob_list	timestamp
F_DIAGNOSIS_INFO	num_hsp_act_dx	int
F_DIAGNOSIS_INFO	last_dt_hsp_act_dx	timestamp
F_DIAGNOSIS_INFO	first_dt_hsp_act_dx	timestamp
F_DIAGNOSIS_INFO	num_hsp_adm_dx	int
F_DIAGNOSIS_INFO	last_dt_hsp_adm_dx	timestamp
F_DIAGNOSIS_INFO	first_dt_hsp_adm_dx	timestamp
F_DIAGNOSIS_INFO	num_inv_dx	int
F_DIAGNOSIS_INFO	last_date_inv_dx	timestamp
F_DIAGNOSIS_INFO	first_date_inv_dx	timestamp
F_DIAGNOSIS_INFO	num_clm_dx	int
F_DIAGNOSIS_INFO	last_date_clm_dx	timestamp
F_DIAGNOSIS_INFO	first_date_clm_dx	timestamp
F_DIAGNOSIS_INFO	num_or_case_dx	int
F_DIAGNOSIS_INFO	last_dt_or_case_dx	timestamp
F_DIAGNOSIS_INFO	first_dt_or_case_dx	timestamp
F_DIAGNOSIS_INFO	last_date	timestamp
F_DIAGNOSIS_INFO	first_date	timestamp
F_DIAGNOSIS_INFO	num_med_hist_dx	int
F_DIAGNOSIS_INFO	last_dt_med_hist_dx	timestamp
F_DIAGNOSIS_INFO	first_dt_med_hist_dx	timestamp
F_DIAGNOSIS_INFO	num_hsp_act_extinj	int
F_DIAGNOSIS_INFO	last_dt_hsp_act_extinj	timestamp
F_DIAGNOSIS_INFO	first_dt_hsp_act_extinj	timestamp
F_DIAGNOSIS_INFO	num_ref_dx	int
F_DIAGNOSIS_INFO	last_date_ref_dx	timestamp
F_DIAGNOSIS_INFO	first_date_ref_dx	timestamp
F_DIAGNOSIS_INFO	dl_load_dt	date
F_DIAGNOSIS_INFO	dl_load_ts	timestamp
F_ED_ENCOUNTERS	pat_enc_csn_id	decimal(18,0)
F_ED_ENCOUNTERS	update_date	timestamp
F_ED_ENCOUNTERS	ed_episode_id	decimal(18,0)
F_ED_ENCOUNTERS	pat_id	string
F_ED_ENCOUNTERS	age_at_arrival_years	int
F_ED_ENCOUNTERS	age_at_arrival_months	int
F_ED_ENCOUNTERS	enc_address_line	int
F_ED_ENCOUNTERS	adt_arrival_date	timestamp
F_ED_ENCOUNTERS	adt_arrival_dttm	timestamp
F_ED_ENCOUNTERS	means_of_arrival_c	string
F_ED_ENCOUNTERS	ambulance_code_c	int
F_ED_ENCOUNTERS	private_hospital_enc_c	int
F_ED_ENCOUNTERS	disaster_num	string
F_ED_ENCOUNTERS	acuity_level_c	string
F_ED_ENCOUNTERS	hospital_admission_dttm	timestamp
F_ED_ENCOUNTERS	admission_event_id	decimal(18,0)
F_ED_ENCOUNTERS	emergency_admission_dttm	timestamp
F_ED_ENCOUNTERS	emergency_admission_event_id	decimal(18,0)
F_ED_ENCOUNTERS	first_chief_complaint_id	decimal(18,0)
F_ED_ENCOUNTERS	first_chief_complaint_other	string
F_ED_ENCOUNTERS	num_chief_complaints_enc	int
F_ED_ENCOUNTERS	ed_disposition_c	string
F_ED_ENCOUNTERS	ed_disposition_dttm	timestamp
F_ED_ENCOUNTERS	ed_disposition_pat_condition_c	int
F_ED_ENCOUNTERS	primary_dx_id	decimal(18,0)
F_ED_ENCOUNTERS	primary_dx_line	int
F_ED_ENCOUNTERS	primary_dx_ed_yn	string
F_ED_ENCOUNTERS	num_dx_enc	int
F_ED_ENCOUNTERS	num_ed_dx_enc	int
F_ED_ENCOUNTERS	ed_departure_dttm	timestamp
F_ED_ENCOUNTERS	ed_primary_care_area_id	decimal(18,0)
F_ED_ENCOUNTERS	first_emergency_department_id	decimal(18,0)
F_ED_ENCOUNTERS	last_emergency_department_id	decimal(18,0)
F_ED_ENCOUNTERS	hospital_discharge_date	timestamp
F_ED_ENCOUNTERS	hospital_discharge_dttm	timestamp
F_ED_ENCOUNTERS	discharge_event_id	decimal(18,0)
F_ED_ENCOUNTERS	last_department_id	decimal(18,0)
F_ED_ENCOUNTERS	adt_service_area_id	decimal(18,0)
F_ED_ENCOUNTERS	discharge_disposition_c	string
F_ED_ENCOUNTERS	discharge_destination_c	string
F_ED_ENCOUNTERS	inpatient_admission_dttm	timestamp
F_ED_ENCOUNTERS	inpatient_admission_event_id	decimal(18,0)
F_ED_ENCOUNTERS	inpatient_pat_enc_csn_id	decimal(18,0)
F_ED_ENCOUNTERS	prev_hsp_pat_enc_csn_id	decimal(18,0)
F_ED_ENCOUNTERS	prev_hsp_enc_ed_yn	string
F_ED_ENCOUNTERS	prev_hsp_enc_inpatient_yn	string
F_ED_ENCOUNTERS	prev_hsp_enc_datediff	int
F_ED_ENCOUNTERS	prev_hsp_enc_hourdiff	int
F_ED_ENCOUNTERS	hospital_account_id	decimal(18,0)
F_ED_ENCOUNTERS	pcp_at_enc_prov_id	string
F_ED_ENCOUNTERS	first_ed_attend_prov_id	string
F_ED_ENCOUNTERS	last_ed_attend_prov_id	string
F_ED_ENCOUNTERS	longest_ed_attend_prov_id	string
F_ED_ENCOUNTERS	loa_pat_enc_csn_id	decimal(18,0)
F_ED_ENCOUNTERS	loa_line	int
F_ED_ENCOUNTERS	dl_load_dt	date
F_ED_ENCOUNTERS	dl_load_ts	timestamp
F_ED_ENCOUNTERS	prev_ed_pat_enc_csn_id	decimal(18,0)
F_ED_ENCOUNTERS	prev_ed_enc_datediff	int
F_ED_ENCOUNTERS	prev_ed_enc_hourdiff	int
F_IP_HSP_WORKLOAD_ACUITY	pat_enc_csn_id	decimal(18,0)
F_IP_HSP_WORKLOAD_ACUITY	acuity_system_id	decimal(18,0)
F_IP_HSP_WORKLOAD_ACUITY	score_loc_dttm	timestamp
F_IP_HSP_WORKLOAD_ACUITY	score_utc_dttm	timestamp
F_IP_HSP_WORKLOAD_ACUITY	score_date_loc	timestamp
F_IP_HSP_WORKLOAD_ACUITY	score_time_loc	int
F_IP_HSP_WORKLOAD_ACUITY	dept_id	decimal(18,0)
F_IP_HSP_WORKLOAD_ACUITY	trtmt_tm_nurse_cur_id	string
F_IP_HSP_WORKLOAD_ACUITY	score_total	decimal(18,5)
F_IP_HSP_WORKLOAD_ACUITY	score_medications	decimal(18,5)
F_IP_HSP_WORKLOAD_ACUITY	score_assessments	decimal(18,5)
F_IP_HSP_WORKLOAD_ACUITY	score_risks	decimal(18,5)
F_IP_HSP_WORKLOAD_ACUITY	score_admission_transfer	decimal(18,5)
F_IP_HSP_WORKLOAD_ACUITY	score_discharge	decimal(18,5)
F_IP_HSP_WORKLOAD_ACUITY	score_orders	decimal(18,5)
F_IP_HSP_WORKLOAD_ACUITY	score_lda_care	decimal(18,5)
F_IP_HSP_WORKLOAD_ACUITY	score_wounds	decimal(18,5)
F_IP_HSP_WORKLOAD_ACUITY	score_adl	decimal(18,5)
F_IP_HSP_WORKLOAD_ACUITY	update_date	timestamp
F_IP_HSP_WORKLOAD_ACUITY	pat_id	string
F_IP_HSP_WORKLOAD_ACUITY	dl_load_dt	date
F_IP_HSP_WORKLOAD_ACUITY	dl_load_ts	timestamp
F_IP_ORD_FLO_VOLUME	volume_fsd_id	string
F_IP_ORD_FLO_VOLUME	volume_fsd_line	int
F_IP_ORD_FLO_VOLUME	volume_order_id	decimal(18,0)
F_IP_ORD_FLO_VOLUME	update_date	timestamp
F_IP_ORD_FLO_VOLUME	volume_meas_value	string
F_IP_ORD_FLO_VOLUME	volume_rec_dttm	timestamp
F_IP_ORD_FLO_VOLUME	inpatient_data_id	string
F_IP_ORD_FLO_VOLUME	pat_enc_csn_id	decimal(18,0)
F_IP_ORD_FLO_VOLUME	dl_load_dt	date
F_IP_ORD_FLO_VOLUME	dl_load_ts	timestamp
F_MYC_SESSIONS	mypt_id	string
F_MYC_SESSIONS	ua_session_num	decimal(18,0)
F_MYC_SESSIONS	session_type	decimal(18,0)
F_MYC_SESSIONS	update_date	timestamp
F_MYC_SESSIONS	start_dttm	timestamp
F_MYC_SESSIONS	myc_end_dttm_no_timeout	timestamp
F_MYC_SESSIONS	end_dttm	timestamp
F_MYC_SESSIONS	start_date	timestamp
F_MYC_SESSIONS	myc_active_duration_seconds	decimal(18,0)
F_MYC_SESSIONS	total_duration_seconds	decimal(18,0)
F_MYC_SESSIONS	ua_user_agent	string
F_MYC_SESSIONS	user_id	string
F_MYC_SESSIONS	myc_login_bool	decimal(1,0)
F_MYC_SESSIONS	myc_remote_access_bool	decimal(1,0)
F_MYC_SESSIONS	myc_login_organization_id	decimal(18,0)
F_MYC_SESSIONS	myc_remote_target_bool	decimal(1,0)
F_MYC_SESSIONS	myc_locale_at_login	string
F_MYC_SESSIONS	locale_switch_bool	decimal(1,0)
F_MYC_SESSIONS	proxy_access_bool	decimal(1,0)
F_MYC_SESSIONS	myc_logout_bool	decimal(1,0)
F_MYC_SESSIONS	myc_logout_xinfo	string
F_MYC_SESSIONS	myc_terms_presented_bool	decimal(1,0)
F_MYC_SESSIONS	myc_terms_accepted_bool	decimal(1,0)
F_MYC_SESSIONS	myc_terms_declined_bool	decimal(1,0)
F_MYC_SESSIONS	myc_two_factor_bool	decimal(1,0)
F_MYC_SESSIONS	ua_device	string
F_MYC_SESSIONS	myc_device_reconcile_bool	decimal(1,0)
F_MYC_SESSIONS	locale_at_end	string
F_MYC_SESSIONS	sess_remote_access_c	int
F_MYC_SESSIONS	dl_load_dt	date
F_MYC_SESSIONS	dl_load_ts	timestamp
F_MYC_SESSIONS	ua_session_identifier	string
F_OPIOID_ORDERS	order_id	decimal(18,0)
F_OPIOID_ORDERS	update_date	timestamp
F_OPIOID_ORDERS	has_naloxone_yn	string
F_OPIOID_ORDERS	prov_rev_pdmp_in_enc_yn	string
F_OPIOID_ORDERS	pdmp_rev_in_enc_yn	string
F_OPIOID_ORDERS	days_since_prov_rev_pdmp	int
F_OPIOID_ORDERS	days_since_last_pdmp_rev	int
F_OPIOID_ORDERS	dl_load_dt	date
F_OPIOID_ORDERS	dl_load_ts	timestamp
F_PAT_CODES	event_id	string
F_PAT_CODES	line	int
F_PAT_CODES	pat_enc_csn_id	decimal(18,0)
F_PAT_CODES	code_status_c	int
F_PAT_CODES	code_start_dttm	timestamp
F_PAT_CODES	code_end_dttm	timestamp
F_PAT_CODES	code_type	string
F_PAT_CODES	fst_cardiac_rhythm	string
F_PAT_CODES	fst_cardiovert_dttm	timestamp
F_PAT_CODES	witnessed_yn	string
F_PAT_CODES	monitored_yn	string
F_PAT_CODES	monitor_ecg_yn	string
F_PAT_CODES	monitor_apnea_yn	string
F_PAT_CODES	monitor_pulse_ox_yn	string
F_PAT_CODES	pat_survived_code	string
F_PAT_CODES	code_termn_rsn	string
F_PAT_CODES	cardiovert_attempts	decimal(18,0)
F_PAT_CODES	pulse_at_onset_yn	string
F_PAT_CODES	resps_at_onset	string
F_PAT_CODES	ett_at_onset_yn	string
F_PAT_CODES	trach_at_onset_yn	string
F_PAT_CODES	chest_tube_at_onset_yn	string
F_PAT_CODES	ett_placed_yn	string
F_PAT_CODES	trach_perform_yn	string
F_PAT_CODES	chest_tube_placed_yn	string
F_PAT_CODES	pat_consc_at_onset	string
F_PAT_CODES	blood_received_ml	double
F_PAT_CODES	epi_admins	int
F_PAT_CODES	adenosine_admins	int
F_PAT_CODES	amiodarone_adm_yn	string
F_PAT_CODES	atropine_admins	int
F_PAT_CODES	lidocaine_admins	int
F_PAT_CODES	asystolic_rhythm_yn	string
F_PAT_CODES	compressions_yn	string
F_PAT_CODES	glasgow_coma_scale	int
F_PAT_CODES	update_date	timestamp
F_PAT_CODES	department_id	decimal(18,0)
F_PAT_CODES	dl_load_dt	date
F_PAT_CODES	dl_load_ts	timestamp
F_PAT_MYCHART_STATUS_HX	pat_id	string
F_PAT_MYCHART_STATUS_HX	start_dttm	timestamp
F_PAT_MYCHART_STATUS_HX	update_date	timestamp
F_PAT_MYCHART_STATUS_HX	end_dttm	timestamp
F_PAT_MYCHART_STATUS_HX	start_dt	timestamp
F_PAT_MYCHART_STATUS_HX	end_dt	timestamp
F_PAT_MYCHART_STATUS_HX	mychart_status_c	int
F_PAT_MYCHART_STATUS_HX	start_line	int
F_PAT_MYCHART_STATUS_HX	prev_mychart_status_c	int
F_PAT_MYCHART_STATUS_HX	prev_start_line	int
F_PAT_MYCHART_STATUS_HX	pending_activation_hx_line	int
F_PAT_MYCHART_STATUS_HX	code_gen_or_reused_bool	decimal(1,0)
F_PAT_MYCHART_STATUS_HX	start_utc_dttm	timestamp
F_PAT_MYCHART_STATUS_HX	end_utc_dttm	timestamp
F_PAT_MYCHART_STATUS_HX	start_utc_dt	timestamp
F_PAT_MYCHART_STATUS_HX	end_utc_dt	timestamp
F_PAT_MYCHART_STATUS_HX	dl_load_dt	date
F_PAT_MYCHART_STATUS_HX	dl_load_ts	timestamp
F_RX_ORDER	order_med_id	decimal(18,0)
F_RX_ORDER	report_date	timestamp
F_RX_ORDER	update_date	timestamp
F_RX_ORDER	pat_dept_id	decimal(18,0)
F_RX_ORDER	ordering_date_real	double
F_RX_ORDER	first_verify_date_real	double
F_RX_ORDER	first_verify_date_real_line	int
F_RX_ORDER	last_verify_date_real	double
F_RX_ORDER	first_dispense_date_real	double
F_RX_ORDER	first_admin_date_real	double
F_RX_ORDER	first_admin_date_real_line	int
F_RX_ORDER	first_pend_verify_date_real	double
F_RX_ORDER	eff_start_dttm	timestamp
F_RX_ORDER	eff_end_dttm	timestamp
F_RX_ORDER	ivent_bool	int
F_RX_ORDER	dl_load_dt	date
F_RX_ORDER	dl_load_ts	timestamp
F_SCHED_APPT	pat_enc_csn_id	decimal(18,0)
F_SCHED_APPT	update_date	timestamp
F_SCHED_APPT	contact_date	timestamp
F_SCHED_APPT	pat_id	string
F_SCHED_APPT	appt_status_c	int
F_SCHED_APPT	department_id	decimal(18,0)
F_SCHED_APPT	prov_id	string
F_SCHED_APPT	prc_id	string
F_SCHED_APPT	appt_made_dttm	timestamp
F_SCHED_APPT	appt_made_date	timestamp
F_SCHED_APPT	appt_block_c	string
F_SCHED_APPT	appt_dttm	timestamp
F_SCHED_APPT	appt_length	int
F_SCHED_APPT	checkin_dttm	timestamp
F_SCHED_APPT	checkout_dttm	timestamp
F_SCHED_APPT	arvl_list_remove_dttm	timestamp
F_SCHED_APPT	signin_dttm	timestamp
F_SCHED_APPT	paged_dttm	timestamp
F_SCHED_APPT	roomed_dttm	timestamp
F_SCHED_APPT	nurse_leave_dttm	timestamp
F_SCHED_APPT	phys_enter_dttm	timestamp
F_SCHED_APPT	visit_end_dttm	timestamp
F_SCHED_APPT	appt_entry_user_id	string
F_SCHED_APPT	appt_canc_user_id	string
F_SCHED_APPT	appt_canc_dttm	timestamp
F_SCHED_APPT	appt_canc_date	timestamp
F_SCHED_APPT	cancel_reason_c	int
F_SCHED_APPT	appt_serial_num	decimal(18,0)
F_SCHED_APPT	resched_appt_csn_id	decimal(18,0)
F_SCHED_APPT	referral_id	decimal(18,0)
F_SCHED_APPT	account_id	decimal(18,0)
F_SCHED_APPT	coverage_id	decimal(18,0)
F_SCHED_APPT	charge_slip_number	string
F_SCHED_APPT	hsp_account_id	decimal(18,0)
F_SCHED_APPT	appt_conf_stat_c	int
F_SCHED_APPT	appt_conf_user_id	string
F_SCHED_APPT	appt_conf_dttm	timestamp
F_SCHED_APPT	check_in_kiosk_id	string
F_SCHED_APPT	sched_from_kiosk_id	string
F_SCHED_APPT	check_out_kiosk_id	string
F_SCHED_APPT	ip_doc_contact_csn	decimal(18,0)
F_SCHED_APPT	walk_in_yn	string
F_SCHED_APPT	sequential_yn	string
F_SCHED_APPT	cns_warning_overridden_yn	string
F_SCHED_APPT	same_day_canc_yn	string
F_SCHED_APPT	overbooked_yn	string
F_SCHED_APPT	override_yn	string
F_SCHED_APPT	unavailable_time_yn	string
F_SCHED_APPT	referral_req_yn	string
F_SCHED_APPT	referring_prov_id	string
F_SCHED_APPT	same_day_yn	string
F_SCHED_APPT	number_of_calls	int
F_SCHED_APPT	change_cnt	int
F_SCHED_APPT	joint_appt_yn	string
F_SCHED_APPT	cm_ct_owner_id	string
F_SCHED_APPT	phone_rem_stat_c	int
F_SCHED_APPT	copay_due	decimal(12,2)
F_SCHED_APPT	copay_collected	decimal(12,2)
F_SCHED_APPT	copay_user_id	string
F_SCHED_APPT	first_room_assign_dttm	timestamp
F_SCHED_APPT	begin_checkin_dttm	timestamp
F_SCHED_APPT	appt_arrival_dttm	timestamp
F_SCHED_APPT	appt_utc_dttm	timestamp
F_SCHED_APPT	appt_canc_utc_dttm	timestamp
F_SCHED_APPT	appt_made_utc_dttm	timestamp
F_SCHED_APPT	appt_sched_source_c	int
F_SCHED_APPT	pat_online_yn	string
F_SCHED_APPT	echkin_status_c	int
F_SCHED_APPT	pat_sched_myc_stat_c	int
F_SCHED_APPT	late_cancel_yn	string
F_SCHED_APPT	could_dir_sched_c	int
F_SCHED_APPT	could_open_sched_c	int
F_SCHED_APPT	could_tkt_sched_c	int
F_SCHED_APPT	dl_load_dt	date
F_SCHED_APPT	dl_load_ts	timestamp
F_SCHED_APPT	could_online_sched_version	decimal(18,1)
F_SCHED_APPT	silently_scheduled_yn	string
F_SCHED_APPT_STATS	statistics_date	timestamp
F_SCHED_APPT_STATS	prov_id	string
F_SCHED_APPT_STATS	department_id	decimal(18,0)
F_SCHED_APPT_STATS	update_date	timestamp
F_SCHED_APPT_STATS	master_schedulable_hrs	decimal(18,2)
F_SCHED_APPT_STATS	schedulable_hrs	decimal(18,2)
F_SCHED_APPT_STATS	booked_hrs	decimal(18,2)
F_SCHED_APPT_STATS	avail_openings_on_day_cnt	decimal(18,0)
F_SCHED_APPT_STATS	reg_openings_cnt	decimal(18,0)
F_SCHED_APPT_STATS	same_day_reg_openings_used_cnt	decimal(18,0)
F_SCHED_APPT_STATS	previous_reg_openings_used_cnt	decimal(18,0)
F_SCHED_APPT_STATS	overbook_openings_cnt	decimal(18,0)
F_SCHED_APPT_STATS	same_day_ovrbk_opengs_used_cnt	decimal(18,0)
F_SCHED_APPT_STATS	previous_ovrbk_opengs_used_cnt	decimal(18,0)
F_SCHED_APPT_STATS	arrived_cnt	int
F_SCHED_APPT_STATS	no_show_cnt	int
F_SCHED_APPT_STATS	left_wo_seen_cnt	int
F_SCHED_APPT_STATS	completed_cnt	int
F_SCHED_APPT_STATS	scheduled_cnt	int
F_SCHED_APPT_STATS	canceled_cnt	int
F_SCHED_APPT_STATS	patient_canceled_cnt	int
F_SCHED_APPT_STATS	same_day_canceled_cnt	int
F_SCHED_APPT_STATS	late_canceled_cnt	int
F_SCHED_APPT_STATS	late_prov_canceled_cnt	int
F_SCHED_APPT_STATS	rescheduled_appt_cnt	int
F_SCHED_APPT_STATS	same_day_appt_cnt	int
F_SCHED_APPT_STATS	appt_with_pcp_cnt	int
F_SCHED_APPT_STATS	appt_for_today_lead_days	int
F_SCHED_APPT_STATS	appt_for_today_cnt	int
F_SCHED_APPT_STATS	appt_made_today_lead_days	int
F_SCHED_APPT_STATS	appt_made_today_cnt	int
F_SCHED_APPT_STATS	reg_available_hrs	decimal(18,2)
F_SCHED_APPT_STATS	overbook_available_hrs	decimal(18,2)
F_SCHED_APPT_STATS	unavailable_openings_used_cnt	decimal(18,0)
F_SCHED_APPT_STATS	held_openings_used_cnt	decimal(18,0)
F_SCHED_APPT_STATS	dl_load_dt	date
F_SCHED_APPT_STATS	dl_load_ts	timestamp
F_VENT_EPISODES	vent_start_fsd_id	string
F_VENT_EPISODES	vent_start_fsd_line	int
F_VENT_EPISODES	update_date	timestamp
F_VENT_EPISODES	inpatient_data_id	string
F_VENT_EPISODES	vent_start_dttm	timestamp
F_VENT_EPISODES	start_flo_meas_id	string
F_VENT_EPISODES	vent_end_fsd_id	string
F_VENT_EPISODES	vent_end_fsd_line	int
F_VENT_EPISODES	vent_end_dttm	timestamp
F_VENT_EPISODES	end_flo_meas_id	string
F_VENT_EPISODES	deleted_yn	string
F_VENT_EPISODES	pat_id	string
F_VENT_EPISODES	assumed_vent_start_dttm	timestamp
F_VENT_EPISODES	assumed_vent_end_dttm	timestamp
F_VENT_EPISODES	dl_load_dt	date
F_VENT_EPISODES	dl_load_ts	timestamp
FACILITY_PROFILE	lab_id	string
FACILITY_PROFILE	contact_date_real	double
FACILITY_PROFILE	lab_date	timestamp
FACILITY_PROFILE	cm_phy_owner_id	string
FACILITY_PROFILE	cm_log_owner_id	string
FACILITY_PROFILE	cm_ct_owner_id	string
FACILITY_PROFILE	spec_rec_behavior_c	int
FACILITY_PROFILE	spec_recv_beh_ex_c	int
FACILITY_PROFILE	dflt_test_id	string
FACILITY_PROFILE	dflt_test_method_id	string
FACILITY_PROFILE	dflt_qc_pri_c	string
FACILITY_PROFILE	dflt_packng_list_id	string
FACILITY_PROFILE	dflt_coll_list_id	string
FACILITY_PROFILE	addon_rpt_set_id	decimal(18,0)
FACILITY_PROFILE	access_report_id	string
FACILITY_PROFILE	coll_trnsfr_rpt_id	string
FACILITY_PROFILE	llb_lab_id	decimal(18,0)
FACILITY_PROFILE	dflt_out_sect_code	string
FACILITY_PROFILE	dflt_outrch_lab_id	string
FACILITY_PROFILE	dflt_hld_to_apply_c	int
FACILITY_PROFILE	display_warn_msg_yn	string
FACILITY_PROFILE	is_user_auth_yn	string
FACILITY_PROFILE	suscept_rules_id	decimal(18,0)
FACILITY_PROFILE	spec_id_length	int
FACILITY_PROFILE	label_reprint_yn	string
FACILITY_PROFILE	dflt_fax_device_id	decimal(18,0)
FACILITY_PROFILE	dflt_prnt_device_id	decimal(18,0)
FACILITY_PROFILE	dflt_block_type_id	string
FACILITY_PROFILE	qc_section_code	string
FACILITY_PROFILE	action_on_warn_c	int
FACILITY_PROFILE	action_on_reject_c	int
FACILITY_PROFILE	bkg_job_user_id	string
FACILITY_PROFILE	req_batch_type_id	string
FACILITY_PROFILE	req_batch_gen_pp_id	decimal(18,0)
FACILITY_PROFILE	res_rpt_setng_pp_id	decimal(18,0)
FACILITY_PROFILE	ab_interp_sens_c	int
FACILITY_PROFILE	qc_precision_ovride	decimal(2,0)
FACILITY_PROFILE	res_rpt_stor_type_c	int
FACILITY_PROFILE	res_rpt_file_pp_id	decimal(18,0)
FACILITY_PROFILE	res_rpt_store_path	string
FACILITY_PROFILE	res_rpt_view_app	string
FACILITY_PROFILE	batch_sec_cd_length	decimal(18,0)
FACILITY_PROFILE	prv_rslt_usr_vrfy_c	int
FACILITY_PROFILE	no_rel_unsol_qc_yn	string
FACILITY_PROFILE	tat_basis_c	int
FACILITY_PROFILE	register_cc_fax_yn	string
FACILITY_PROFILE	charge_input_lpp_id	decimal(18,0)
FACILITY_PROFILE	res_upd_corr_rsn_c	int
FACILITY_PROFILE	cancel_behavior_c	int
FACILITY_PROFILE	cancel_reason_c	string
FACILITY_PROFILE	cancel_rule_id	string
FACILITY_PROFILE	sci_notatn_fmt_c	int
FACILITY_PROFILE	ap_res_trans_fmt_c	int
FACILITY_PROFILE	search_by_ovsid_yn	string
FACILITY_PROFILE	cancel_high_pri_yn	string
FACILITY_PROFILE	trace_shutoff_dt	timestamp
FACILITY_PROFILE	recalc_disp_dt_yn	string
FACILITY_PROFILE	prnt_blank_label_yn	string
FACILITY_PROFILE	asgn_usr_df_ext_id	decimal(18,0)
FACILITY_PROFILE	use_auto_reg_yn	string
FACILITY_PROFILE	auto_dispose_yn	string
FACILITY_PROFILE	ap_chrg_review_yn	string
FACILITY_PROFILE	prnt_cover_sheet_c	int
FACILITY_PROFILE	use_chg_bundler_yn	string
FACILITY_PROFILE	global_counter_len	int
FACILITY_PROFILE	allow_manual_num_c	int
FACILITY_PROFILE	genrt_addon_id_yn	string
FACILITY_PROFILE	failed_fax_msg_yn	string
FACILITY_PROFILE	cancel_time_inter	int
FACILITY_PROFILE	dflt_calc_method_id	string
FACILITY_PROFILE	search_by_ovcid_yn	string
FACILITY_PROFILE	use_hosp_acct_yn	string
FACILITY_PROFILE	ap_chrg_review_c	int
FACILITY_PROFILE	use_bill_enc_c	int
FACILITY_PROFILE	turnoff_smarttext_yn	string
FACILITY_PROFILE	spec_hdr_smrttxt_id	string
FACILITY_PROFILE	auto_cpt_pb_c	int
FACILITY_PROFILE	crit_push_prelim_rule_id	string
FACILITY_PROFILE	crit_push_prelim_uncall_yn	string
FACILITY_PROFILE	crit_push_prelim_disable_yn	string
FACILITY_PROFILE	crit_push_final_rule_id	string
FACILITY_PROFILE	crit_push_final_uncall_yn	string
FACILITY_PROFILE	crit_push_final_disable_yn	string
FACILITY_PROFILE	crit_suppress_creat_ol_row_yn	string
FACILITY_PROFILE	facility_rr_exclusion_rule_id	string
FACILITY_PROFILE	pend_interf_rslt_rls_f_c	decimal(18,0)
FACILITY_PROFILE	dl_load_dt	date
FACILITY_PROFILE	dl_load_ts	timestamp
FAMILY_HX	pat_id	string
FAMILY_HX	pat_enc_date_real	double
FAMILY_HX	line	int
FAMILY_HX	contact_date	timestamp
FAMILY_HX	end_hist_date_real	double
FAMILY_HX	medical_hx_c	int
FAMILY_HX	medical_other	string
FAMILY_HX	relation	string
FAMILY_HX	comments	string
FAMILY_HX	cm_ct_owner_id	string
FAMILY_HX	pat_enc_csn_id	decimal(18,0)
FAMILY_HX	fam_hx_src_c	int
FAMILY_HX	hx_lnk_enc_csn	decimal(18,0)
FAMILY_HX	relation_c	string
FAMILY_HX	fam_relation_name	string
FAMILY_HX	age_of_onset	decimal(18,2)
FAMILY_HX	fam_med_rel_id	int
FAMILY_HX	fam_medical_dx_id	decimal(18,0)
FAMILY_HX	dl_load_dt	date
FAMILY_HX	dl_load_ts	timestamp
FAMILY_HX	age_of_onset_end	decimal(18,2)
FDC_ID	record_id	decimal(18,0)
FDC_ID	line	int
FDC_ID	cm_phy_owner_id	string
FDC_ID	cm_log_owner_id	string
FDC_ID	mpi_id_type_id	decimal(18,0)
FDC_ID	mpi_id	string
FDC_ID	mpi_from_date	timestamp
FDC_ID	mpi_to_date	timestamp
FDC_ID	mpi_ret_chk_pp_id	decimal(18,0)
FDC_ID	mpi_ret_chk_rule_id	string
FDC_ID	dl_load_dt	date
FDC_ID	dl_load_ts	timestamp
FEE_BILLING_SETTINGS	pharmacy_id	decimal(18,0)
FEE_BILLING_SETTINGS	line	int
FEE_BILLING_SETTINGS	cm_phy_owner_id	string
FEE_BILLING_SETTINGS	cm_log_owner_id	string
FEE_BILLING_SETTINGS	fee_type_c	int
FEE_BILLING_SETTINGS	fee_item_id	string
FEE_BILLING_SETTINGS	delivery_method_c	int
FEE_BILLING_SETTINGS	dl_load_dt	date
FEE_BILLING_SETTINGS	dl_load_ts	timestamp
FEE_SCHEDULE	contract_id	decimal(18,0)
FEE_SCHEDULE	line	int
FEE_SCHEDULE	cm_phy_owner_id	string
FEE_SCHEDULE	cm_log_owner_id	string
FEE_SCHEDULE	fee_schedule_id	decimal(18,0)
FEE_SCHEDULE	dl_load_dt	date
FEE_SCHEDULE	dl_load_ts	timestamp
FEE_SCHEDULE_MAP	fee_schedule_map_id	decimal(18,0)
FEE_SCHEDULE_MAP	cm_phy_owner_id	string
FEE_SCHEDULE_MAP	cm_log_owner_id	string
FEE_SCHEDULE_MAP	fee_schedule_map_name	string
FEE_SCHEDULE_MAP	record_status_c	int
FEE_SCHEDULE_MAP	external_identifier	string
FEE_SCHEDULE_MAP	record_creation_dt	timestamp
FEE_SCHEDULE_MAP	instant_of_update_dttm	timestamp
FEE_SCHEDULE_MAP	dl_load_dt	date
FEE_SCHEDULE_MAP	dl_load_ts	timestamp
FIN_DIV	fin_div_id	decimal(18,0)
FIN_DIV	cm_phy_owner_id	string
FIN_DIV	cm_log_owner_id	string
FIN_DIV	fin_div_nm	string
FIN_DIV	abbr	string
FIN_DIV	rpt_grp_1	string
FIN_DIV	rpt_grp_2	string
FIN_DIV	rpt_grp_3	string
FIN_DIV	rpt_grp_4	string
FIN_DIV	rpt_grp_5	string
FIN_DIV	rpt_grp_6	string
FIN_DIV	rpt_grp_7	string
FIN_DIV	rpt_grp_8	string
FIN_DIV	rpt_grp_9	string
FIN_DIV	rpt_grp_10	string
FIN_DIV	rpt_grp11_c	int
FIN_DIV	rpt_grp12_c	int
FIN_DIV	rpt_grp13_c	int
FIN_DIV	rpt_grp14_c	int
FIN_DIV	rpt_grp15_c	int
FIN_DIV	rpt_grp16_c	int
FIN_DIV	rpt_grp17_c	int
FIN_DIV	rpt_grp18_c	int
FIN_DIV	rpt_grp19_c	int
FIN_DIV	rpt_grp20_c	int
FIN_DIV	external_ident	string
FIN_DIV	dl_load_dt	date
FIN_DIV	dl_load_ts	timestamp
FIN_SUBDIV	fin_subdiv_id	decimal(18,0)
FIN_SUBDIV	cm_phy_owner_id	string
FIN_SUBDIV	cm_log_owner_id	string
FIN_SUBDIV	fin_subdiv_nm	string
FIN_SUBDIV	abbr	string
FIN_SUBDIV	fin_div_id	decimal(18,0)
FIN_SUBDIV	rpt_grp1	string
FIN_SUBDIV	rpt_grp2	string
FIN_SUBDIV	rpt_grp3	string
FIN_SUBDIV	rpt_grp4	string
FIN_SUBDIV	rpt_grp5	string
FIN_SUBDIV	rpt_grp6	string
FIN_SUBDIV	rpt_grp7	string
FIN_SUBDIV	rpt_grp8	string
FIN_SUBDIV	rpt_grp9	string
FIN_SUBDIV	rpt_grp10	string
FIN_SUBDIV	rpt_grp11_c	int
FIN_SUBDIV	rpt_grp12_c	int
FIN_SUBDIV	rpt_grp13_c	int
FIN_SUBDIV	rpt_grp14_c	int
FIN_SUBDIV	rpt_grp15_c	int
FIN_SUBDIV	rpt_grp16_c	int
FIN_SUBDIV	rpt_grp17_c	int
FIN_SUBDIV	rpt_grp18_c	int
FIN_SUBDIV	rpt_grp19_c	int
FIN_SUBDIV	rpt_grp20_c	int
FIN_SUBDIV	dl_load_dt	date
FIN_SUBDIV	dl_load_ts	timestamp
FIN_SUBDIV	external_ident	string
FINALIZE_PHYSICIAN	order_id	decimal(18,0)
FINALIZE_PHYSICIAN	line	int
FINALIZE_PHYSICIAN	cm_phy_owner_id	string
FINALIZE_PHYSICIAN	cm_log_owner_id	string
FINALIZE_PHYSICIAN	finalize_prov_id	string
FINALIZE_PHYSICIAN	finalizing_ins_dttm	timestamp
FINALIZE_PHYSICIAN	finalizing_inst_utc_dttm	timestamp
FINALIZE_PHYSICIAN	finalizing_inst_local_dttm	timestamp
FINALIZE_PHYSICIAN	dl_load_dt	date
FINALIZE_PHYSICIAN	dl_load_ts	timestamp
FLOWSHEET	flowsheet_id	decimal(18,0)
FLOWSHEET	cm_phy_owner_id	string
FLOWSHEET	cm_log_owner_id	string
FLOWSHEET	flowsheet_name	string
FLOWSHEET	short_title	string
FLOWSHEET	flowsheet_type_c	int
FLOWSHEET	dl_load_dt	date
FLOWSHEET	dl_load_ts	timestamp
FLOWSHEET_DC_INFO	record_id	decimal(18,0)
FLOWSHEET_DC_INFO	cm_phy_owner_id	string
FLOWSHEET_DC_INFO	cm_log_owner_id	string
FLOWSHEET_DC_INFO	variable_name	string
FLOWSHEET_DC_INFO	record_state_c	int
FLOWSHEET_DC_INFO	variable_id	int
FLOWSHEET_DC_INFO	special_type_c	string
FLOWSHEET_DC_INFO	unit_c	int
FLOWSHEET_DC_INFO	conversion_lpp_id	decimal(18,0)
FLOWSHEET_DC_INFO	dev_data_lkbk_time	int
FLOWSHEET_DC_INFO	dev_data_lkfwd_time	int
FLOWSHEET_DC_INFO	inst_no_add_ed_dttm	timestamp
FLOWSHEET_DC_INFO	no_add_itm_ed	string
FLOWSHEET_DC_INFO	rec_create_date	timestamp
FLOWSHEET_DC_INFO	dl_load_dt	date
FLOWSHEET_DC_INFO	dl_load_ts	timestamp
FLOWSHEET_DC_INFO	ventilator_class_c	int
FLOWSHEET_INFO	flowsheet_id	decimal(18,0)
FLOWSHEET_INFO	contact_date_real	double
FLOWSHEET_INFO	line	int
FLOWSHEET_INFO	version_date	timestamp
FLOWSHEET_INFO	source_id	decimal(18,0)
FLOWSHEET_INFO	what	string
FLOWSHEET_INFO	header_override	string
FLOWSHEET_INFO	maximum_width	int
FLOWSHEET_INFO	dl_load_dt	date
FLOWSHEET_INFO	dl_load_ts	timestamp
FLOWSHEET_ROWS	record_id	decimal(18,0)
FLOWSHEET_ROWS	line	int
FLOWSHEET_ROWS	cm_phy_owner_id	string
FLOWSHEET_ROWS	cm_log_owner_id	string
FLOWSHEET_ROWS	flowsheet_row_id	string
FLOWSHEET_ROWS	flo_list_yn	string
FLOWSHEET_ROWS	dl_load_dt	date
FLOWSHEET_ROWS	dl_load_ts	timestamp
FLOWSHEET_ROWS	disable_autofile_yn	string
GENE_IDENT	gene_id	decimal(18,0)
GENE_IDENT	cm_phy_owner_id	string
GENE_IDENT	cm_log_owner_id	string
GENE_IDENT	record_symbol	string
GENE_IDENT	record_status_2_c	int
GENE_IDENT	curr_contact_date_real	double
GENE_IDENT	gene_hgnc_ident	int
GENE_IDENT	dl_load_dt	date
GENE_IDENT	dl_load_ts	timestamp
GEO_REGION	geo_region_id	decimal(18,0)
GEO_REGION	cm_phy_owner_id	string
GEO_REGION	cm_log_owner_id	string
GEO_REGION	geo_region_name	string
GEO_REGION	record_state_c	int
GEO_REGION	geo_region_type_c	int
GEO_REGION	inactive_date	timestamp
GEO_REGION	app_exchange_owner	string
GEO_REGION	app_exchange_record	string
GEO_REGION	parent_geo_region_id	decimal(18,0)
GEO_REGION	dl_load_dt	date
GEO_REGION	dl_load_ts	timestamp
GOAL	goal_id	string
GOAL	user_id	string
GOAL	goal_type_id	string
GOAL	problem_id	string
GOAL	created_time	timestamp
GOAL	deleted_yn	string
GOAL	cm_phy_owner_id	string
GOAL	cm_log_owner_id	string
GOAL	display_name	string
GOAL	goal_desc_id	string
GOAL	evaluation_note_id	string
GOAL	goal_template_id	decimal(18,0)
GOAL	goal_template_cdr	double
GOAL	alert_csn_id	decimal(18,0)
GOAL	hh_episode_id	decimal(18,0)
GOAL	excl_from_spoc_yn	string
GOAL	is_autogenerated_yn	string
GOAL	dl_load_dt	date
GOAL	dl_load_ts	timestamp
GOAL_TEMPLATES	goal_template_id	decimal(18,0)
GOAL_TEMPLATES	cm_phy_owner_id	string
GOAL_TEMPLATES	cm_log_owner_id	string
GOAL_TEMPLATES	goal_template_name	string
GOAL_TEMPLATES	record_state_c	int
GOAL_TEMPLATES	goal_template_typ_c	int
GOAL_TEMPLATES	cp_dup_goal_act_c	int
GOAL_TEMPLATES	goal_usage_c	int
GOAL_TEMPLATES	use_fltbar_graph_yn	string
GOAL_TEMPLATES	is_autogenerated_yn	string
GOAL_TEMPLATES	dl_load_dt	date
GOAL_TEMPLATES	dl_load_ts	timestamp
GOAL_TYPE	goal_type_id	string
GOAL_TYPE	goal_name	string
GOAL_TYPE	type_name	string
GOAL_TYPE	cm_phy_owner_id	string
GOAL_TYPE	cm_log_owner_id	string
GOAL_TYPE	record_status_c	int
GOAL_TYPE	display_name	string
GOAL_TYPE	dl_load_dt	date
GOAL_TYPE	dl_load_ts	timestamp
GROUPER_COMPILED_REC_LIST	compiled_grouper_id	string
GROUPER_COMPILED_REC_LIST	line	int
GROUPER_COMPILED_REC_LIST	cm_phy_owner_id	string
GROUPER_COMPILED_REC_LIST	cm_log_owner_id	string
GROUPER_COMPILED_REC_LIST	grouper_records_varchar_id	string
GROUPER_COMPILED_REC_LIST	grouper_records_numeric_id	decimal(18,0)
GROUPER_COMPILED_REC_LIST	base_grouper_id	string
GROUPER_COMPILED_REC_LIST	compiled_context	string
GROUPER_COMPILED_REC_LIST	dl_load_dt	date
GROUPER_COMPILED_REC_LIST	dl_load_ts	timestamp
GROUPER_ITEMS	grouper_id	string
GROUPER_ITEMS	grouper_name	string
GROUPER_ITEMS	description	string
GROUPER_ITEMS	context_ini	string
GROUPER_ITEMS	concept_logic	string
GROUPER_ITEMS	cm_log_onwer_id	string
GROUPER_ITEMS	cm_phy_owner_id	string
GROUPER_ITEMS	grouper_type_c	int
GROUPER_ITEMS	cm_log_owner_id	string
GROUPER_ITEMS	rltd_tmplt_rels_yn	string
GROUPER_ITEMS	record_status_c	int
GROUPER_ITEMS	restr_to_snomed_yn	string
GROUPER_ITEMS	excl_spec_term_yn	string
GROUPER_ITEMS	inc_med_route_yn	string
GROUPER_ITEMS	cui_logic_type_c	int
GROUPER_ITEMS	slicerdicer_excl_yn	string
GROUPER_ITEMS	prov_display_name	string
GROUPER_ITEMS	base_grouper_id	string
GROUPER_ITEMS	compiled_context	string
GROUPER_ITEMS	external_id_type_c	int
GROUPER_ITEMS	external_grouper_id	string
GROUPER_ITEMS	compile_all_contexts_yn	string
GROUPER_ITEMS	record_type_c	int
GROUPER_ITEMS	last_compiled_utc_dttm	timestamp
GROUPER_ITEMS	fam_hx_mapping_c	int
GROUPER_ITEMS	dl_load_dt	date
GROUPER_ITEMS	dl_load_ts	timestamp
HNO_INFO	note_id	string
HNO_INFO	cm_phy_owner_id	string
HNO_INFO	cm_log_owner_id	string
HNO_INFO	deleted_cat_c	int
HNO_INFO	note_type_noadd_c	string
HNO_INFO	note_format_noadd_c	string
HNO_INFO	dict_identifier	string
HNO_INFO	pat_id	string
HNO_INFO	pat_enc_csn_id	decimal(18,0)
HNO_INFO	entry_user_id	string
HNO_INFO	entry_datetime	timestamp
HNO_INFO	note_desc	string
HNO_INFO	patmsg_pat_id	string
HNO_INFO	patmsg_exp_dt	timestamp
HNO_INFO	patmsg_priority_c	string
HNO_INFO	patmsg_led_user_id	string
HNO_INFO	patmsg_led_dt	timestamp
HNO_INFO	patmsg_display	string
HNO_INFO	note_let_prnt_dttm	timestamp
HNO_INFO	note_source_c	int
HNO_INFO	dept_msg_type_c	int
HNO_INFO	dept_msg_dept_id	decimal(18,0)
HNO_INFO	dept_msg_status_c	int
HNO_INFO	inpatient_data_id	string
HNO_INFO	ip_note_type_c	string
HNO_INFO	original_hp_id	string
HNO_INFO	orig_hp_date_real	decimal(18,2)
HNO_INFO	source_hp_id	string
HNO_INFO	source_hp_date_real	decimal(18,2)
HNO_INFO	accept_date	timestamp
HNO_INFO	let_prnt_mthd_c	int
HNO_INFO	trnscrtn_mvd_dt	timestamp
HNO_INFO	dept_specialty_c	string
HNO_INFO	ecg_rev_inst_dttm	timestamp
HNO_INFO	ecg_technician_id	string
HNO_INFO	sensitivity_stat_c	string
HNO_INFO	saved_in_nw_yn	string
HNO_INFO	downtime_id	string
HNO_INFO	addendum_parent_csn	decimal(18,0)
HNO_INFO	scanned_doc_info	string
HNO_INFO	ecg_report_type	string
HNO_INFO	ecg_reviewed_by	string
HNO_INFO	pat_link_id	string
HNO_INFO	auto_generated_yn	string
HNO_INFO	acct_notes_extra_id	decimal(18,0)
HNO_INFO	claim_test_ins_dttm	timestamp
HNO_INFO	letter_summary	string
HNO_INFO	rec_archived_yn	string
HNO_INFO	intf_trans_c	int
HNO_INFO	tx_ib_folder_c	decimal(38,0)
HNO_INFO	create_instant_dttm	timestamp
HNO_INFO	notewriter_template	string
HNO_INFO	unsigned_yn	string
HNO_INFO	delete_instant_dttm	timestamp
HNO_INFO	delete_user_id	string
HNO_INFO	fastnote_yn	string
HNO_INFO	from_autosave_yn	string
HNO_INFO	cosigned_note_link	decimal(18,0)
HNO_INFO	date_of_servic_dttm	timestamp
HNO_INFO	signed_note_id	string
HNO_INFO	lst_filed_inst_dttm	timestamp
HNO_INFO	update_date	timestamp
HNO_INFO	note_move_source_id	string
HNO_INFO	current_author_id	string
HNO_INFO	num_letter_parts	int
HNO_INFO	letter_type_c	string
HNO_INFO	visit_num	string
HNO_INFO	scanned_note_yn	string
HNO_INFO	crt_inst_local_dttm	timestamp
HNO_INFO	del_inst_local_dttm	timestamp
HNO_INFO	note_purpose_c	int
HNO_INFO	rte_trigger_user_id	string
HNO_INFO	rte_trigrd_pat_id	string
HNO_INFO	rte_review_ver_id	decimal(18,0)
HNO_INFO	amb_note_yn	string
HNO_INFO	ib_resp_user_id	string
HNO_INFO	ib_resp_pool_id	decimal(18,0)
HNO_INFO	prev_note_type_c	string
HNO_INFO	prev_doc_type_c	string
HNO_INFO	a_copy_yn	string
HNO_INFO	ext_interf_id	decimal(18,0)
HNO_INFO	priority_yn	string
HNO_INFO	active_from_dt	timestamp
HNO_INFO	active_to_dt	timestamp
HNO_INFO	note_attested_yn	string
HNO_INFO	nurs_note_auth_nam	string
HNO_INFO	mmta_used_yn	string
HNO_INFO	addr_verif_acct_id	decimal(18,0)
HNO_INFO	not_for_printing_yn	string
HNO_INFO	treat_sum_rls_to_myc_yn	string
HNO_INFO	treat_sum_rls_to_myc_csn	decimal(18,0)
HNO_INFO	is_poc_note_yn	string
HNO_INFO	note_shared_w_pat_yn	string
HNO_INFO	comment_user_id	string
HNO_INFO	comment_edit_inst_dttm	timestamp
HNO_INFO	letter_template_smarttext_id	string
HNO_INFO	conversation_msg_id	string
HNO_INFO	book_confrm_prov_id	string
HNO_INFO	book_confrm_loc_id	decimal(18,0)
HNO_INFO	book_confrm_txt	string
HNO_INFO	working_copy_yn	string
HNO_INFO	dl_load_dt	date
HNO_INFO	dl_load_ts	timestamp
HNO_INFO_2	note_id	string
HNO_INFO_2	cm_phy_owner_id	string
HNO_INFO_2	cm_log_owner_id	string
HNO_INFO_2	book_confrm_datetim_dttm	timestamp
HNO_INFO_2	relevant_rec_event_id	string
HNO_INFO_2	was_precharted_yn	string
HNO_INFO_2	group_note_id	string
HNO_INFO_2	qn_message_type_c	decimal(38,0)
HNO_INFO_2	letter_dest_c	int
HNO_INFO_2	letter_pat_id	string
HNO_INFO_2	letter_final_utc_dttm	timestamp
HNO_INFO_2	hno_record_type_c	int
HNO_INFO_2	rfl_note_purpose_c	int
HNO_INFO_2	let_enc_department_id	decimal(18,0)
HNO_INFO_2	let_to_facility_id	decimal(18,0)
HNO_INFO_2	let_to_department_id	decimal(18,0)
HNO_INFO_2	let_to_prov_id	string
HNO_INFO_2	rfl_letter_enc_csn	decimal(18,0)
HNO_INFO_2	conv_msg_cid	decimal(38,0)
HNO_INFO_2	creation_action_group_id	decimal(18,0)
HNO_INFO_2	outreach_template_id	decimal(18,0)
HNO_INFO_2	share_w_pat_avail_yn	string
HNO_INFO_2	source_edits_csn	decimal(18,0)
HNO_INFO_2	starting_smarttext_id	string
HNO_INFO_2	starting_smartphrase_id	decimal(18,0)
HNO_INFO_2	starting_smartlink_id	decimal(18,0)
HNO_INFO_2	starting_method_c	int
HNO_INFO_2	rfl_transaction_type_c	int
HNO_INFO_2	ext_org_id	decimal(18,0)
HNO_INFO_2	ext_uniq_ident	string
HNO_INFO_2	parent_note_id	string
HNO_INFO_2	active_c	int
HNO_INFO_2	ready_to_view_prov_id	string
HNO_INFO_2	ext_doc_evnt_id	string
HNO_INFO_2	ext_note_type	string
HNO_INFO_2	ext_dup_note_id	string
HNO_INFO_2	ext_dup_note_c	int
HNO_INFO_2	ext_source_type_c	int
HNO_INFO_2	ext_author	string
HNO_INFO_2	note_update_inst_utc_dttm	timestamp
HNO_INFO_2	external_source_ident	string
HNO_INFO_2	external_problem_ident	string
HNO_INFO_2	dl_load_dt	date
HNO_INFO_2	dl_load_ts	timestamp
HNO_INFO_2	rout_recpnt_communication_id	decimal(18,0)
HNO_INFO_2	outreach_csn_id	decimal(18,0)
HNO_INFO_2	dental_note_section_key	string
HNO_INFO_2	translation_identifier	string
HNO_INFO_2	translation_language_id	decimal(18,0)
HNO_INFO_2	translation_source_language_id	decimal(18,0)
HNO_INFO_2	purge_time_stamp_utc_dttm	timestamp
HNO_INFO_2	not_research_related_yn	string
HNO_INFO_2	t9n_draft_same_chrs	int
HNO_INFO_2	t9n_lang_draft_len	int
HNO_INFO_2_20260225	note_id	string
HNO_INFO_2_20260225	cm_phy_owner_id	string
HNO_INFO_2_20260225	cm_log_owner_id	string
HNO_INFO_2_20260225	book_confrm_datetim_dttm	timestamp
HNO_INFO_2_20260225	relevant_rec_event_id	string
HNO_INFO_2_20260225	was_precharted_yn	string
HNO_INFO_2_20260225	group_note_id	string
HNO_INFO_2_20260225	qn_message_type_c	decimal(38,0)
HNO_INFO_2_20260225	letter_dest_c	int
HNO_INFO_2_20260225	letter_pat_id	string
HNO_INFO_2_20260225	letter_final_utc_dttm	timestamp
HNO_INFO_2_20260225	hno_record_type_c	int
HNO_INFO_2_20260225	rfl_note_purpose_c	int
HNO_INFO_2_20260225	let_enc_department_id	decimal(18,0)
HNO_INFO_2_20260225	let_to_facility_id	decimal(18,0)
HNO_INFO_2_20260225	let_to_department_id	decimal(18,0)
HNO_INFO_2_20260225	let_to_prov_id	string
HNO_INFO_2_20260225	rfl_letter_enc_csn	decimal(18,0)
HNO_INFO_2_20260225	conv_msg_cid	decimal(38,0)
HNO_INFO_2_20260225	creation_action_group_id	decimal(18,0)
HNO_INFO_2_20260225	outreach_template_id	decimal(18,0)
HNO_INFO_2_20260225	share_w_pat_avail_yn	string
HNO_INFO_2_20260225	source_edits_csn	decimal(18,0)
HNO_INFO_2_20260225	starting_smarttext_id	string
HNO_INFO_2_20260225	starting_smartphrase_id	decimal(18,0)
HNO_INFO_2_20260225	starting_smartlink_id	decimal(18,0)
HNO_INFO_2_20260225	starting_method_c	int
HNO_INFO_2_20260225	rfl_transaction_type_c	int
HNO_INFO_2_20260225	ext_org_id	decimal(18,0)
HNO_INFO_2_20260225	ext_uniq_ident	string
HNO_INFO_2_20260225	parent_note_id	string
HNO_INFO_2_20260225	active_c	int
HNO_INFO_2_20260225	ready_to_view_prov_id	string
HNO_INFO_2_20260225	ext_doc_evnt_id	string
HNO_INFO_2_20260225	ext_note_type	string
HNO_INFO_2_20260225	ext_dup_note_id	string
HNO_INFO_2_20260225	ext_dup_note_c	int
HNO_INFO_2_20260225	ext_source_type_c	int
HNO_INFO_2_20260225	ext_author	string
HNO_INFO_2_20260225	note_update_inst_utc_dttm	timestamp
HNO_INFO_2_20260225	external_source_ident	string
HNO_INFO_2_20260225	external_problem_ident	string
HNO_INFO_2_20260225	dl_load_dt	date
HNO_INFO_2_20260225	dl_load_ts	timestamp
HNO_INFO_2_20260225	rout_recpnt_communication_id	decimal(18,0)
HNO_INFO_2_20260225	outreach_csn_id	decimal(18,0)
HNO_INFO_2_20260225	dental_note_section_key	string
HNO_INFO_2_20260225	translation_identifier	string
HNO_INFO_2_20260225	translation_language_id	decimal(18,0)
HNO_INFO_2_20260225	translation_source_language_id	decimal(18,0)
HNO_INFO_2_20260225	purge_time_stamp_utc_dttm	timestamp
HNO_INFO_2_20260225	not_research_related_yn	string
HNO_NOTE_TEXT	note_id	string
HNO_NOTE_TEXT	contact_date_real	double
HNO_NOTE_TEXT	line	int
HNO_NOTE_TEXT	note_csn_id	decimal(18,0)
HNO_NOTE_TEXT	contact_date	timestamp
HNO_NOTE_TEXT	cm_ct_owner_id	string
HNO_NOTE_TEXT	chron_item_num	int
HNO_NOTE_TEXT	note_text	string
HNO_NOTE_TEXT	is_archived_yn	string
HNO_NOTE_TEXT	dl_load_dt	date
HNO_NOTE_TEXT	dl_load_ts	timestamp
HSB_TPL_LIST	episode_id	decimal(18,0)
HSB_TPL_LIST	line	int
HSB_TPL_LIST	tpl_id	decimal(18,0)
HSB_TPL_LIST	cm_log_owner_id	string
HSB_TPL_LIST	cm_phy_owner_id	string
HSB_TPL_LIST	dl_load_dt	date
HSB_TPL_LIST	dl_load_ts	timestamp
HSP_ACCT_ADMIT_DX	hsp_account_id	decimal(18,0)
HSP_ACCT_ADMIT_DX	line	int
HSP_ACCT_ADMIT_DX	admit_dx_id	decimal(18,0)
HSP_ACCT_ADMIT_DX	admit_dx_text	string
HSP_ACCT_ADMIT_DX	cm_phy_owner_id	string
HSP_ACCT_ADMIT_DX	cm_log_owner_id	string
HSP_ACCT_ADMIT_DX	dl_load_dt	date
HSP_ACCT_ADMIT_DX	dl_load_ts	timestamp
HSP_ACCT_CPT_CODES	hsp_account_id	decimal(18,0)
HSP_ACCT_CPT_CODES	line	int
HSP_ACCT_CPT_CODES	cpt_code	string
HSP_ACCT_CPT_CODES	cpt_code_date	timestamp
HSP_ACCT_CPT_CODES	cpt_perf_prov_id	string
HSP_ACCT_CPT_CODES	cpt_event_number	int
HSP_ACCT_CPT_CODES	cpt_modifiers	string
HSP_ACCT_CPT_CODES	lmrp_code	string
HSP_ACCT_CPT_CODES	cpt_code_desc	string
HSP_ACCT_CPT_CODES	cm_phy_owner_id	string
HSP_ACCT_CPT_CODES	cm_log_owner_id	string
HSP_ACCT_CPT_CODES	px_apc_pmt_sts_ind	string
HSP_ACCT_CPT_CODES	px_code_aff_drg_yn	string
HSP_ACCT_CPT_CODES	px_apc_pmt_ind	decimal(18,0)
HSP_ACCT_CPT_CODES	px_apc_weight	decimal(18,2)
HSP_ACCT_CPT_CODES	px_apc_fac_rmb_amt	decimal(18,2)
HSP_ACCT_CPT_CODES	px_oce_edit_code	string
HSP_ACCT_CPT_CODES	px_apc_code	string
HSP_ACCT_CPT_CODES	px_hcfa_paymt_amt	decimal(18,2)
HSP_ACCT_CPT_CODES	px_reimb_type	string
HSP_ACCT_CPT_CODES	px_copay_amt	decimal(18,2)
HSP_ACCT_CPT_CODES	px_pay_rt_unit_amt	decimal(18,2)
HSP_ACCT_CPT_CODES	px_rev_code_id	decimal(18,0)
HSP_ACCT_CPT_CODES	cpt_excld_rpt_yn	string
HSP_ACCT_CPT_CODES	cpt_quantity	int
HSP_ACCT_CPT_CODES	cpt_pos_type_c	int
HSP_ACCT_CPT_CODES	dl_load_dt	date
HSP_ACCT_CPT_CODES	dl_load_ts	timestamp
HSP_ACCT_CVG_LIST	hsp_account_id	decimal(18,0)
HSP_ACCT_CVG_LIST	line	int
HSP_ACCT_CVG_LIST	coverage_id	decimal(18,0)
HSP_ACCT_CVG_LIST	cm_phy_owner_id	string
HSP_ACCT_CVG_LIST	cm_log_owner_id	string
HSP_ACCT_CVG_LIST	cvg_ignr_prim_pay_yn	string
HSP_ACCT_CVG_LIST	cvg_ignr_rsn_c	int
HSP_ACCT_CVG_LIST	dl_load_dt	date
HSP_ACCT_CVG_LIST	dl_load_ts	timestamp
HSP_ACCT_CVG_LIST	cvg_timely_filing_date	timestamp
HSP_ACCT_DX_LIST	hsp_account_id	decimal(18,0)
HSP_ACCT_DX_LIST	line	int
HSP_ACCT_DX_LIST	dx_id	decimal(18,0)
HSP_ACCT_DX_LIST	cm_phy_owner_id	string
HSP_ACCT_DX_LIST	cm_log_owner_id	string
HSP_ACCT_DX_LIST	dx_poa_ynu	string
HSP_ACCT_DX_LIST	dx_affects_drg_yn	string
HSP_ACCT_DX_LIST	dx_comorbidity_yn	string
HSP_ACCT_DX_LIST	final_dx_soi_c	int
HSP_ACCT_DX_LIST	final_dx_rom_c	int
HSP_ACCT_DX_LIST	final_dx_excld_yn	string
HSP_ACCT_DX_LIST	fnl_dx_afct_soi_yn	string
HSP_ACCT_DX_LIST	fnl_dx_afct_rom_yn	string
HSP_ACCT_DX_LIST	final_dx_poa_c	int
HSP_ACCT_DX_LIST	dx_comorbidity_c	int
HSP_ACCT_DX_LIST	dx_hac_yn	string
HSP_ACCT_DX_LIST	dx_type_c	int
HSP_ACCT_DX_LIST	dx_start_dt	timestamp
HSP_ACCT_DX_LIST	dx_end_dt	timestamp
HSP_ACCT_DX_LIST	dx_problem_id	decimal(18,0)
HSP_ACCT_DX_LIST	dx_chronic_flag_yn	string
HSP_ACCT_DX_LIST	dx_supp_atc_code_c	int
HSP_ACCT_DX_LIST	dx_hsp_prob_flag_yn	string
HSP_ACCT_DX_LIST	dx_overridden_dx_id	decimal(18,0)
HSP_ACCT_DX_LIST	dx_disproven_yn	string
HSP_ACCT_DX_LIST	dk_cancer_status_c	int
HSP_ACCT_DX_LIST	dx_documenting_user_id	string
HSP_ACCT_DX_LIST	fnl_dx_qualifier_c	string
HSP_ACCT_DX_LIST	term_dx_id	decimal(18,0)
HSP_ACCT_DX_LIST	dx_cof_c	int
HSP_ACCT_DX_LIST	dl_load_dt	date
HSP_ACCT_DX_LIST	dl_load_ts	timestamp
HSP_ACCT_DX_LIST	dx_complexity_lvl	int
HSP_ACCT_DX_LIST	complex_dx_c	int
HSP_ACCT_DX_LIST	dx_cluster	string
HSP_ACCT_DX_LIST	dx_class_c	int
HSP_ACCT_DX_LIST	cause_death_yn	string
HSP_ACCT_EXTINJ_CD	hsp_account_id	decimal(18,0)
HSP_ACCT_EXTINJ_CD	line	int
HSP_ACCT_EXTINJ_CD	ext_injury_dx_id	decimal(18,0)
HSP_ACCT_EXTINJ_CD	cm_phy_owner_id	string
HSP_ACCT_EXTINJ_CD	cm_log_owner_id	string
HSP_ACCT_EXTINJ_CD	ext_injury_poa_ynu	string
HSP_ACCT_EXTINJ_CD	ext_comorbidity_yn	string
HSP_ACCT_EXTINJ_CD	ext_dx_aff_drg_yn	string
HSP_ACCT_EXTINJ_CD	ecode_dx_soi_c	int
HSP_ACCT_EXTINJ_CD	ecode_dx_rom_c	int
HSP_ACCT_EXTINJ_CD	ecode_dx_excld_yn	string
HSP_ACCT_EXTINJ_CD	ecd_dx_afct_soi_yn	string
HSP_ACCT_EXTINJ_CD	ecd_dx_afct_rom_yn	string
HSP_ACCT_EXTINJ_CD	ecode_dx_poa_c	int
HSP_ACCT_EXTINJ_CD	ext_comorbidity_c	int
HSP_ACCT_EXTINJ_CD	ecd_hac_yn	string
HSP_ACCT_EXTINJ_CD	dl_load_dt	date
HSP_ACCT_EXTINJ_CD	dl_load_ts	timestamp
HSP_ACCT_EXTINJ_CD	dx_cof_c	int
HSP_ACCT_EXTINJ_CD	dx_start_date	timestamp
HSP_ACCT_EXTINJ_CD	dx_class_c	int
HSP_ACCT_EXTINJ_CD	cause_death_yn	string
HSP_ACCT_MULT_DRGS	hsp_account_id	decimal(18,0)
HSP_ACCT_MULT_DRGS	line	int
HSP_ACCT_MULT_DRGS	drg_id_type_id	decimal(18,0)
HSP_ACCT_MULT_DRGS	drg_id	string
HSP_ACCT_MULT_DRGS	drg_mpi_code	string
HSP_ACCT_MULT_DRGS	drg_reimbursement	decimal(12,2)
HSP_ACCT_MULT_DRGS	drg_mdc_value	string
HSP_ACCT_MULT_DRGS	drg_weight	decimal(9,4)
HSP_ACCT_MULT_DRGS	drg_ps	int
HSP_ACCT_MULT_DRGS	drg_rom	int
HSP_ACCT_MULT_DRGS	drg_short_los	string
HSP_ACCT_MULT_DRGS	drg_long_los	string
HSP_ACCT_MULT_DRGS	drg_amlos	string
HSP_ACCT_MULT_DRGS	drg_gmlos	string
HSP_ACCT_MULT_DRGS	cm_phy_owner_id	string
HSP_ACCT_MULT_DRGS	cm_log_owner_id	string
HSP_ACCT_MULT_DRGS	drg_cst_otlr_thrsh	decimal(12,2)
HSP_ACCT_MULT_DRGS	drg_day_otlr_thrsh	decimal(18,2)
HSP_ACCT_MULT_DRGS	drg_nrm_pt_rmb_amt	decimal(12,2)
HSP_ACCT_MULT_DRGS	drg_tg_fed_blnd_rt	decimal(12,2)
HSP_ACCT_MULT_DRGS	drg_cond_code	decimal(18,0)
HSP_ACCT_MULT_DRGS	drg_formula	decimal(18,0)
HSP_ACCT_MULT_DRGS	drg_los	int
HSP_ACCT_MULT_DRGS	drg_pat_status	string
HSP_ACCT_MULT_DRGS	drg_isp_shr_aj_amt	decimal(18,2)
HSP_ACCT_MULT_DRGS	drg_indir_med_amt	decimal(18,2)
HSP_ACCT_MULT_DRGS	drg_capital_amt	decimal(18,2)
HSP_ACCT_MULT_DRGS	drg_otlr_rmb_amt	decimal(18,2)
HSP_ACCT_MULT_DRGS	drg_chg_clm_amt	decimal(18,2)
HSP_ACCT_MULT_DRGS	drg_outlier_type	int
HSP_ACCT_MULT_DRGS	drg_outlier_days	int
HSP_ACCT_MULT_DRGS	drg_otlr_cst_amt	decimal(18,2)
HSP_ACCT_MULT_DRGS	drg_outlier_reimb	decimal(18,2)
HSP_ACCT_MULT_DRGS	drg_cmt	string
HSP_ACCT_MULT_DRGS	drg_qlfr_c	int
HSP_ACCT_MULT_DRGS	drg_billing_flag_yn	string
HSP_ACCT_MULT_DRGS	dl_load_dt	date
HSP_ACCT_MULT_DRGS	dl_load_ts	timestamp
HSP_ACCT_MULT_DRGS	drg_eccs	decimal(18,2)
HSP_ACCT_MULT_DRGS	delim_cond_codes	string
HSP_ACCT_PAT_CSN	hsp_account_id	decimal(18,0)
HSP_ACCT_PAT_CSN	line	int
HSP_ACCT_PAT_CSN	pat_id	string
HSP_ACCT_PAT_CSN	pat_enc_csn_id	decimal(18,0)
HSP_ACCT_PAT_CSN	pat_enc_date_real	double
HSP_ACCT_PAT_CSN	pat_enc_date	timestamp
HSP_ACCT_PAT_CSN	cm_phy_owner_id	string
HSP_ACCT_PAT_CSN	cm_log_owner_id	string
HSP_ACCT_PAT_CSN	dl_load_dt	date
HSP_ACCT_PAT_CSN	dl_load_ts	timestamp
HSP_ACCT_PX_LIST	hsp_account_id	decimal(18,0)
HSP_ACCT_PX_LIST	line	int
HSP_ACCT_PX_LIST	final_icd_px_id	string
HSP_ACCT_PX_LIST	proc_date	timestamp
HSP_ACCT_PX_LIST	proc_perf_prov_id	string
HSP_ACCT_PX_LIST	proc_event_number	int
HSP_ACCT_PX_LIST	cm_phy_owner_id	string
HSP_ACCT_PX_LIST	cm_log_owner_id	string
HSP_ACCT_PX_LIST	px_afct_rom_yn	string
HSP_ACCT_PX_LIST	px_excld_rpt_yn	string
HSP_ACCT_PX_LIST	px_afct_soi_yn	string
HSP_ACCT_PX_LIST	dl_load_dt	date
HSP_ACCT_PX_LIST	dl_load_ts	timestamp
HSP_ACCT_PX_LIST	affects_drg_yn	string
HSP_ACCT_PX_LIST	intervention_type_c	int
HSP_ACCT_PX_LIST	px_au_perf_loc_c	int
HSP_ADMIT_DIAG	pat_id	string
HSP_ADMIT_DIAG	pat_enc_date_real	double
HSP_ADMIT_DIAG	line	int
HSP_ADMIT_DIAG	dx_id	decimal(18,0)
HSP_ADMIT_DIAG	admit_diag_text	string
HSP_ADMIT_DIAG	cm_ct_owner_id	string
HSP_ADMIT_DIAG	pat_enc_csn_id	decimal(18,0)
HSP_ADMIT_DIAG	dl_load_dt	date
HSP_ADMIT_DIAG	dl_load_ts	timestamp
HSP_ATND_PROV	pat_id	string
HSP_ATND_PROV	pat_enc_date_real	double
HSP_ATND_PROV	line	int
HSP_ATND_PROV	attend_from_date	timestamp
HSP_ATND_PROV	attend_to_date	timestamp
HSP_ATND_PROV	prov_id	string
HSP_ATND_PROV	ed_attend_yn	string
HSP_ATND_PROV	cm_ct_owner_id	string
HSP_ATND_PROV	pat_enc_csn_id	decimal(18,0)
HSP_ATND_PROV	dl_load_dt	date
HSP_ATND_PROV	dl_load_ts	timestamp
HSP_DISCH_DIAG	pat_id	string
HSP_DISCH_DIAG	pat_enc_date_real	double
HSP_DISCH_DIAG	line	int
HSP_DISCH_DIAG	dx_id	decimal(18,0)
HSP_DISCH_DIAG	disch_diag_cmnt	string
HSP_DISCH_DIAG	cm_ct_owner_id	string
HSP_DISCH_DIAG	pat_enc_csn_id	decimal(18,0)
HSP_DISCH_DIAG	dl_load_dt	date
HSP_DISCH_DIAG	dl_load_ts	timestamp
HSP_ISOLATION	pat_id	string
HSP_ISOLATION	pat_enc_date_real	double
HSP_ISOLATION	line	decimal(18,0)
HSP_ISOLATION	isolation_c	int
HSP_ISOLATION	iso_added_time	timestamp
HSP_ISOLATION	iso_added_user_id	string
HSP_ISOLATION	iso_rmvd_time	timestamp
HSP_ISOLATION	iso_rmvd_user_id	string
HSP_ISOLATION	iso_order_id	decimal(18,0)
HSP_ISOLATION	iso_cmnt	string
HSP_ISOLATION	cm_ct_owner_id	string
HSP_ISOLATION	pat_enc_csn_id	decimal(18,0)
HSP_ISOLATION	dl_load_dt	date
HSP_ISOLATION	dl_load_ts	timestamp
HSP_TRTMT_TEAM	pat_id	string
HSP_TRTMT_TEAM	pat_enc_date_real	double
HSP_TRTMT_TEAM	line	int
HSP_TRTMT_TEAM	prov_id	string
HSP_TRTMT_TEAM	trtmnt_team_rel_c	string
HSP_TRTMT_TEAM	trtmnt_tm_begin_dt	timestamp
HSP_TRTMT_TEAM	trtmnt_tm_end_dt	timestamp
HSP_TRTMT_TEAM	trtmnt_tm_ed_yn	string
HSP_TRTMT_TEAM	cm_ct_owner_id	string
HSP_TRTMT_TEAM	pat_enc_csn_id	decimal(18,0)
HSP_TRTMT_TEAM	team_add_yn	string
HSP_TRTMT_TEAM	dl_load_dt	date
HSP_TRTMT_TEAM	dl_load_ts	timestamp
IDENTITY_ID	pat_id	string
IDENTITY_ID	line	int
IDENTITY_ID	identity_id	string
IDENTITY_ID	identity_type_id	decimal(18,0)
IDENTITY_ID	cm_phy_owner_id	string
IDENTITY_ID	cm_log_owner_id	string
IDENTITY_ID	epi_from_date	timestamp
IDENTITY_ID	epi_to_date	timestamp
IDENTITY_ID	mpi_ret_chk_pp_id	decimal(18,0)
IDENTITY_ID	mpi_ret_chk_rule_id	string
IDENTITY_ID	epi_cht_loc_id	string
IDENTITY_ID	dl_load_dt	date
IDENTITY_ID	dl_load_ts	timestamp
IDENTITY_ID_HX	pat_id	string
IDENTITY_ID_HX	line	int
IDENTITY_ID_HX	id_hx	string
IDENTITY_ID_HX	id_chg_date	timestamp
IDENTITY_ID_HX	id_type_hx	decimal(18,0)
IDENTITY_ID_HX	id_chg_user_id	string
IDENTITY_ID_HX	id_chg_type_c	int
IDENTITY_ID_HX	identity_new_id	string
IDENTITY_ID_HX	old_pat_id	string
IDENTITY_ID_HX	from_date	timestamp
IDENTITY_ID_HX	to_date	timestamp
IDENTITY_ID_HX	cm_phy_owner_id	string
IDENTITY_ID_HX	cm_log_owner_id	string
IDENTITY_ID_HX	epi_hx_unmerge_id	string
IDENTITY_ID_HX	id_hx_valid_c	int
IDENTITY_ID_HX	dl_load_dt	date
IDENTITY_ID_HX	dl_load_ts	timestamp
IDENTITY_ID_TYPE	id_type	decimal(18,0)
IDENTITY_ID_TYPE	id_type_name	string
IDENTITY_ID_TYPE	cm_phy_owner_id	string
IDENTITY_ID_TYPE	cm_log_owner_id	string
IDENTITY_ID_TYPE	record_status_c	int
IDENTITY_ID_TYPE	id_ini_c	string
IDENTITY_ID_TYPE	abbr	string
IDENTITY_ID_TYPE	id_num_rules_c	int
IDENTITY_ID_TYPE	machine_rules_c	int
IDENTITY_ID_TYPE	machine_start_num	decimal(18,0)
IDENTITY_ID_TYPE	user_id_format_c	int
IDENTITY_ID_TYPE	user_id_length	int
IDENTITY_ID_TYPE	verify_format_msg	string
IDENTITY_ID_TYPE	format_prompt_msg	string
IDENTITY_ID_TYPE	allow_mult_ids_yn	string
IDENTITY_ID_TYPE	crt_id_dflt_prt_yn	string
IDENTITY_ID_TYPE	use_eff_dates_yn	string
IDENTITY_ID_TYPE	id_type_descriptor	string
IDENTITY_ID_TYPE	ccow_identifier	string
IDENTITY_ID_TYPE	ccow_mrn_yn	string
IDENTITY_ID_TYPE	ccow_extension	string
IDENTITY_ID_TYPE	allow_view_yn	string
IDENTITY_ID_TYPE	allow_dup_ids_yn	string
IDENTITY_ID_TYPE	downtime_mode_yn	string
IDENTITY_ID_TYPE	convert_uppercas_yn	string
IDENTITY_ID_TYPE	reserve_on_empi_c	int
IDENTITY_ID_TYPE	use_temp_id_rule_yn	string
IDENTITY_ID_TYPE	temp_id_bypass_yn	string
IDENTITY_ID_TYPE	chart_loc_reqd_yn	string
IDENTITY_ID_TYPE	temp_id_num_rules_c	int
IDENTITY_ID_TYPE	temp_mach_rules_c	int
IDENTITY_ID_TYPE	temp_mach_start_num	int
IDENTITY_ID_TYPE	temp_user_id_fmt_c	int
IDENTITY_ID_TYPE	temp_user_id_length	int
IDENTITY_ID_TYPE	temp_ver_err_text	string
IDENTITY_ID_TYPE	temp_prompt_msg	string
IDENTITY_ID_TYPE	temp_start_temp_id	int
IDENTITY_ID_TYPE	hl7_assign_auth	string
IDENTITY_ID_TYPE	hl7_id_type	string
IDENTITY_ID_TYPE	hl7_coding_system	string
IDENTITY_ID_TYPE	passport_country_c	string
IDENTITY_ID_TYPE	unos_dnr_id_type_yn	string
IDENTITY_ID_TYPE	unos_rcp_id_type_yn	string
IDENTITY_ID_TYPE	hl7_id_type_version	string
IDENTITY_ID_TYPE	dl_load_dt	date
IDENTITY_ID_TYPE	dl_load_ts	timestamp
IDENTITY_ID_TYPE	prevent_hx_reuse_yn	string
IDENTITY_ID_TYPE	allow_lead_spaces_yn	varchar(1)
IDENTITY_SER_ID	prov_id	string
IDENTITY_SER_ID	line	int
IDENTITY_SER_ID	identity_id	string
IDENTITY_SER_ID	identity_type_id	decimal(18,0)
IDENTITY_SER_ID	cm_phy_owner_id	string
IDENTITY_SER_ID	cm_log_owner_id	string
IDENTITY_SER_ID	mpi_id_from_date	timestamp
IDENTITY_SER_ID	mpi_id_to_date	timestamp
IDENTITY_SER_ID	mpi_ret_chk_pp_id	decimal(18,0)
IDENTITY_SER_ID	mpi_ret_chk_rule_id	string
IDENTITY_SER_ID	dl_load_dt	date
IDENTITY_SER_ID	dl_load_ts	timestamp
IDENTITY_SER_ID_HX	prov_id	string
IDENTITY_SER_ID_HX	line	int
IDENTITY_SER_ID_HX	id_hx	string
IDENTITY_SER_ID_HX	id_chg_time	timestamp
IDENTITY_SER_ID_HX	id_type_hx	decimal(18,0)
IDENTITY_SER_ID_HX	id_chg_user_id	string
IDENTITY_SER_ID_HX	identity_new_id	string
IDENTITY_SER_ID_HX	old_prov_id	string
IDENTITY_SER_ID_HX	from_date	timestamp
IDENTITY_SER_ID_HX	to_date	timestamp
IDENTITY_SER_ID_HX	cm_phy_owner_id	string
IDENTITY_SER_ID_HX	cm_log_owner_id	string
IDENTITY_SER_ID_HX	mpi_audit_type_c	int
IDENTITY_SER_ID_HX	dl_load_dt	date
IDENTITY_SER_ID_HX	dl_load_ts	timestamp
ILLICIT_DRUG_TYPES	pat_enc_csn_id	decimal(18,0)
ILLICIT_DRUG_TYPES	line	int
ILLICIT_DRUG_TYPES	pat_id	string
ILLICIT_DRUG_TYPES	pat_enc_date_real	double
ILLICIT_DRUG_TYPES	contact_date	timestamp
ILLICIT_DRUG_TYPES	cm_ct_owner_id	string
ILLICIT_DRUG_TYPES	illicit_drug_type_c	int
ILLICIT_DRUG_TYPES	dl_load_dt	date
ILLICIT_DRUG_TYPES	dl_load_ts	timestamp
IMM_ADMIN	document_id	decimal(22,0)
IMM_ADMIN	contact_date_real	double
IMM_ADMIN	line	int
IMM_ADMIN	contact_date	timestamp
IMM_ADMIN	imm_type_id	decimal(18,0)
IMM_ADMIN	imm_type_free_text	string
IMM_ADMIN	imm_date	timestamp
IMM_ADMIN	imm_dose	string
IMM_ADMIN	imm_route_c	int
IMM_ADMIN	imm_route_free_txt	string
IMM_ADMIN	imm_site_c	int
IMM_ADMIN	imm_site_free_txt	string
IMM_ADMIN	imm_manufacturer_c	int
IMM_ADMIN	imm_manuf_free_text	string
IMM_ADMIN	imm_lot_number	string
IMM_ADMIN	imm_given_by_id	string
IMM_ADMIN	imm_given_by_ft	string
IMM_ADMIN	imm_vis_pub_date	timestamp
IMM_ADMIN	imm_vis_date	string
IMM_ADMIN	imm_def_rsn_free_tx	string
IMM_ADMIN	imm_def_reason_c	int
IMM_ADMIN	imm_notes_raw_data	string
IMM_ADMIN	imm_notes	string
IMM_ADMIN	imm_location	string
IMM_ADMIN	imm_status_c	int
IMM_ADMIN	imm_dose_amount	decimal(18,4)
IMM_ADMIN	imm_dose_unit_c	int
IMM_ADMIN	imm_src_dxr_csn	decimal(22,0)
IMM_ADMIN	imm_reference_id	string
IMM_ADMIN	imm_sched_id_ft	string
IMM_ADMIN	imm_sched_name_ft	string
IMM_ADMIN	imm_sched_coding_ft	string
IMM_ADMIN	imm_sched_valid_yn	string
IMM_ADMIN	imm_valid_rsn_c	int
IMM_ADMIN	imm_valid_rsn_ft	string
IMM_ADMIN	imm_lst_upd_inst_dttm	timestamp
IMM_ADMIN	immnztn_src_appl_c	int
IMM_ADMIN	immnztn_src_wpr_id	string
IMM_ADMIN	imm_ext_prc_ref_id	string
IMM_ADMIN	imm_event_ident	string
IMM_ADMIN	imm_chksum_ver	string
IMM_ADMIN	imm_atc_class_c	int
IMM_ADMIN	imm_vnr	string
IMM_ADMIN	imm_study_ident	string
IMM_ADMIN	imm_ordinal_num	int
IMM_ADMIN	imm_funding_source_c	int
IMM_ADMIN	imm_vfc_eligibility_status_c	int
IMM_ADMIN	imm_type_of_change_c	int
IMM_ADMIN	imm_autorecon_yn	string
IMM_ADMIN	imm_dup_int_imm_id	decimal(18,0)
IMM_ADMIN	imm_defer_dur_c	int
IMM_ADMIN	imm_product_c	int
IMM_ADMIN	imm_product_ft	string
IMM_ADMIN	imm_ext_admin_c	int
IMM_ADMIN	imm_external_yn	string
IMM_ADMIN	imm_dose_unit	string
IMM_ADMIN	imm_is_hi_match_yn	string
IMM_ADMIN	imm_filter_rsn_c	int
IMM_ADMIN	imm_rsn_for_vac_c	int
IMM_ADMIN	imm_external_identifier	string
IMM_ADMIN	imm_src_org_id	decimal(18,0)
IMM_ADMIN	imm_generated_serial_num	int
IMM_ADMIN	imm_hist_admin_yn	string
IMM_ADMIN	imm_admin_expiration_date	timestamp
IMM_ADMIN	imm_recorded_by_admin_yn	string
IMM_ADMIN	imm_bulk_stat_c	int
IMM_ADMIN	imm_bulk_incl_date	timestamp
IMM_ADMIN	imm_status_code_c	int
IMM_ADMIN	dl_load_dt	date
IMM_ADMIN	dl_load_ts	timestamp
IMMUNE	immune_id	decimal(18,0)
IMMUNE	pat_id	string
IMMUNE	immunzatn_id	decimal(18,0)
IMMUNE	immune_date	timestamp
IMMUNE	dose	string
IMMUNE	route_c	int
IMMUNE	site_c	int
IMMUNE	mfg_c	int
IMMUNE	lot	string
IMMUNE	exp_date	timestamp
IMMUNE	given_by_user_id	string
IMMUNE	entry_user_id	string
IMMUNE	entry_date	timestamp
IMMUNE	status	string
IMMUNE	update_date	timestamp
IMMUNE	cm_phy_owner_id	string
IMMUNE	cm_log_owner_id	string
IMMUNE	expiration_date	timestamp
IMMUNE	external_admin_c	int
IMMUNE	vis_date_text	string
IMMUNE	defer_reason_c	int
IMMUNE	med_admin_comment	string
IMMUNE	physical_site	string
IMMUNE	imm_product	string
IMMUNE	immunization_time	timestamp
IMMUNE	ndc_num_id	string
IMMUNE	document_dcs_id	string
IMMUNE	order_id	decimal(18,0)
IMMUNE	imm_answer_id	string
IMMUNE	immnztn_status_c	int
IMMUNE	imm_mar_admin_line	int
IMMUNE	imm_charge_rec_id	string
IMMUNE	imm_csn	decimal(18,0)
IMMUNE	external_id	string
IMMUNE	external_system	string
IMMUNE	instant_of_ent_dttm	timestamp
IMMUNE	encounter_dept_id	decimal(18,0)
IMMUNE	rec_archived_yn	string
IMMUNE	imm_historic_adm_yn	string
IMMUNE	immnztn_dualsign_id	string
IMMUNE	imm_dualsigninstant_dttm	timestamp
IMMUNE	immnztn_dose_amount	decimal(18,4)
IMMUNE	immnztn_dose_unit_c	int
IMMUNE	imm_del_reason_c	string
IMMUNE	imm_scanned_barcode	string
IMMUNE	entry_dttm	timestamp
IMMUNE	imm_storage_unit_id	decimal(18,0)
IMMUNE	imm_product_c	int
IMMUNE	imm_defer_dur_c	int
IMMUNE	imm_reg_status_c	int
IMMUNE	imm_lst_reginst_utc_dttm	timestamp
IMMUNE	imm_inv_class_c	int
IMMUNE	imm_mar_adm_inpatient_data_id	string
IMMUNE	imm_lot_num_id	decimal(18,0)
IMMUNE	dl_load_dt	date
IMMUNE	dl_load_ts	timestamp
IMMUNE	imm_edit_source_c	int
IMMUNE	original_imm_edit_source_c	int
INDICATIONS_OF_USE	medication_id	decimal(18,0)
INDICATIONS_OF_USE	line	int
INDICATIONS_OF_USE	cm_phy_owner_id	string
INDICATIONS_OF_USE	cm_log_owner_id	string
INDICATIONS_OF_USE	indications_use_id	decimal(18,0)
INDICATIONS_OF_USE	grp_ven_c	int
INDICATIONS_OF_USE	dflt_ven_yn	string
INDICATIONS_OF_USE	indication_lic_yn	string
INDICATIONS_OF_USE	dl_load_dt	date
INDICATIONS_OF_USE	dl_load_ts	timestamp
INFECTIONS	infection_id	decimal(18,0)
INFECTIONS	cm_phy_owner_id	string
INFECTIONS	cm_log_owner_id	string
INFECTIONS	record_status_c	int
INFECTIONS	infection_record_type_c	int
INFECTIONS	pat_id	string
INFECTIONS	pat_enc_csn_id	decimal(18,0)
INFECTIONS	infection_type_c	int
INFECTIONS	inf_status_c	int
INFECTIONS	how_added_c	int
INFECTIONS	add_utc_dttm	timestamp
INFECTIONS	add_user_id	string
INFECTIONS	resolve_utc_dttm	timestamp
INFECTIONS	resolve_user_id	string
INFECTIONS	expiration_date	timestamp
INFECTIONS	doesnt_expire_yn	string
INFECTIONS	review_date	timestamp
INFECTIONS	onset_date	timestamp
INFECTIONS	comments	string
INFECTIONS	specimen_type_c	int
INFECTIONS	specimen_source_c	int
INFECTIONS	record_creation_date	timestamp
INFECTIONS	add_local_dttm	timestamp
INFECTIONS	resolve_local_dttm	timestamp
INFECTIONS	isolation_links_calculated_yn	string
INFECTIONS	dl_load_dt	date
INFECTIONS	dl_load_ts	timestamp
INFECTIONS	comment_utc_dttm	timestamp
INFECTIONS	comment_user_id	string
INFECTIONS	required_isolation_option_c	int
INTERF_SPEC_STAT	order_id	decimal(18,0)
INTERF_SPEC_STAT	line	int
INTERF_SPEC_STAT	cm_phy_owner_id	string
INTERF_SPEC_STAT	cm_log_owner_id	string
INTERF_SPEC_STAT	interf_id	decimal(18,0)
INTERF_SPEC_STAT	interf_spec_stat_c	int
INTERF_SPEC_STAT	verify_status_c	int
INTERF_SPEC_STAT	status_dttm	timestamp
INTERF_SPEC_STAT	dl_load_dt	date
INTERF_SPEC_STAT	dl_load_ts	timestamp
IP_COMP_FLOWSHEET	inpatient_data_id	string
IP_COMP_FLOWSHEET	line	int
IP_COMP_FLOWSHEET	cm_phy_owner_id	string
IP_COMP_FLOWSHEET	cm_log_owner_id	string
IP_COMP_FLOWSHEET	complete_flow_rows	string
IP_COMP_FLOWSHEET	row_status_c	int
IP_COMP_FLOWSHEET	update_instant_tm	timestamp
IP_COMP_FLOWSHEET	update_user_id	string
IP_COMP_FLOWSHEET	update_reason_c	string
IP_COMP_FLOWSHEET	dl_load_dt	date
IP_COMP_FLOWSHEET	dl_load_ts	timestamp
IP_DATA_STORE	inpatient_data_id	string
IP_DATA_STORE	record_status_name	string
IP_DATA_STORE	pat_id	string
IP_DATA_STORE	template_id	string
IP_DATA_STORE	disch_inst_hno_id	string
IP_DATA_STORE	edu_status_nm	string
IP_DATA_STORE	edu_nobarrier_c	int
IP_DATA_STORE	edu_spoken	string
IP_DATA_STORE	edu_emotional	int
IP_DATA_STORE	edu_needs	string
IP_DATA_STORE	edu_answered_by	string
IP_DATA_STORE	edu_relation_c	int
IP_DATA_STORE	edu_received_by	string
IP_DATA_STORE	edu_date	timestamp
IP_DATA_STORE	cm_phy_owner_id	string
IP_DATA_STORE	cm_log_owner_id	string
IP_DATA_STORE	record_status_c	int
IP_DATA_STORE	ept_csn	decimal(18,0)
IP_DATA_STORE	brst_stat_inst_tm	timestamp
IP_DATA_STORE	pain_edu_inst_tm	timestamp
IP_DATA_STORE	hc_instant_tm	timestamp
IP_DATA_STORE	pf_instant_tm	timestamp
IP_DATA_STORE	exingc_instant_tm	timestamp
IP_DATA_STORE	alt_print_inst_tm	timestamp
IP_DATA_STORE	ak_converted_yn	string
IP_DATA_STORE	ip_note_mod_inst_tm	timestamp
IP_DATA_STORE	rec_archived_yn	string
IP_DATA_STORE	update_date	timestamp
IP_DATA_STORE	prime_single_column_dttm	timestamp
IP_DATA_STORE	dl_load_dt	date
IP_DATA_STORE	dl_load_ts	timestamp
IP_FLO_CUSTOM_LIST	id	string
IP_FLO_CUSTOM_LIST	contact_date_real	double
IP_FLO_CUSTOM_LIST	line	int
IP_FLO_CUSTOM_LIST	contact_date	string
IP_FLO_CUSTOM_LIST	cm_ct_owner_id	string
IP_FLO_CUSTOM_LIST	cust_list	string
IP_FLO_CUSTOM_LIST	custlst_extid_tp_c	int
IP_FLO_CUSTOM_LIST	custlist_ext_id	string
IP_FLO_CUSTOM_LIST	chg_row_proc_id	decimal(18,0)
IP_FLO_CUSTOM_LIST	chg_row_spc_val	int
IP_FLO_CUSTOM_LIST	chg_row_onoff_c	int
IP_FLO_CUSTOM_LIST	cust_list_abnorml_yn	string
IP_FLO_CUSTOM_LIST	cm_phy_owner_id	string
IP_FLO_CUSTOM_LIST	cm_log_owner_id	string
IP_FLO_CUSTOM_LIST	cust_list_abbr	string
IP_FLO_CUSTOM_LIST	cust_list_value	string
IP_FLO_CUSTOM_LIST	cust_list_map_value	string
IP_FLO_CUSTOM_LIST	cust_list_pat_friendly_text	string
IP_FLO_CUSTOM_LIST	cl_hide_from_pat_yn	string
IP_FLO_CUSTOM_LIST	dl_load_dt	date
IP_FLO_CUSTOM_LIST	dl_load_ts	timestamp
IP_FLO_GP_DATA	flo_meas_id	string
IP_FLO_GP_DATA	flo_meas_name	string
IP_FLO_GP_DATA	flo_dis_name	string
IP_FLO_GP_DATA	flo_row_name	string
IP_FLO_GP_DATA	value_type_name	string
IP_FLO_GP_DATA	min_value	decimal(18,5)
IP_FLO_GP_DATA	max_value	decimal(18,5)
IP_FLO_GP_DATA	unit	string
IP_FLO_GP_DATA	multi_select_yn	string
IP_FLO_GP_DATA	pref_flo_meas_id	string
IP_FLO_GP_DATA	description	string
IP_FLO_GP_DATA	def_min_warn_val	decimal(18,5)
IP_FLO_GP_DATA	def_max_warn_val	decimal(18,5)
IP_FLO_GP_DATA	bkground_color_c	int
IP_FLO_GP_DATA	custom_formula	string
IP_FLO_GP_DATA	intake_type_c	int
IP_FLO_GP_DATA	output_type_c	int
IP_FLO_GP_DATA	duplicatable_yn	string
IP_FLO_GP_DATA	cm_phy_owner_id	string
IP_FLO_GP_DATA	cm_log_owner_id	string
IP_FLO_GP_DATA	flo_admin_grp_c	int
IP_FLO_GP_DATA	flo_med_unit_c	int
IP_FLO_GP_DATA	lda_properties_id	string
IP_FLO_GP_DATA	lda_assoc_lumen_c	int
IP_FLO_GP_DATA	site_row_id	string
IP_FLO_GP_DATA	record_state_c	int
IP_FLO_GP_DATA	logical_owner	string
IP_FLO_GP_DATA	physical_owner	string
IP_FLO_GP_DATA	is_release_flag_yn	string
IP_FLO_GP_DATA	allow_complete_yn	string
IP_FLO_GP_DATA	abbreviation	string
IP_FLO_GP_DATA	chg_trig_type_c	int
IP_FLO_GP_DATA	copy_forward_yn	string
IP_FLO_GP_DATA	min_dia_bp	int
IP_FLO_GP_DATA	max_dia_bp	int
IP_FLO_GP_DATA	custom_list_pp_id	decimal(18,0)
IP_FLO_GP_DATA	is_how_abbr_yn	string
IP_FLO_GP_DATA	min_warn_val_diabp	int
IP_FLO_GP_DATA	max_warn_val_diabp	int
IP_FLO_GP_DATA	decimal_places	int
IP_FLO_GP_DATA	after_file_pt_id	decimal(18,0)
IP_FLO_GP_DATA	category_ini	string
IP_FLO_GP_DATA	category_item	string
IP_FLO_GP_DATA	summary_method_c	int
IP_FLO_GP_DATA	prog_point_id	decimal(18,0)
IP_FLO_GP_DATA	chg_proc_id	decimal(18,0)
IP_FLO_GP_DATA	chg_qty_type_c	int
IP_FLO_GP_DATA	chg_spec_val	int
IP_FLO_GP_DATA	chg_qty_row_id	string
IP_FLO_GP_DATA	chg_proc_on_id	decimal(18,0)
IP_FLO_GP_DATA	chg_proc_off_id	decimal(18,0)
IP_FLO_GP_DATA	cont_show_line_yn	int
IP_FLO_GP_DATA	allow_comp_yn	string
IP_FLO_GP_DATA	disp_name	string
IP_FLO_GP_DATA	abbr_p	string
IP_FLO_GP_DATA	row_typ_c	int
IP_FLO_GP_DATA	chg_trg_type_c	int
IP_FLO_GP_DATA	val_type_c	int
IP_FLO_GP_DATA	cpy_fwd_yn	string
IP_FLO_GP_DATA	units	string
IP_FLO_GP_DATA	multi_sel_yn	string
IP_FLO_GP_DATA	show_abbr_yn	string
IP_FLO_GP_DATA	display_alllist_yn	int
IP_FLO_GP_DATA	intake_typ_c	int
IP_FLO_GP_DATA	output_typ_c	int
IP_FLO_GP_DATA	duplicateable_yn	string
IP_FLO_GP_DATA	after_file_lpp_id	decimal(18,0)
IP_FLO_GP_DATA	cat_ini	string
IP_FLO_GP_DATA	cat_item	string
IP_FLO_GP_DATA	chg_row_qty_type_c	int
IP_FLO_GP_DATA	chg_row_qty_row_id	string
IP_FLO_GP_DATA	report_id	string
IP_FLO_GP_DATA	mychart_calc_c	int
IP_FLO_GP_DATA	can_be_graphed_yn	string
IP_FLO_GP_DATA	minvalue	int
IP_FLO_GP_DATA	min_diastolic_bp	int
IP_FLO_GP_DATA	max_val	int
IP_FLO_GP_DATA	max_diastolic_bp	int
IP_FLO_GP_DATA	min_warn_val	int
IP_FLO_GP_DATA	min_warn_dia_bp	int
IP_FLO_GP_DATA	max_warn_val	int
IP_FLO_GP_DATA	max_warn_dia_bp	int
IP_FLO_GP_DATA	graph_color_c	int
IP_FLO_GP_DATA	graph_color_dia_c	int
IP_FLO_GP_DATA	graph_icon_c	string
IP_FLO_GP_DATA	graph_icon_dia_c	string
IP_FLO_GP_DATA	ip_flo_report_id	string
IP_FLO_GP_DATA	myc_calc_idnt_c	int
IP_FLO_GP_DATA	ip_custlst_grph_yn	string
IP_FLO_GP_DATA	ip_volume_row_id	string
IP_FLO_GP_DATA	inst_noadd_edit	timestamp
IP_FLO_GP_DATA	noadd_items_edited	string
IP_FLO_GP_DATA	cascade_logic	string
IP_FLO_GP_DATA	add_start_remove_yn	string
IP_FLO_GP_DATA	io_occ_yn	string
IP_FLO_GP_DATA	flo_row_status_c	int
IP_FLO_GP_DATA	min_age	int
IP_FLO_GP_DATA	max_age	int
IP_FLO_GP_DATA	sex_c	string
IP_FLO_GP_DATA	task_template_id	string
IP_FLO_GP_DATA	display_all_list_yn	string
IP_FLO_GP_DATA	dl_load_dt	date
IP_FLO_GP_DATA	dl_load_ts	timestamp
IP_FLO_LDA_TYPES	id	string
IP_FLO_LDA_TYPES	contact_date_real	double
IP_FLO_LDA_TYPES	line	int
IP_FLO_LDA_TYPES	contact_date	string
IP_FLO_LDA_TYPES	cm_ct_owner_id	string
IP_FLO_LDA_TYPES	lda_type_ot_c	int
IP_FLO_LDA_TYPES	cm_phy_owner_id	string
IP_FLO_LDA_TYPES	cm_log_owner_id	string
IP_FLO_LDA_TYPES	dl_load_dt	date
IP_FLO_LDA_TYPES	dl_load_ts	timestamp
IP_FLO_MEASUREMNTS	id	string
IP_FLO_MEASUREMNTS	contact_date_real	double
IP_FLO_MEASUREMNTS	line	int
IP_FLO_MEASUREMNTS	contact_date	string
IP_FLO_MEASUREMNTS	cm_ct_owner_id	string
IP_FLO_MEASUREMNTS	measurement_id	string
IP_FLO_MEASUREMNTS	strt_removed_yn	string
IP_FLO_MEASUREMNTS	an_hide_row_yn	string
IP_FLO_MEASUREMNTS	an_hide_in_sum_yn	string
IP_FLO_MEASUREMNTS	cm_phy_owner_id	string
IP_FLO_MEASUREMNTS	cm_log_owner_id	string
IP_FLO_MEASUREMNTS	dl_load_dt	date
IP_FLO_MEASUREMNTS	dl_load_ts	timestamp
IP_FLO_MEASUREMNTS	required_status_c	int
IP_FLOWSHEET_ROWS	inpatient_data_id	string
IP_FLOWSHEET_ROWS	line	int
IP_FLOWSHEET_ROWS	flo_meas_id	string
IP_FLOWSHEET_ROWS	row_template	string
IP_FLOWSHEET_ROWS	row_variance_name	string
IP_FLOWSHEET_ROWS	flowsht_row_name	string
IP_FLOWSHEET_ROWS	cm_phy_owner_id	string
IP_FLOWSHEET_ROWS	cm_log_owner_id	string
IP_FLOWSHEET_ROWS	order_id	string
IP_FLOWSHEET_ROWS	ip_lda_id	string
IP_FLOWSHEET_ROWS	row_variance_c	int
IP_FLOWSHEET_ROWS	dl_load_dt	date
IP_FLOWSHEET_ROWS	dl_load_ts	timestamp
IP_FLT_DATA	template_id	string
IP_FLT_DATA	template_name	string
IP_FLT_DATA	display_name	string
IP_FLT_DATA	group_col_width	int
IP_FLT_DATA	name_col_width	int
IP_FLT_DATA	time_interval	int
IP_FLT_DATA	cm_phy_owner_id	string
IP_FLT_DATA	cm_log_owner_id	string
IP_FLT_DATA	report_template_id	string
IP_FLT_DATA	link_text_lpp_id	decimal(18,0)
IP_FLT_DATA	link_report_id	string
IP_FLT_DATA	fs_col_start_time	timestamp
IP_FLT_DATA	record_state_c	int
IP_FLT_DATA	restrict_rows_yn	string
IP_FLT_DATA	mins_hide_cascade	int
IP_FLT_DATA	pat_entd_flt_prc_id	decimal(18,0)
IP_FLT_DATA	pef_ed_meth_c	int
IP_FLT_DATA	pat_entd_flt_cmt_yn	string
IP_FLT_DATA	pat_entd_flt_edt_da	int
IP_FLT_DATA	pef_flbar_yn	string
IP_FLT_DATA	single_column_yn	string
IP_FLT_DATA	toolbar_name	string
IP_FLT_DATA	allow_accordion_c	int
IP_FLT_DATA	pat_entd_flt_name	string
IP_FLT_DATA	dl_load_dt	date
IP_FLT_DATA	dl_load_ts	timestamp
IP_FLT_DATA	allow_avr_yn	string
IP_FLWSHT_MEAS	fsd_id	string
IP_FLWSHT_MEAS	line	int
IP_FLWSHT_MEAS	flo_meas_id	string
IP_FLWSHT_MEAS	occurance	int
IP_FLWSHT_MEAS	recorded_time	timestamp
IP_FLWSHT_MEAS	entry_time	timestamp
IP_FLWSHT_MEAS	taken_user_id	string
IP_FLWSHT_MEAS	entry_user_id	string
IP_FLWSHT_MEAS	meas_value	string
IP_FLWSHT_MEAS	meas_comment	string
IP_FLWSHT_MEAS	edited_line	int
IP_FLWSHT_MEAS	isaccepted_yn	string
IP_FLWSHT_MEAS	cm_phy_owner_id	string
IP_FLWSHT_MEAS	cm_log_owner_id	string
IP_FLWSHT_MEAS	ip_significant_yn	string
IP_FLWSHT_MEAS	capture_device_id	string
IP_FLWSHT_MEAS	received_instant	timestamp
IP_FLWSHT_MEAS	chart_corr_id	decimal(18,0)
IP_FLWSHT_MEAS	autovalidate_yn	string
IP_FLWSHT_MEAS	needs_cosign_c	int
IP_FLWSHT_MEAS	flt_id	string
IP_FLWSHT_MEAS	flo_dat_used	decimal(8,2)
IP_FLWSHT_MEAS	meas_location	string
IP_FLWSHT_MEAS	update_date	timestamp
IP_FLWSHT_MEAS	flo_cnct_date_real	decimal(8,2)
IP_FLWSHT_MEAS	user_pended_by_id	string
IP_FLWSHT_MEAS	instant_pended_dttm	timestamp
IP_FLWSHT_MEAS	abnormal_c	int
IP_FLWSHT_MEAS	thrdprty_src_c	int
IP_FLWSHT_MEAS	pat_reported_status_c	int
IP_FLWSHT_MEAS	mypt_id	string
IP_FLWSHT_MEAS	documentation_source_c	int
IP_FLWSHT_MEAS	abnormal_type_c	int
IP_FLWSHT_MEAS	is_from_speech_yn	string
IP_FLWSHT_MEAS	flo_networked_ini	string
IP_FLWSHT_MEAS	dl_load_dt	date
IP_FLWSHT_MEAS	dl_load_ts	timestamp
IP_FLWSHT_MEAS	flo_category_ini	string
IP_FLWSHT_MEAS	flo_category_item	string
IP_FLWSHT_MEAS	flo_category_value	string
IP_FLWSHT_MEAS	doc_method_c	int
IP_FLWSHT_MEAS	macro_record_id	decimal(18,0)
IP_FLWSHT_MEAS	documenting_inpatient_data_id	string
IP_FLWSHT_MEAS	speech_entered_method_c	int
IP_FLWSHT_MEAS	client_app_target_c	int
IP_FLWSHT_MEAS	excluded_yn	string
IP_FLWSHT_REC	fsd_id	string
IP_FLWSHT_REC	inpatient_data_id	string
IP_FLWSHT_REC	record_date	timestamp
IP_FLWSHT_REC	cm_phy_owner_id	string
IP_FLWSHT_REC	cm_log_owner_id	string
IP_FLWSHT_REC	daily_net	decimal(18,5)
IP_FLWSHT_REC	update_date	timestamp
IP_FLWSHT_REC	pat_id	string
IP_FLWSHT_REC	rec_archived_yn	string
IP_FLWSHT_REC	unverified_daily_net	decimal(18,5)
IP_FLWSHT_REC	dl_load_dt	date
IP_FLWSHT_REC	dl_load_ts	timestamp
IP_FREQUENCY	freq_id	string
IP_FREQUENCY	freq_name	string
IP_FREQUENCY	freq_type	int
IP_FREQUENCY	applies_to	int
IP_FREQUENCY	number_of_times	double
IP_FREQUENCY	time_unit	int
IP_FREQUENCY	now_yn	string
IP_FREQUENCY	prn_yn	string
IP_FREQUENCY	end_of_range	int
IP_FREQUENCY	is_common_yn	string
IP_FREQUENCY	freq_period	int
IP_FREQUENCY	cm_phy_owner_id	string
IP_FREQUENCY	cm_log_owner_id	string
IP_FREQUENCY	dup_dose_int	int
IP_FREQUENCY	missed_dose_int	int
IP_FREQUENCY	ip_count	int
IP_FREQUENCY	ip_count_type_c	int
IP_FREQUENCY	end_duration	double
IP_FREQUENCY	until_discontinu_yn	string
IP_FREQUENCY	spec_type_c	int
IP_FREQUENCY	cycle_length	decimal(3,0)
IP_FREQUENCY	allow_change_day_yn	string
IP_FREQUENCY	record_state_c	int
IP_FREQUENCY	display_name	string
IP_FREQUENCY	generic_freq_id	string
IP_FREQUENCY	when_time_c	int
IP_FREQUENCY	prn_par_level	int
IP_FREQUENCY	keep_def_start_t_yn	string
IP_FREQUENCY	sel_do_not_disp_yn	string
IP_FREQUENCY	deliv_dest_dep_id	decimal(18,0)
IP_FREQUENCY	perday_multdays_yn	string
IP_FREQUENCY	max_interval	int
IP_FREQUENCY	until_specified_yn	string
IP_FREQUENCY	mar_restr_resch_yn	string
IP_FREQUENCY	restr_med_yn	string
IP_FREQUENCY	treat_continuous_yn	string
IP_FREQUENCY	notification_grouping_system_c	int
IP_FREQUENCY	dl_load_dt	date
IP_FREQUENCY	dl_load_ts	timestamp
IP_FREQUENCY	sig_time_unit_c	int
IP_LDA_NOADDSINGLE	ip_lda_id	string
IP_LDA_NOADDSINGLE	cm_phy_owner_id	string
IP_LDA_NOADDSINGLE	cm_log_owner_id	string
IP_LDA_NOADDSINGLE	pat_id	string
IP_LDA_NOADDSINGLE	pat_enc_csn_id	decimal(18,0)
IP_LDA_NOADDSINGLE	flo_meas_id	string
IP_LDA_NOADDSINGLE	removal_instant	timestamp
IP_LDA_NOADDSINGLE	placement_instant	timestamp
IP_LDA_NOADDSINGLE	fsd_id	string
IP_LDA_NOADDSINGLE	description	string
IP_LDA_NOADDSINGLE	properties_display	string
IP_LDA_NOADDSINGLE	site	string
IP_LDA_NOADDSINGLE	lda_group_cdr	double
IP_LDA_NOADDSINGLE	linked_supply_id	string
IP_LDA_NOADDSINGLE	removal_dttm	timestamp
IP_LDA_NOADDSINGLE	rec_archived_yn	string
IP_LDA_NOADDSINGLE	trip_region_id	decimal(18,0)
IP_LDA_NOADDSINGLE	trip_begin_date	timestamp
IP_LDA_NOADDSINGLE	trip_end_date	timestamp
IP_LDA_NOADDSINGLE	trip_date_approx_c	int
IP_LDA_NOADDSINGLE	trip_pat_entered_yn	string
IP_LDA_NOADDSINGLE	avatar_property_override_yn	string
IP_LDA_NOADDSINGLE	avatar_record_id	decimal(18,0)
IP_LDA_NOADDSINGLE	avatar_calculated_record_id	decimal(18,0)
IP_LDA_NOADDSINGLE	recorded_dttm	timestamp
IP_LDA_NOADDSINGLE	avatar_x_coordinate	decimal(18,12)
IP_LDA_NOADDSINGLE	avatar_y_coordinate	decimal(18,12)
IP_LDA_NOADDSINGLE	added_to_background_avatar_c	int
IP_LDA_NOADDSINGLE	avatar_orient_c	int
IP_LDA_NOADDSINGLE	dl_load_dt	date
IP_LDA_NOADDSINGLE	dl_load_ts	timestamp
IP_NURSE_NOTES	inpatient_data_id	string
IP_NURSE_NOTES	line	int
IP_NURSE_NOTES	cm_phy_owner_id	string
IP_NURSE_NOTES	cm_log_owner_id	string
IP_NURSE_NOTES	nurse_note_type_c	int
IP_NURSE_NOTES	nurse_note_status_c	int
IP_NURSE_NOTES	nurse_author_id	string
IP_NURSE_NOTES	nurse_note_inst_tm	timestamp
IP_NURSE_NOTES	nurse_note_text	string
IP_NURSE_NOTES	nurse_note_copied	string
IP_NURSE_NOTES	sr_priority_c	string
IP_NURSE_NOTES	nurse_note_rich_text	string
IP_NURSE_NOTES	dl_load_dt	date
IP_NURSE_NOTES	dl_load_ts	timestamp
IP_ORDER_REC	event_id	string
IP_ORDER_REC	line	int
IP_ORDER_REC	cm_phy_owner_id	string
IP_ORDER_REC	cm_log_owner_id	string
IP_ORDER_REC	recon_ord_id	decimal(18,0)
IP_ORDER_REC	event_line_num	decimal(18,0)
IP_ORDER_REC	rec_action_c	int
IP_ORDER_REC	rec_reorder_id	decimal(18,0)
IP_ORDER_REC	rec_comment	string
IP_ORDER_REC	rec_last_dose_c	int
IP_ORDER_REC	discontinue_rsn_c	int
IP_ORDER_REC	resume_reason_c	int
IP_ORDER_REC	stop_taking_rsn_c	int
IP_ORDER_REC	remove_reason_c	int
IP_ORDER_REC	cancel_reason_c	string
IP_ORDER_REC	rec_last_dose_time	string
IP_ORDER_REC	suspend_rsn_c	int
IP_ORDER_REC	taking_bef_adm_c	int
IP_ORDER_REC	ordrec_sort_poc_c	int
IP_ORDER_REC	ip_ordrec_rev_hrs	double
IP_ORDER_REC	ip_ordrec_rev_exp_dttm	timestamp
IP_ORDER_REC	discontinue_note	string
IP_ORDER_REC	order_rec_hold_action_c	int
IP_ORDER_REC	hold_info_line_number	int
IP_ORDER_REC	dl_load_dt	date
IP_ORDER_REC	dl_load_ts	timestamp
IP_ORDER_REC	ord_rec_act_button_c	int
ISOLATIONS	isolation_id	decimal(18,0)
ISOLATIONS	cm_phy_owner_id	string
ISOLATIONS	cm_log_owner_id	string
ISOLATIONS	record_status_2_c	int
ISOLATIONS	pat_id	string
ISOLATIONS	pat_enc_csn_id	decimal(18,0)
ISOLATIONS	isolation_c	int
ISOLATIONS	isolation_status_c	int
ISOLATIONS	how_iso_added_c	int
ISOLATIONS	isolation_order_id	decimal(18,0)
ISOLATIONS	added_utc_dttm	timestamp
ISOLATIONS	added_user_id	string
ISOLATIONS	removed_utc_dttm	timestamp
ISOLATIONS	removed_user_id	string
ISOLATIONS	comments	string
ISOLATIONS	record_creation_date	timestamp
ISOLATIONS	added_local_dttm	timestamp
ISOLATIONS	removed_local_dttm	timestamp
ISOLATIONS	infection_links_calculated_yn	string
ISOLATIONS	dl_load_dt	date
ISOLATIONS	dl_load_ts	timestamp
LAB_AP_MULT	requisition_id	string
LAB_AP_MULT	line	string
LAB_AP_MULT	cm_phy_owner_id	string
LAB_AP_MULT	cm_log_owner_id	string
LAB_AP_MULT	ap_case_hold_c	string
LAB_AP_MULT	dl_load_dt	date
LAB_AP_MULT	dl_load_ts	timestamp
LAB_CASE_DB_MAIN	case_id	decimal(18,0)
LAB_CASE_DB_MAIN	cm_phy_owner_id	string
LAB_CASE_DB_MAIN	cm_log_owner_id	string
LAB_CASE_DB_MAIN	case_accession_dttm	timestamp
LAB_CASE_DB_MAIN	case_received_dttm	timestamp
LAB_CASE_DB_MAIN	case_overdue_dttm	timestamp
LAB_CASE_DB_MAIN	case_pat_id	string
LAB_CASE_DB_MAIN	case_grouper_id	decimal(18,0)
LAB_CASE_DB_MAIN	case_pat_contact	string
LAB_CASE_DB_MAIN	case_lab_id	string
LAB_CASE_DB_MAIN	date_entr_dt	timestamp
LAB_CASE_DB_MAIN	case_coll_dttm	timestamp
LAB_CASE_DB_MAIN	case_signout_dttm	timestamp
LAB_CASE_DB_MAIN	container_id	string
LAB_CASE_DB_MAIN	case_task_add_dttm	timestamp
LAB_CASE_DB_MAIN	instant_pat_assoc_utc_dttm	timestamp
LAB_CASE_DB_MAIN	case_subspecialty_c	int
LAB_CASE_DB_MAIN	assigned_path_user_id	string
LAB_CASE_DB_MAIN	assigned_cytotech_user_id	string
LAB_CASE_DB_MAIN	last_task_added_utc_dttm	timestamp
LAB_CASE_DB_MAIN	case_accession_utc_dttm	timestamp
LAB_CASE_DB_MAIN	pat_assoc_dttm	timestamp
LAB_CASE_DB_MAIN	primary_specimen_id	string
LAB_CASE_DB_MAIN	service_line_providerteam_id	decimal(18,0)
LAB_CASE_DB_MAIN	prim_spec_ovride_user_id	string
LAB_CASE_DB_MAIN	prim_spec_ovride_utc_dttm	timestamp
LAB_CASE_DB_MAIN	ctzn_ovride_user_id	string
LAB_CASE_DB_MAIN	ctzn_ovride_utc_dttm	timestamp
LAB_CASE_DB_MAIN	dl_load_dt	date
LAB_CASE_DB_MAIN	dl_load_ts	timestamp
LAB_CASE_INFO	requisition_id	decimal(18,0)
LAB_CASE_INFO	line	int
LAB_CASE_INFO	cm_phy_owner_id	string
LAB_CASE_INFO	cm_log_owner_id	string
LAB_CASE_INFO	case_type_id	string
LAB_CASE_INFO	case_num	string
LAB_CASE_INFO	ap_case_status_c	int
LAB_CASE_INFO	dl_load_dt	date
LAB_CASE_INFO	dl_load_ts	timestamp
LAB_CASE_RESULT_DX	case_id	decimal(18,0)
LAB_CASE_RESULT_DX	line	int
LAB_CASE_RESULT_DX	cm_phy_owner_id	string
LAB_CASE_RESULT_DX	cm_log_owner_id	string
LAB_CASE_RESULT_DX	result_dx_id	decimal(18,0)
LAB_CASE_RESULT_DX	dl_load_dt	date
LAB_CASE_RESULT_DX	dl_load_ts	timestamp
LAB_PROFILE	lab_id	string
LAB_PROFILE	lab_name	string
LAB_PROFILE	lab_abbr	string
LAB_PROFILE	ldf_type_c	int
LAB_PROFILE	lab_status_c	int
LAB_PROFILE	lab_link_dep_id	decimal(18,0)
LAB_PROFILE	lab_llb_id	decimal(18,0)
LAB_PROFILE	external_lab_yn	string
LAB_PROFILE	interfaced_lab_yn	string
LAB_PROFILE	cm_phy_owner_id	string
LAB_PROFILE	cm_log_owner_id	string
LAB_PROFILE	cm_ct_owner_id	string
LAB_PROFILE	lab_date	timestamp
LAB_PROFILE	external_lab_url	string
LAB_PROFILE	is_user_auth_yn	string
LAB_PROFILE	def_hld_to_apply_c	int
LAB_PROFILE	display_warn_msg_yn	string
LAB_PROFILE	suscept_rules_id	decimal(18,0)
LAB_PROFILE	spec_track_enabl_yn	string
LAB_PROFILE	prv_rslt_usr_vrfy_c	int
LAB_PROFILE	no_rel_unsol_qc_yn	string
LAB_PROFILE	res_by_ext_lab_yn	string
LAB_PROFILE	tat_basis_c	int
LAB_PROFILE	res_upd_corr_rsn_c	int
LAB_PROFILE	interf_id_type_id	decimal(18,0)
LAB_PROFILE	recalc_disp_dt_yn	string
LAB_PROFILE	auto_dispose_yn	string
LAB_PROFILE	hold_inherit_c	int
LAB_PROFILE	ap_chrg_review_yn	string
LAB_PROFILE	ap_chrg_review_c	int
LAB_PROFILE	auto_cpt_pb_c	int
LAB_PROFILE	crit_push_prelim_rule_id	string
LAB_PROFILE	crit_push_prelim_uncall_yn	string
LAB_PROFILE	crit_push_prelim_disable_yn	string
LAB_PROFILE	crit_push_final_rule_id	string
LAB_PROFILE	crit_push_final_uncall_yn	string
LAB_PROFILE	crit_push_final_disable_yn	string
LAB_PROFILE	crit_suppress_creat_ol_row_yn	string
LAB_PROFILE	dl_load_dt	date
LAB_PROFILE	dl_load_ts	timestamp
LAB_SECTION	section_id	string
LAB_SECTION	ldf_type_c	int
LAB_SECTION	lab_id	string
LAB_SECTION	section_name	string
LAB_SECTION	section_abbr	string
LAB_SECTION	section_status_c	int
LAB_SECTION	otstnd_list_refresh	int
LAB_SECTION	llb_lab_id	decimal(18,0)
LAB_SECTION	cm_phy_owner_id	string
LAB_SECTION	cm_log_owner_id	string
LAB_SECTION	cm_ct_owner_id	string
LAB_SECTION	lab_date	timestamp
LAB_SECTION	crit_push_prelim_rule_id	string
LAB_SECTION	crit_push_prelim_uncall_yn	string
LAB_SECTION	crit_push_prelim_disable_yn	string
LAB_SECTION	crit_push_final_rule_id	string
LAB_SECTION	crit_push_final_uncall_yn	string
LAB_SECTION	crit_push_final_disable_yn	string
LAB_SECTION	crit_suppress_creat_ol_row_yn	string
LAB_SECTION	dl_load_dt	date
LAB_SECTION	dl_load_ts	timestamp
LAB_SMT_NOADD	record_id	decimal(18,0)
LAB_SMT_NOADD	cm_phy_owner_id	string
LAB_SMT_NOADD	cm_log_owner_id	string
LAB_SMT_NOADD	record_name	string
LAB_SMT_NOADD	record_status_c	int
LAB_SMT_NOADD	parent_submitter_id	decimal(18,0)
LAB_SMT_NOADD	share_pat_yn	string
LAB_SMT_NOADD	emr_participant_c	int
LAB_SMT_NOADD	default_bill_mthd_c	int
LAB_SMT_NOADD	lock_def_bill_to_yn	string
LAB_SMT_NOADD	ques_ans_1_c	int
LAB_SMT_NOADD	ques_ans_2_c	int
LAB_SMT_NOADD	ques_ans_3_c	int
LAB_SMT_NOADD	ques_ans_4_c	int
LAB_SMT_NOADD	ques_ans_5_c	int
LAB_SMT_NOADD	record_creation_dt	timestamp
LAB_SMT_NOADD	instant_update_time	timestamp
LAB_SMT_NOADD	time_zone_c	int
LAB_SMT_NOADD	waypoint_submitter_yn	string
LAB_SMT_NOADD	donation_facility_type_c	int
LAB_SMT_NOADD	dl_load_dt	date
LAB_SMT_NOADD	dl_load_ts	timestamp
LD_COMPLICATIONS	summary_block_id	decimal(18,0)
LD_COMPLICATIONS	line	int
LD_COMPLICATIONS	cm_phy_owner_id	string
LD_COMPLICATIONS	cm_log_owner_id	string
LD_COMPLICATIONS	ld_complications_c	int
LD_COMPLICATIONS	dl_load_dt	date
LD_COMPLICATIONS	dl_load_ts	timestamp
LENGTH_OF_STAY	pat_enc_csn_id	decimal(18,0)
LENGTH_OF_STAY	pat_id	string
LENGTH_OF_STAY	pat_enc_date_real	double
LENGTH_OF_STAY	contact_date	timestamp
LENGTH_OF_STAY	cm_ct_owner_id	string
LENGTH_OF_STAY	length_of_stay_days	int
LENGTH_OF_STAY	length_of_stay_mins	int
LENGTH_OF_STAY	inpatient_days	int
LENGTH_OF_STAY	dl_load_dt	date
LENGTH_OF_STAY	dl_load_ts	timestamp
LINKED_CHARGEABLES	proc_id	decimal(18,0)
LINKED_CHARGEABLES	contact_date_real	double
LINKED_CHARGEABLES	line	int
LINKED_CHARGEABLES	contact_date	timestamp
LINKED_CHARGEABLES	cm_ct_owner_id	string
LINKED_CHARGEABLES	linked_chrg_id	decimal(18,0)
LINKED_CHARGEABLES	chrg_link_type_c	int
LINKED_CHARGEABLES	charge_type_c	int
LINKED_CHARGEABLES	lnk_charge_mods	string
LINKED_CHARGEABLES	chg_rule_id	string
LINKED_CHARGEABLES	chg_ovride_lpp_id	decimal(18,0)
LINKED_CHARGEABLES	dl_load_dt	date
LINKED_CHARGEABLES	dl_load_ts	timestamp
LNC_DB_MAIN	record_id	decimal(18,0)
LNC_DB_MAIN	cm_phy_owner_id	string
LNC_DB_MAIN	cm_log_owner_id	string
LNC_DB_MAIN	loinc_code_nm	string
LNC_DB_MAIN	record_status_c	int
LNC_DB_MAIN	lnc_rec_typ_c	int
LNC_DB_MAIN	lnc_ver	string
LNC_DB_MAIN	lnc_ver_dt	timestamp
LNC_DB_MAIN	lnc_full_nam	string
LNC_DB_MAIN	lnc_code	string
LNC_DB_MAIN	lnc_compon	string
LNC_DB_MAIN	lnc_property_c	int
LNC_DB_MAIN	lnc_tm_aspct_c	int
LNC_DB_MAIN	lnc_tm_aspct_val_c	int
LNC_DB_MAIN	lnc_calc_duratn	int
LNC_DB_MAIN	lnc_tm_aspct_mod_c	int
LNC_DB_MAIN	lnc_sys	string
LNC_DB_MAIN	lnc_super_sys	string
LNC_DB_MAIN	lnc_scale_c	int
LNC_DB_MAIN	lnc_mthd	string
LNC_DB_MAIN	lnc_class	string
LNC_DB_MAIN	lnc_lst_chng_dt	timestamp
LNC_DB_MAIN	lnc_chng_typ_c	int
LNC_DB_MAIN	lnc_stat_c	int
LNC_DB_MAIN	lnc_map_lnc_id	decimal(18,0)
LNC_DB_MAIN	lnc_scope	string
LNC_DB_MAIN	lnc_norm_range	string
LNC_DB_MAIN	lnc_ipcc_unit	string
LNC_DB_MAIN	lnc_exct_compon_syn	string
LNC_DB_MAIN	lnc_molar_mass	decimal(18,2)
LNC_DB_MAIN	lnc_class_typ_c	int
LNC_DB_MAIN	lnc_formula	string
LNC_DB_MAIN	lnc_base_nam	string
LNC_DB_MAIN	lnc_final_yn	string
LNC_DB_MAIN	lnc_naaccr	string
LNC_DB_MAIN	lnc_cancer_reg_id	string
LNC_DB_MAIN	lnc_set_root_yn	string
LNC_DB_MAIN	lnc_srvy_quesn_txt	string
LNC_DB_MAIN	lnc_srvy_quesn_src	string
LNC_DB_MAIN	lnc_units_req_yn	string
LNC_DB_MAIN	lnc_submt_unit	string
LNC_DB_MAIN	lnc_short_nam	string
LNC_DB_MAIN	lnc_ord_obsrvtn_c	int
LNC_DB_MAIN	lnc_cdisc_yn	string
LNC_DB_MAIN	lnc_hl7_field	string
LNC_DB_MAIN	lnc_example_unit	string
LNC_DB_MAIN	record_creation_dt	timestamp
LNC_DB_MAIN	instant_of_upd_dttm	timestamp
LNC_DB_MAIN	lnc_consumer_name	string
LNC_DB_MAIN	lnc_inpc_pcent	decimal(15,12)
LNC_DB_MAIN	lnc_long_name	string
LNC_DB_MAIN	loinc_hl7_v2_type	string
LNC_DB_MAIN	lnc_hl7_v3_type_c	int
LNC_DB_MAIN	lnc_curated_unit	string
LNC_DB_MAIN	lnc_doc_sec_c	int
LNC_DB_MAIN	lnc_ucum_unit	string
LNC_DB_MAIN	lnc_si_ucum_unit	string
LNC_DB_MAIN	lnc_stat_reasn_c	int
LNC_DB_MAIN	lnc_stat_text	string
LNC_DB_MAIN	lnc_chg_rson_public	string
LNC_DB_MAIN	lnc_cmn_test_rank	int
LNC_DB_MAIN	lnc_cmn_ord_rank	int
LNC_DB_MAIN	dl_load_dt	date
LNC_DB_MAIN	dl_load_ts	timestamp
MAJOR_RULES	acuity_system_id	decimal(18,0)
MAJOR_RULES	line	int
MAJOR_RULES	cm_phy_owner_id	string
MAJOR_RULES	cm_log_owner_id	string
MAJOR_RULES	major_rules_id	string
MAJOR_RULES	linked_rule_type_c	int
MAJOR_RULES	dl_load_dt	date
MAJOR_RULES	dl_load_ts	timestamp
MAR_ADMIN_ALERT	order_med_id	decimal(18,0)
MAR_ADMIN_ALERT	group_line	int
MAR_ADMIN_ALERT	value_line	int
MAR_ADMIN_ALERT	cm_phy_owner_id	string
MAR_ADMIN_ALERT	cm_log_owner_id	string
MAR_ADMIN_ALERT	mar_alert_id	decimal(18,0)
MAR_ADMIN_ALERT	dl_load_dt	date
MAR_ADMIN_ALERT	dl_load_ts	timestamp
MAR_ADMIN_INFO	order_med_id	decimal(18,0)
MAR_ADMIN_INFO	line	int
MAR_ADMIN_INFO	cm_phy_owner_id	string
MAR_ADMIN_INFO	cm_log_owner_id	string
MAR_ADMIN_INFO	taken_time	timestamp
MAR_ADMIN_INFO	mar_orig_due_tm	timestamp
MAR_ADMIN_INFO	edited_line	int
MAR_ADMIN_INFO	scheduled_time	timestamp
MAR_ADMIN_INFO	saved_time	timestamp
MAR_ADMIN_INFO	mar_schd_dttm	timestamp
MAR_ADMIN_INFO	mar_time_source_c	int
MAR_ADMIN_INFO	mar_action_c	string
MAR_ADMIN_INFO	mar_enc_csn	decimal(18,0)
MAR_ADMIN_INFO	mar_unit_num	string
MAR_ADMIN_INFO	user_id	string
MAR_ADMIN_INFO	sec_user_id	string
MAR_ADMIN_INFO	mar_doc_user_id	string
MAR_ADMIN_INFO	sig	string
MAR_ADMIN_INFO	route_c	int
MAR_ADMIN_INFO	comments	string
MAR_ADMIN_INFO	reason_c	int
MAR_ADMIN_INFO	site_c	int
MAR_ADMIN_INFO	infusion_rate	string
MAR_ADMIN_INFO	mar_inf_rate_unit_c	int
MAR_ADMIN_INFO	dose_unit_c	int
MAR_ADMIN_INFO	mar_duration	string
MAR_ADMIN_INFO	mar_duration_unit_c	int
MAR_ADMIN_INFO	device_id	string
MAR_ADMIN_INFO	dev_recv_time	timestamp
MAR_ADMIN_INFO	idfy_dev_data_c	int
MAR_ADMIN_INFO	mar_imm_link_id	decimal(18,0)
MAR_ADMIN_INFO	req_flo_reason_c	int
MAR_ADMIN_INFO	ovrd_link_status_c	int
MAR_ADMIN_INFO	mar_ovrd_lnk_usr_id	string
MAR_ADMIN_INFO	flo_doc_missing_yn	string
MAR_ADMIN_INFO	chart_corr_id	decimal(18,0)
MAR_ADMIN_INFO	mar_admin_dept_id	decimal(18,0)
MAR_ADMIN_INFO	mar_cosign_compl_yn	string
MAR_ADMIN_INFO	mar_ord_dat	decimal(18,2)
MAR_ADMIN_INFO	scan_mode_yn	string
MAR_ADMIN_INFO	due_action_c	string
MAR_ADMIN_INFO	mar_billing_prov_id	string
MAR_ADMIN_INFO	pat_supplied_yn	string
MAR_ADMIN_INFO	pending_type_c	int
MAR_ADMIN_INFO	med_override_count	int
MAR_ADMIN_INFO	pat_override_count	int
MAR_ADMIN_INFO	med_ovride_alert_id	decimal(18,0)
MAR_ADMIN_INFO	pat_ovride_alert_id	decimal(18,0)
MAR_ADMIN_INFO	pat_scancomp_c	int
MAR_ADMIN_INFO	med_scancomp_c	int
MAR_ADMIN_INFO	bcma_pat_scancomp_c	int
MAR_ADMIN_INFO	bcma_med_scancomp_c	int
MAR_ADMIN_INFO	mar_blood_info_ln	int
MAR_ADMIN_INFO	was_timely_admin_c	int
MAR_ADMIN_INFO	client_src_c	int
MAR_ADMIN_INFO	subsequent_parent	int
MAR_ADMIN_INFO	subsequent_children	int
MAR_ADMIN_INFO	subsequent_info_dat	int
MAR_ADMIN_INFO	cyclic_rate_parent_line	int
MAR_ADMIN_INFO	ddd_value	decimal(18,4)
MAR_ADMIN_INFO	morphine_equiv_mg_dose	decimal(18,3)
MAR_ADMIN_INFO	morphine_equiv_mg_per_hr_rate	decimal(18,3)
MAR_ADMIN_INFO	original_amount	string
MAR_ADMIN_INFO	original_unit_c	int
MAR_ADMIN_INFO	mar_ord_contact_date_real	double
MAR_ADMIN_INFO	concentration	string
MAR_ADMIN_INFO	dur_based_parent_line	int
MAR_ADMIN_INFO	dur_based_child_line	int
MAR_ADMIN_INFO	cyclic_rate_child_line	int
MAR_ADMIN_INFO	cup_ident	string
MAR_ADMIN_INFO	cup_scancomp_c	int
MAR_ADMIN_INFO	cup_scan_status_c	int
MAR_ADMIN_INFO	dl_load_dt	date
MAR_ADMIN_INFO	dl_load_ts	timestamp
MAR_ADMIN_INFO	scheduled_dose_unit_c	int
MAR_ADMIN_INFO	scheduled_dose	string
MAR_ADMIN_INFO	scheduled_amount	string
MAR_ADMIN_INFO	scheduled_amount_unit_c	int
MAR_ADMIN_INFO	cup_ovride_alert_id	decimal(18,0)
MAR_ADMIN_INFO	bcma_cup_scancomp_c	int
MAR_ADMIN_INFO	multiline_sig_period	varchar(50)
MAR_ADMIN_INFO	multiline_sig_part	varchar(50)
MAR_ADMIN_INFO	mar_pend_user_id	varchar(18)
MAR_ADMIN_INFO	mar_pend_second_user_id	varchar(18)
MAR_ADMIN_INFO	tci_concentration	varchar(184)
MAR_ADMIN_INFO	tci_concentration_unit_c	int
MAR_ADMIN_INFO	tci_model_c	int
MAR_ADMIN_INFO	tci_target_c	int
MAR_ADMIN_INFO	hold_dur_doses	int
MAR_ADMIN_INFO	hold_dur_inst_dttm	timestamp
MAR_ADMIN_INFO	hold_dur_return	int
MAR_ADMIN_INFO	mar_psp_ident	varchar(180)
MAR_ADMIN_INFO	psp_scancomp_c	int
MAR_ADMIN_INFO	psp_ovride_alert_id	decimal(18,0)
MAR_ADMIN_INFO	bcma_psp_scancomp_c	int
MAR_ADMIN_INFO	dur_based_parent_order_id	decimal(18,0)
MAR_ADMIN_INFO	mar_dual_sign_source_c	int
MAR_ADMIN_INFO	pended_due_action_c	string
MAR_ADMIN_INFO	taken_utc_dttm	timestamp
MAR_ADMIN_INFO	saved_utc_dttm	timestamp
MAR_ADMIN_INFO	mar_orig_due_utc_dttm	timestamp
MAR_ADMIN_INFO	an_bcma_med_scancomp_c	int
MAR_FSD_LINK	order_med_id	decimal(18,0)
MAR_FSD_LINK	group_line	int
MAR_FSD_LINK	value_line	int
MAR_FSD_LINK	cm_phy_owner_id	string
MAR_FSD_LINK	cm_log_owner_id	string
MAR_FSD_LINK	mar_flo_fsd_id	string
MAR_FSD_LINK	dl_load_dt	date
MAR_FSD_LINK	dl_load_ts	timestamp
MAR_FSD_LINK_LINE	order_med_id	decimal(18,0)
MAR_FSD_LINK_LINE	group_line	int
MAR_FSD_LINK_LINE	value_line	int
MAR_FSD_LINK_LINE	cm_phy_owner_id	string
MAR_FSD_LINK_LINE	cm_log_owner_id	string
MAR_FSD_LINK_LINE	mar_flo_fsd_line	int
MAR_FSD_LINK_LINE	dl_load_dt	date
MAR_FSD_LINK_LINE	dl_load_ts	timestamp
MAR_FSD_LINK_LINE	line	int
MAR_FSD_LINK_LINE	note_csn_id	decimal(18,0)
MAR_FSD_LINK_LINE	note_id	string
MAR_FSD_LINK_LINE	contact_date_real	double
MAR_FSD_LINK_LINE	contact_date	timestamp
MAR_FSD_LINK_LINE	cm_ct_owner_id	string
MAR_FSD_LINK_LINE	chron_item_num	int
MAR_FSD_LINK_LINE	note_text	string
MAR_FSD_LINK_LINE	is_archived_yn	string
MAR_OVRD_LINK	order_med_id	decimal(18,0)
MAR_OVRD_LINK	group_line	int
MAR_OVRD_LINK	value_line	int
MAR_OVRD_LINK	cm_phy_owner_id	string
MAR_OVRD_LINK	cm_log_owner_id	string
MAR_OVRD_LINK	ovrd_lnk_order_id	decimal(18,0)
MAR_OVRD_LINK	dl_load_dt	date
MAR_OVRD_LINK	dl_load_ts	timestamp
MDS_RECS	registry_data_id	decimal(18,0)
MDS_RECS	cm_phy_owner_id	string
MDS_RECS	cm_log_owner_id	string
MDS_RECS	record_status_c	int
MDS_RECS	registry_id	decimal(18,0)
MDS_RECS	registry_type_c	int
MDS_RECS	pat_id	string
MDS_RECS	ard_target_date	timestamp
MDS_RECS	cur_stat_c	int
MDS_RECS	cur_stat_user_id	string
MDS_RECS	cur_stat_dttm	timestamp
MDS_RECS	mds_rec_type_c	string
MDS_RECS	ard_user_id	string
MDS_RECS	ard_dttm	timestamp
MDS_RECS	mds_rec_type_user_id	string
MDS_RECS	mds_rec_type_dttm	timestamp
MDS_RECS	obra_type_c	string
MDS_RECS	obra_type_user_id	string
MDS_RECS	obra_type_dttm	timestamp
MDS_RECS	pps_type_c	string
MDS_RECS	pps_type_user_id	string
MDS_RECS	pps_type_dttm	timestamp
MDS_RECS	omra_type_c	string
MDS_RECS	omra_type_user_id	string
MDS_RECS	omra_type_dttm	timestamp
MDS_RECS	mds_reqt_c	string
MDS_RECS	mds_reqt_user_id	string
MDS_RECS	mds_reqt_dttm	timestamp
MDS_RECS	entry_dischrg_c	string
MDS_RECS	entry_dischrg_user_id	string
MDS_RECS	entry_dischrg_dttm	timestamp
MDS_RECS	prev_corr_ard_dt	timestamp
MDS_RECS	prev_corr_ard_user_id	string
MDS_RECS	prev_corr_ard_dttm	timestamp
MDS_RECS	part_a_hipps	string
MDS_RECS	part_a_hipps_user_id	string
MDS_RECS	part_a_hipps_dttm	timestamp
MDS_RECS	part_a_rug_ver	string
MDS_RECS	part_a_rug_ver_user_id	string
MDS_RECS	part_a_rug_ver_dttm	timestamp
MDS_RECS	part_a_short_stay_yn	string
MDS_RECS	part_a_short_stay_user_id	string
MDS_RECS	part_a_short_stay_dttm	timestamp
MDS_RECS	part_a_nt_hipps	string
MDS_RECS	part_a_nt_hipps_user_id	string
MDS_RECS	part_a_nt_hipps_dttm	timestamp
MDS_RECS	part_a_nt_rug_ver	string
MDS_RECS	part_a_nt_rug_ver_user_id	string
MDS_RECS	part_a_nt_rug_ver_dttm	timestamp
MDS_RECS	state_rug_case_grp	string
MDS_RECS	state_rug_case_grp_user_id	string
MDS_RECS	state_rug_case_grp_dttm	timestamp
MDS_RECS	state_rug_ver	string
MDS_RECS	state_rug_ver_user_id	string
MDS_RECS	state_rug_ver_dttm	timestamp
MDS_RECS	alt_state_rug_grp	string
MDS_RECS	alt_state_rug_grp_user_id	string
MDS_RECS	alt_state_rug_grp_dttm	timestamp
MDS_RECS	alt_state_rug_ver	string
MDS_RECS	alt_state_rug_ver_user_id	string
MDS_RECS	alt_state_rug_ver_dttm	timestamp
MDS_RECS	insurance_rug_code	string
MDS_RECS	insurance_rug_user_id	string
MDS_RECS	insurance_rug_dttm	timestamp
MDS_RECS	insurance_rug_ver	string
MDS_RECS	insurance_rug_ver_user_id	string
MDS_RECS	insurance_rug_ver_dttm	timestamp
MDS_RECS	mod_prev_asmt_id	decimal(18,0)
MDS_RECS	caa_sig_user_id	string
MDS_RECS	caa_sig_dttm	timestamp
MDS_RECS	care_plan_sig_user_id	string
MDS_RECS	care_plan_sig_dttm	timestamp
MDS_RECS	corr_rn_ac_sig_user_id	string
MDS_RECS	corr_rn_ac_sig_dttm	timestamp
MDS_RECS	mds_state_c	string
MDS_RECS	mds_days_late	int
MDS_RECS	mds_assess_indic_c	string
MDS_RECS	billing_start_date	timestamp
MDS_RECS	billing_end_date	timestamp
MDS_RECS	rn_ac_comp_sig_dttm	timestamp
MDS_RECS	rn_ac_comp_sig_user_id	string
MDS_RECS	mds_exp_inst_dttm	timestamp
MDS_RECS	mds_exp_loc	string
MDS_RECS	mds_acc_rej_dt	timestamp
MDS_RECS	mds_rej_rsn_c	int
MDS_RECS	mds_region_c	int
MDS_RECS	mds_region_user_id	string
MDS_RECS	mds_region_inst_dttm	timestamp
MDS_RECS	orig_abstn_id	decimal(18,0)
MDS_RECS	pps_dischrg_yn	string
MDS_RECS	pps_dischrg_user_id	string
MDS_RECS	pps_dischrg_utc_dttm	timestamp
MDS_RECS	mds_opt_state_asmt_yn	string
MDS_RECS	mds_opt_state_asmt_user_id	string
MDS_RECS	mds_opt_state_asmt_utc_dttm	timestamp
MDS_RECS	mds_state_asmt_type_c	int
MDS_RECS	mds_state_asmt_type_user_id	string
MDS_RECS	mds_state_asmt_type_utc_dttm	timestamp
MDS_RECS	mds_version_dat	decimal(18,2)
MDS_RECS	mds_version_user_id	string
MDS_RECS	mds_version_utc_dttm	timestamp
MDS_RECS	dl_load_dt	date
MDS_RECS	dl_load_ts	timestamp
MED_DISPENSE	document_id	decimal(22,0)
MED_DISPENSE	contact_date_real	double
MED_DISPENSE	line	int
MED_DISPENSE	contact_date	timestamp
MED_DISPENSE	ext_drug_desp	string
MED_DISPENSE	ext_med_ref_id	string
MED_DISPENSE	ext_drud_id_str	string
MED_DISPENSE	ext_med_erx_id	decimal(18,0)
MED_DISPENSE	ext_med_smp_gen_c	string
MED_DISPENSE	ext_drug_code_sys	string
MED_DISPENSE	ext_drug_disp_inst_dttm	timestamp
MED_DISPENSE	ext_drug_disp_amt	int
MED_DISPENSE	ext_drug_disp_unit	string
MED_DISPENSE	ext_drug_unit_txt	string
MED_DISPENSE	ext_drug_dose_form	string
MED_DISPENSE	ext_drug_rx_num	string
MED_DISPENSE	ext_drug_dspprov_id	decimal(18,0)
MED_DISPENSE	ext_drug_prov_name	string
MED_DISPENSE	ext_drug_unit_str	string
MED_DISPENSE	ext_drug_phar_phon	string
MED_DISPENSE	ext_med_status_yn	string
MED_DISPENSE	ext_med_day_supply	int
MED_DISPENSE	ext_med_ordprov_id	string
MED_DISPENSE	ext_med_ord_provnam	string
MED_DISPENSE	ext_med_ent_org_nam	string
MED_DISPENSE	ext_med_ord_id	decimal(18,0)
MED_DISPENSE	ext_med_disp_unt_c	int
MED_DISPENSE	ext_med_daw_yn	string
MED_DISPENSE	ext_med_refills	string
MED_DISPENSE	ext_med_ref_remain	string
MED_DISPENSE	ext_med_quan_remain	int
MED_DISPENSE	ext_med_quan_rem_c	int
MED_DISPENSE	ext_med_dup_master	string
MED_DISPENSE	ext_med_msg_type_c	int
MED_DISPENSE	ext_med_pri_auth	string
MED_DISPENSE	ext_med_dose	string
MED_DISPENSE	ext_med_dose_unit_c	int
MED_DISPENSE	ext_med_freq_id	string
MED_DISPENSE	ext_med_route_c	int
MED_DISPENSE	ext_med_hist_c	int
MED_DISPENSE	written_date	timestamp
MED_DISPENSE	ext_med_src_dxr_csn	decimal(22,0)
MED_DISPENSE	disp_filter_rsn_c	int
MED_DISPENSE	ext_med_fill_stat_c	int
MED_DISPENSE	ext_med_fill_ref_num	string
MED_DISPENSE	ext_med_fill_note	string
MED_DISPENSE	ext_med_mixture_form_c	int
MED_DISPENSE	ext_med_was_substituted_yn	string
MED_DISPENSE	ext_med_is_cancellaton_yn	string
MED_DISPENSE	ext_dispense_cancellatn_ident	string
MED_DISPENSE	ext_med_concluded_yn	string
MED_DISPENSE	ext_med_max_dly_dose	string
MED_DISPENSE	ext_med_max_dly_dose_qtyunit_c	int
MED_DISPENSE	ext_med_prn_cmt	string
MED_DISPENSE	dl_load_dt	date
MED_DISPENSE	dl_load_ts	timestamp
MED_DISPENSE	ext_drug_dspprov_zip	string
MED_DISPENSE	ext_med_link	string
MED_DISPENSE	ext_drug_disp_inst_utc_dttm	timestamp
MED_DISPENSE	med_single_src_org_id	decimal(18,0)
MED_DISPENSE	disp_bulk_stat_c	int
MED_DISPENSE	disp_bulk_incl_date	timestamp
MED_DISPENSE	ext_drug_sold_date	timestamp
MED_DISPENSE	ext_med_dispenser	string
MED_DISPENSE	ext_med_treatment_ident	string
MED_DISPENSE	ext_med_fill_type	string
MED_DISPENSE	ext_med_sply_unit_qf_tm_unit_c	int
MED_DISPENSE	ext_med_sply	int
MED_DISPENSE	ext_med_route	string
MED_DISPENSE	ext_med_cycle_repeat_days	int
MED_DISPENSE	ext_med_dispenser_ref	string
MEDICAL_COND_INFO	medical_cond_id	decimal(18,0)
MEDICAL_COND_INFO	cm_phy_owner_id	string
MEDICAL_COND_INFO	cm_log_owner_id	string
MEDICAL_COND_INFO	medical_cond_name	string
MEDICAL_COND_INFO	record_state_c	int
MEDICAL_COND_INFO	external_id_type_c	int
MEDICAL_COND_INFO	external_identifier	string
MEDICAL_COND_INFO	repl_med_cond_id	decimal(18,0)
MEDICAL_COND_INFO	prod_type_ovride_c	int
MEDICAL_COND_INFO	fest_condition_number	string
MEDICAL_COND_INFO	fest_condition_group_c	int
MEDICAL_COND_INFO	fest_condition_user_c	int
MEDICAL_COND_INFO	fest_condition_from_date	timestamp
MEDICAL_COND_INFO	fest_condition_to_date	timestamp
MEDICAL_COND_INFO	protect_deleted_yn	string
MEDICAL_COND_INFO	dl_load_dt	date
MEDICAL_COND_INFO	dl_load_ts	timestamp
MEDICAL_HX	pat_id	string
MEDICAL_HX	pat_enc_date_real	double
MEDICAL_HX	line	int
MEDICAL_HX	contact_date	timestamp
MEDICAL_HX	end_hist_date_real	double
MEDICAL_HX	dx_id	decimal(18,0)
MEDICAL_HX	icd9_code	string
MEDICAL_HX	medical_hx_date	string
MEDICAL_HX	comments	string
MEDICAL_HX	cm_ct_owner_id	string
MEDICAL_HX	pat_enc_csn_id	decimal(18,0)
MEDICAL_HX	medical_hx_src_c	string
MEDICAL_HX	hx_lnk_enc_csn	decimal(18,0)
MEDICAL_HX	enc_icd_code	string
MEDICAL_HX	med_hx_annotation	string
MEDICAL_HX	med_hx_source_c	int
MEDICAL_HX	med_hx_start_dt	timestamp
MEDICAL_HX	med_hx_end_dt	timestamp
MEDICAL_HX	dl_load_dt	date
MEDICAL_HX	dl_load_ts	timestamp
MEDICAL_HX	med_hx_problem_list_id	decimal(18,0)
MEDS_REV_HX_LIST	pat_id	string
MEDS_REV_HX_LIST	contact_serial_num	decimal(18,0)
MEDS_REV_HX_LIST	line_count	int
MEDS_REV_HX_LIST	value_count	int
MEDS_REV_HX_LIST	medication_order_id	decimal(18,0)
MEDS_REV_HX_LIST	taking_yn	string
MEDS_REV_HX_LIST	cm_phy_owner_id	string
MEDS_REV_HX_LIST	cm_log_owner_id	string
MEDS_REV_HX_LIST	dl_load_dt	date
MEDS_REV_HX_LIST	dl_load_ts	timestamp
MEDS_REV_HX_LIST	time_source_status_c	int
MEDS_REV_HX_LIST	name	string
MEDS_REV_HX_LIST	title	string
MEDS_REV_HX_LIST	abbr	string
MEDS_REV_HX_LIST	internal_id	int
MPI_CSID_NUM	pat_enc_csn_id	decimal(18,0)
MPI_CSID_NUM	line	int
MPI_CSID_NUM	pat_id	string
MPI_CSID_NUM	pat_enc_date_real	double
MPI_CSID_NUM	contact_date	timestamp
MPI_CSID_NUM	cm_ct_owner_id	string
MPI_CSID_NUM	mpi_csid	string
MPI_CSID_NUM	mpi_csid_type_id	decimal(18,0)
MPI_CSID_NUM	mpi_start_utc_dttm	timestamp
MPI_CSID_NUM	mpi_end_utc_dttm	timestamp
MPI_CSID_NUM	mpi_csid_aip_id	string
MPI_CSID_NUM	dl_load_dt	date
MPI_CSID_NUM	dl_load_ts	timestamp
MPI_CSID_NUM	mpi_csid_change_line	int
MULT_DISC_DX	problem_id	string
MULT_DISC_DX	name	string
MULT_DISC_DX	system_c	int
MULT_DISC_DX	cm_phy_owner_id	string
MULT_DISC_DX	cm_log_owner_id	string
MULT_DISC_DX	record_status_c	int
MULT_DISC_DX	display_name	string
MULT_DISC_DX	dl_load_dt	date
MULT_DISC_DX	dl_load_ts	timestamp
MYC_MESG	message_id	string
MYC_MESG	created_time	timestamp
MYC_MESG	myc_msg_typ_c	string
MYC_MESG	parent_message_id	string
MYC_MESG	inbasket_msg_id	string
MYC_MESG	pat_id	string
MYC_MESG	pat_enc_date_real	double
MYC_MESG	from_user_id	string
MYC_MESG	to_user_id	string
MYC_MESG	tofrom_pat_c	int
MYC_MESG	notallow_reply_yn	string
MYC_MESG	reply_direct_yn	string
MYC_MESG	original_to	string
MYC_MESG	modified_to	string
MYC_MESG	rqstd_pharmacy_id	decimal(18,0)
MYC_MESG	smtp_sent_time	timestamp
MYC_MESG	smtp_email	string
MYC_MESG	smtp_result_code	string
MYC_MESG	smtp_response	string
MYC_MESG	proxy_pat_id	string
MYC_MESG	update_date	timestamp
MYC_MESG	request_subject	string
MYC_MESG	prov_id	string
MYC_MESG	department_id	decimal(18,0)
MYC_MESG	resp_meth_c	int
MYC_MESG	resp_info	string
MYC_MESG	subject	string
MYC_MESG	confidential_yn	string
MYC_MESG	pat_owner_id	string
MYC_MESG	cm_phy_owner_id	string
MYC_MESG	cm_log_owner_id	string
MYC_MESG	pat_enc_csn_id	decimal(18,0)
MYC_MESG	not_handled_time	timestamp
MYC_MESG	final_handled_time	timestamp
MYC_MESG	final_audit_line	int
MYC_MESG	target_depl_id	string
MYC_MESG	eow_read_status_c	int
MYC_MESG	bill_acct_id	decimal(18,0)
MYC_MESG	bill_acct_type_c	int
MYC_MESG	bill_acct_har_id	decimal(18,0)
MYC_MESG	related_message_id	string
MYC_MESG	proxy_wpr_id	string
MYC_MESG	wpr_owner_wpr_id	string
MYC_MESG	cr_tx_card_id	decimal(18,0)
MYC_MESG	cr_tx_merchant_id	decimal(18,0)
MYC_MESG	cr_tx_mypt_id	string
MYC_MESG	cr_tx_amount_auth	decimal(18,2)
MYC_MESG	incl_viewers_c	int
MYC_MESG	pat_hx_quesr_id	string
MYC_MESG	hx_quesr_context_c	int
MYC_MESG	hx_quesr_prov_id	string
MYC_MESG	hx_quesr_encprov_id	string
MYC_MESG	hx_quesr_appt_dat	int
MYC_MESG	hx_quesr_filed_yn	string
MYC_MESG	delivery_dttm	timestamp
MYC_MESG	record_status_c	int
MYC_MESG	outbox_pat_id	string
MYC_MESG	inbox_pat_id	string
MYC_MESG	inst_upd_dttm	timestamp
MYC_MESG	cr_tx_type_c	int
MYC_MESG	hx_quesr_review_yn	string
MYC_MESG	quesr_ans_method_id	decimal(18,0)
MYC_MESG	hx_quesr_enc_csn_id	decimal(18,0)
MYC_MESG	outreach_run_id	decimal(18,0)
MYC_MESG	renewal_req_src_c	int
MYC_MESG	req_pharm_free_text	string
MYC_MESG	frm_pat_to_name	string
MYC_MESG	unread_notif_utc_dttm	timestamp
MYC_MESG	unread_notif_hx_utc_dttm	timestamp
MYC_MESG	to_pat_frm_name	string
MYC_MESG	fin_asst_tracker_id	decimal(18,0)
MYC_MESG	hx_quesr_edit_mypt_id	string
MYC_MESG	hx_quesr_edit_inst_dttm	timestamp
MYC_MESG	business_days_to_handle	int
MYC_MESG	is_auto_yn	string
MYC_MESG	referral_id	decimal(18,0)
MYC_MESG	comm_id	decimal(18,0)
MYC_MESG	auth_request_id	decimal(18,0)
MYC_MESG	info_req_csn_id	decimal(18,0)
MYC_MESG	dl_load_dt	date
MYC_MESG	dl_load_ts	timestamp
MYC_MESG	non_hx_quesr_with_hx_data_yn	varchar(1)
MYC_MESG	pat_dtree_answer_id	varchar(18)
MYC_MESG	msg_forall_author_yn	varchar(1)
MYC_MESG	outreach_csn_id	decimal(18,0)
MYC_MESG	hx_quesr_filed_user_id	string
MYC_MESG	hx_quesr_filed_local_dttm	timestamp
MYC_MESG	mesg_source_workflow_c	int
MYC_MESG	bdsd_update_tag_c	int
MYC_MESG	character_cnt	int
MYC_MESG_RCP_POOL	message_id	string
MYC_MESG_RCP_POOL	line	int
MYC_MESG_RCP_POOL	cm_phy_owner_id	string
MYC_MESG_RCP_POOL	cm_log_owner_id	string
MYC_MESG_RCP_POOL	ib_pool_recip_id	decimal(18,0)
MYC_MESG_RCP_POOL	dl_load_dt	date
MYC_MESG_RCP_POOL	dl_load_ts	timestamp
MYC_MESG_RCP_STAFF	message_id	string
MYC_MESG_RCP_STAFF	line	int
MYC_MESG_RCP_STAFF	cm_phy_owner_id	string
MYC_MESG_RCP_STAFF	cm_log_owner_id	string
MYC_MESG_RCP_STAFF	ib_staff_recip_id	string
MYC_MESG_RCP_STAFF	dl_load_dt	date
MYC_MESG_RCP_STAFF	dl_load_ts	timestamp
MYC_PAT_NOTE_VIEW	note_id	string
MYC_PAT_NOTE_VIEW	contact_date_real	double
MYC_PAT_NOTE_VIEW	line	int
MYC_PAT_NOTE_VIEW	pat_id	string
MYC_PAT_NOTE_VIEW	patient_view_time	timestamp
MYC_PAT_NOTE_VIEW	cm_ct_owner_id	string
MYC_PAT_NOTE_VIEW	cm_phy_owner_id	string
MYC_PAT_NOTE_VIEW	cm_log_owner_id	string
MYC_PAT_NOTE_VIEW	myc_viewer_wpr_id	string
MYC_PAT_NOTE_VIEW	dl_load_dt	date
MYC_PAT_NOTE_VIEW	dl_load_ts	timestamp
MYC_PATIENT	mypt_id	string
MYC_PATIENT	pat_id	string
MYC_PATIENT	proxy_account_yn	string
MYC_PATIENT	login_name	string
MYC_PATIENT	myc_status_c	int
MYC_PATIENT	last_login_time	timestamp
MYC_PATIENT	num_failed_logins	int
MYC_PATIENT	force_pwd_chg_yn	string
MYC_PATIENT	last_pw_change	timestamp
MYC_PATIENT	minimum_pw_age	int
MYC_PATIENT	maximum_pw_age	int
MYC_PATIENT	response_pref_c	int
MYC_PATIENT	other_resp_pref	string
MYC_PATIENT	mychart_exp_date	timestamp
MYC_PATIENT	send_email_yn	string
MYC_PATIENT	wallet_id	decimal(18,0)
MYC_PATIENT	wl_problems_id	decimal(18,0)
MYC_PATIENT	wl_meds_id	decimal(18,0)
MYC_PATIENT	wl_allergies_id	decimal(18,0)
MYC_PATIENT	employer_name	string
MYC_PATIENT	insurance_name	string
MYC_PATIENT	group_num	string
MYC_PATIENT	member_num	string
MYC_PATIENT	ins_phone_num	string
MYC_PATIENT	prob_mycnote_id	decimal(18,0)
MYC_PATIENT	meds_mycnote_id	decimal(18,0)
MYC_PATIENT	allergy_mycnote_id	decimal(18,0)
MYC_PATIENT	immune_mycnote_id	decimal(18,0)
MYC_PATIENT	rmindr_mycnote_id	decimal(18,0)
MYC_PATIENT	fam_hx_mycnote_id	decimal(18,0)
MYC_PATIENT	surg_hx_mycnote_id	decimal(18,0)
MYC_PATIENT	med_hx_mycnote_id	decimal(18,0)
MYC_PATIENT	fam_sts_mycnote_id	decimal(18,0)
MYC_PATIENT	soc_hx_mycnote_id	decimal(18,0)
MYC_PATIENT	last_access_time	timestamp
MYC_PATIENT	update_date	timestamp
MYC_PATIENT	alt_login_name	string
MYC_PATIENT	alt_last_logn_time	timestamp
MYC_PATIENT	alt_fail_logn_atmt	int
MYC_PATIENT	alt_force_pwd_yn	string
MYC_PATIENT	alt_last_pswd_updt	timestamp
MYC_PATIENT	min_alt_pswd_age	int
MYC_PATIENT	max_alt_pswd_age	int
MYC_PATIENT	cm_phy_owner_id	string
MYC_PATIENT	cm_log_owner_id	string
MYC_PATIENT	myc_acct_type_c	int
MYC_PATIENT	proxy_last_access	timestamp
MYC_PATIENT	non_patient_yn	string
MYC_PATIENT	access_code	string
MYC_PATIENT	access_code_tm	timestamp
MYC_PATIENT	city	string
MYC_PATIENT	state_c	string
MYC_PATIENT	zip	string
MYC_PATIENT	country_c	string
MYC_PATIENT	county_c	string
MYC_PATIENT	house_num	string
MYC_PATIENT	district_c	int
MYC_PATIENT	last_pw_change_dttm	timestamp
MYC_PATIENT	home_phone	string
MYC_PATIENT	mobile_phone	string
MYC_PATIENT	work_phone	string
MYC_PATIENT	pat_name	string
MYC_PATIENT	mobile_tc_acpt_dttm	timestamp
MYC_PATIENT	mobile_prxydis_dttm	timestamp
MYC_PATIENT	dob_dt	timestamp
MYC_PATIENT	sex_c	string
MYC_PATIENT	status_cat_c	int
MYC_PATIENT	pat_site_id	decimal(18,0)
MYC_PATIENT	prov_text_id	decimal(18,0)
MYC_PATIENT	fail_pwd_rst_try	int
MYC_PATIENT	alt_last_terms_tm	timestamp
MYC_PATIENT	unmerge_inst_dttm	timestamp
MYC_PATIENT	unmrgd_cpy_wpr_id	string
MYC_PATIENT	unmrgd_src_mpt_id	string
MYC_PATIENT	failed_attempts	int
MYC_PATIENT	bedside_lock_sts_c	int
MYC_PATIENT	bedsd_tc_acpt_dttm	timestamp
MYC_PATIENT	bedsd_prxydis_dttm	timestamp
MYC_PATIENT	bedside_unlock_fail	int
MYC_PATIENT	send_sms_yn	string
MYC_PATIENT	bedsd_tc_acpt_dttm_dttm	timestamp
MYC_PATIENT	bedsd_prxydis_dttm_dttm	timestamp
MYC_PATIENT	tickler_rev_utc_dttm	timestamp
MYC_PATIENT	ext_record_yn	string
MYC_PATIENT	nonpat_inst_actv_code	string
MYC_PATIENT	nonpat_inst_actv_utc_dttm	timestamp
MYC_PATIENT	pref_id	decimal(18,0)
MYC_PATIENT	twofa_opt_in_c	int
MYC_PATIENT	lst_htg_v_utc_dttm	timestamp
MYC_PATIENT	twofa_done_utc_dttm	timestamp
MYC_PATIENT	prem_bill_paperls_stat_c	int
MYC_PATIENT	dismissed_rr_digest_card_yn	string
MYC_PATIENT	secure_email	string
MYC_PATIENT	secure_mobile	string
MYC_PATIENT	temp_active_c	int
MYC_PATIENT	signature_method_c	int
MYC_PATIENT	hide_covid_qck_acss_yn	string
MYC_PATIENT	known_device_failed_logins_cnt	int
MYC_PATIENT	remember_web_devices_yn	string
MYC_PATIENT	ext_acct_creation_src_c	int
MYC_PATIENT	dl_load_dt	date
MYC_PATIENT	dl_load_ts	timestamp
NAVIGATOR_SECTIONS	navigator_id	bigint
NAVIGATOR_SECTIONS	cm_phy_owner_id	string
NAVIGATOR_SECTIONS	cm_log_owner_id	string
NAVIGATOR_SECTIONS	section_caption	string
NAVIGATOR_SECTIONS	section_name	string
NAVIGATOR_SECTIONS	section_descriptor	string
NAVIGATOR_SECTIONS	released_navigator_id	int
NAVIGATOR_SECTIONS	rel_navigator_calc_local_dttm	timestamp
NAVIGATOR_SECTIONS	dl_load_dt	date
NAVIGATOR_SECTIONS	dl_load_ts	timestamp
NEPHROLOGY_INFO	episode_id	decimal(18,0)
NEPHROLOGY_INFO	cm_phy_owner_id	string
NEPHROLOGY_INFO	cm_log_owner_id	string
NEPHROLOGY_INFO	contact_type_id	decimal(18,0)
NEPHROLOGY_INFO	episode_status_c	int
NEPHROLOGY_INFO	department_id	decimal(18,0)
NEPHROLOGY_INFO	comments	string
NEPHROLOGY_INFO	pat_id	string
NEPHROLOGY_INFO	dialysis_admission_reason_c	int
NEPHROLOGY_INFO	transient_yn	string
NEPHROLOGY_INFO	dialysis_discharge_reason_c	int
NEPHROLOGY_INFO	transfer_destination_c	int
NEPHROLOGY_INFO	treatment_type_c	int
NEPHROLOGY_INFO	dialysis_historical_episode_yn	string
NEPHROLOGY_INFO	dialysis_discharge_othr	string
NEPHROLOGY_INFO	dialysis_start_date	timestamp
NEPHROLOGY_INFO	dialysis_end_date	timestamp
NEPHROLOGY_INFO	place_of_service_id	decimal(18,0)
NEPHROLOGY_INFO	modality_start_date	timestamp
NEPHROLOGY_INFO	dialysis_episode_purpose_c	int
NEPHROLOGY_INFO	neph_dlys_type_c	int
NEPHROLOGY_INFO	neph_transient_rsn_c	int
NEPHROLOGY_INFO	external_facility_id	decimal(18,0)
NEPHROLOGY_INFO	treatment_sessions_per_week	decimal(18,1)
NEPHROLOGY_INFO	treatment_duration_minutes	int
NEPHROLOGY_INFO	dl_load_dt	date
NEPHROLOGY_INFO	dl_load_ts	timestamp
NEPHROLOGY_INFO	dlys_int_episode_yn	string
NEPHROLOGY_INFO	gen_modality_c	int
NOTE_AMBIENT_SECTIONS	note_id	string
NOTE_AMBIENT_SECTIONS	line	int
NOTE_AMBIENT_SECTIONS	cm_phy_owner_id	string
NOTE_AMBIENT_SECTIONS	cm_log_owner_id	string
NOTE_AMBIENT_SECTIONS	ambient_session_section_ident	string
NOTE_AMBIENT_SECTIONS	ambient_session_ident	string
NOTE_AMBIENT_SECTIONS	amb_notes_section_upd_flag_yn	string
NOTE_AMBIENT_SECTIONS	updated_section_note_id	string
NOTE_AMBIENT_SECTIONS	ambient_note_section_key	string
NOTE_AMBIENT_SECTIONS	source_document_csn_id	decimal(22,0)
NOTE_AMBIENT_SECTIONS	dl_load_dt	date
NOTE_AMBIENT_SECTIONS	dl_load_ts	timestamp
NOTE_ATTRIBUTION	note_csn_id	decimal(18,0)
NOTE_ATTRIBUTION	line	int
NOTE_ATTRIBUTION	note_id	string
NOTE_ATTRIBUTION	contact_date_real	double
NOTE_ATTRIBUTION	contact_date	timestamp
NOTE_ATTRIBUTION	noteattr_user_id	string
NOTE_ATTRIBUTION	noteattr_source_c	int
NOTE_ATTRIBUTION	noteattr_char_count	int
NOTE_ATTRIBUTION	noteattr_source_type_c	int
NOTE_ATTRIBUTION	dl_load_dt	date
NOTE_ATTRIBUTION	dl_load_ts	timestamp
NOTE_ATTRIBUTION	noteattr_hover_char_count	int
NOTE_ENC_INFO	note_id	string
NOTE_ENC_INFO	contact_serial_num	decimal(18,0)
NOTE_ENC_INFO	contact_date_real	double
NOTE_ENC_INFO	logical_owner_id	string
NOTE_ENC_INFO	physical_owner_id	string
NOTE_ENC_INFO	cm_ct_owner_id	string
NOTE_ENC_INFO	exter_document_id	string
NOTE_ENC_INFO	cosign_instant_dttm	timestamp
NOTE_ENC_INFO	cosignuser_id	string
NOTE_ENC_INFO	cosign_note_link	decimal(18,0)
NOTE_ENC_INFO	cosign_required_c	int
NOTE_ENC_INFO	auth_lnked_prov_id	string
NOTE_ENC_INFO	author_service_c	string
NOTE_ENC_INFO	entry_instant_dttm	timestamp
NOTE_ENC_INFO	upd_author_ins_dttm	timestamp
NOTE_ENC_INFO	spec_note_time_dttm	timestamp
NOTE_ENC_INFO	note_file_time_dttm	timestamp
NOTE_ENC_INFO	ucn_converted_c	int
NOTE_ENC_INFO	author_prvd_type_c	string
NOTE_ENC_INFO	note_status_c	string
NOTE_ENC_INFO	update_user_id	string
NOTE_ENC_INFO	contact_date	timestamp
NOTE_ENC_INFO	trn_doc_avail_sta_c	int
NOTE_ENC_INFO	trn_doc_type_c	string
NOTE_ENC_INFO	sensitive_stat_c	string
NOTE_ENC_INFO	author_user_id	string
NOTE_ENC_INFO	note_format_c	string
NOTE_ENC_INFO	upd_by_auth_dttm	timestamp
NOTE_ENC_INFO	lists_resolved_yn	string
NOTE_ENC_INFO	ext_trn_type	string
NOTE_ENC_INFO	dict_prov_id	string
NOTE_ENC_INFO	tran_work_copy_id	string
NOTE_ENC_INFO	activity_dttm	timestamp
NOTE_ENC_INFO	auth_stat_c	int
NOTE_ENC_INFO	contact_num	string
NOTE_ENC_INFO	upd_aut_local_dttm	timestamp
NOTE_ENC_INFO	ent_inst_local_dttm	timestamp
NOTE_ENC_INFO	spec_time_loc_dttm	timestamp
NOTE_ENC_INFO	not_filetm_loc_dttm	timestamp
NOTE_ENC_INFO	note_summary	string
NOTE_ENC_INFO	edit_user_id	string
NOTE_ENC_INFO	tracking_enabled_yn	string
NOTE_ENC_INFO	document_name	string
NOTE_ENC_INFO	umrg_src_medprob_id	decimal(18,0)
NOTE_ENC_INFO	ecg_comments	string
NOTE_ENC_INFO	ecg_edited_user_id	string
NOTE_ENC_INFO	ecg_diastolic_bp	string
NOTE_ENC_INFO	ecg_systolic_bp	string
NOTE_ENC_INFO	ecg_heartrate	string
NOTE_ENC_INFO	ecg_pr_interval	string
NOTE_ENC_INFO	ecg_pwaveaxis	string
NOTE_ENC_INFO	ecg_qrs_duration	string
NOTE_ENC_INFO	ecg_qrs_waveaxis	string
NOTE_ENC_INFO	ecg_qt_interval	string
NOTE_ENC_INFO	ecg_qtc_interval	string
NOTE_ENC_INFO	ecg_t_waveaxis	string
NOTE_ENC_INFO	spiro_bron	string
NOTE_ENC_INFO	care_plan_csn_id	decimal(18,0)
NOTE_ENC_INFO	progress_note_id	string
NOTE_ENC_INFO	del_note_user_id	string
NOTE_ENC_INFO	del_note_author_id	string
NOTE_ENC_INFO	pre_ucn_note_type_c	string
NOTE_ENC_INFO	note_misfile_cca_id	decimal(18,0)
NOTE_ENC_INFO	document_source_c	int
NOTE_ENC_INFO	note_create_src_c	int
NOTE_ENC_INFO	cnct_note_type_c	string
NOTE_ENC_INFO	dictation_dttm	timestamp
NOTE_ENC_INFO	transcription_dttm	timestamp
NOTE_ENC_INFO	dictating_user_id	string
NOTE_ENC_INFO	chr_cnt_dttm	timestamp
NOTE_ENC_INFO	chr_cnt_met	double
NOTE_ENC_INFO	dict_priority_c	int
NOTE_ENC_INFO	trnscrtn_edit_dttm	timestamp
NOTE_ENC_INFO	doc_chng_reason_c	string
NOTE_ENC_INFO	trnscrtnist_nam	string
NOTE_ENC_INFO	csgn_recpnt_user_id	string
NOTE_ENC_INFO	draft_status_c	int
NOTE_ENC_INFO	treat_summ_pat_dttm	timestamp
NOTE_ENC_INFO	treat_summ_prov_dttm	timestamp
NOTE_ENC_INFO	treat_summ_cplt_dttm	timestamp
NOTE_ENC_INFO	pat_enc_csn_id	decimal(18,0)
NOTE_ENC_INFO	end_of_treat_date	timestamp
NOTE_ENC_INFO	unmerge_src_note_id	string
NOTE_ENC_INFO	note_length	int
NOTE_ENC_INFO	note_shared_w_pat_hx_yn	string
NOTE_ENC_INFO	note_type_c	string
NOTE_ENC_INFO	poc_note_disc_c	int
NOTE_ENC_INFO	cosign_inst_local_dttm	timestamp
NOTE_ENC_INFO	is_precharted_yn	string
NOTE_ENC_INFO	note_lst_edit_src_c	int
NOTE_ENC_INFO	link_dxr_csn_id	decimal(18,0)
NOTE_ENC_INFO	kanta_stmt_stat_c	int
NOTE_ENC_INFO	clinical_note_summary	string
NOTE_ENC_INFO	summary_requirement_c	int
NOTE_ENC_INFO	most_recent_cnct_yn	string
NOTE_ENC_INFO	block_reason_c	int
NOTE_ENC_INFO	block_reason_txt	string
NOTE_ENC_INFO	dl_load_dt	date
NOTE_ENC_INFO	dl_load_ts	timestamp
NOTE_ENC_INFO	note_hover_bubble_length	int
NOTE_SMARTLINK_IDS	note_csn_id	decimal(18,0)
NOTE_SMARTLINK_IDS	line	int
NOTE_SMARTLINK_IDS	note_id	string
NOTE_SMARTLINK_IDS	contact_date_real	double
NOTE_SMARTLINK_IDS	contact_date	timestamp
NOTE_SMARTLINK_IDS	smartlinks_id	decimal(18,0)
NOTE_SMARTLINK_IDS	dl_load_dt	date
NOTE_SMARTLINK_IDS	dl_load_ts	timestamp
NOTE_SMARTPHRASE_IDS	note_csn_id	decimal(18,0)
NOTE_SMARTPHRASE_IDS	line	int
NOTE_SMARTPHRASE_IDS	note_id	string
NOTE_SMARTPHRASE_IDS	contact_date_real	double
NOTE_SMARTPHRASE_IDS	contact_date	timestamp
NOTE_SMARTPHRASE_IDS	smartphrases_id	decimal(18,0)
NOTE_SMARTPHRASE_IDS	dl_load_dt	date
NOTE_SMARTPHRASE_IDS	dl_load_ts	timestamp
NOTE_WRITE_TIMING	note_id	string
NOTE_WRITE_TIMING	line	int
NOTE_WRITE_TIMING	cm_phy_owner_id	string
NOTE_WRITE_TIMING	cm_log_owner_id	string
NOTE_WRITE_TIMING	write_user_id	string
NOTE_WRITE_TIMING	open_edit_utc_dttm	timestamp
NOTE_WRITE_TIMING	start_edit_utc_dttm	timestamp
NOTE_WRITE_TIMING	save_edit_utc_dttm	timestamp
NOTE_WRITE_TIMING	length_of_edit	int
NOTE_WRITE_TIMING	row_marked_for_delete	int
NOTE_WRITE_TIMING	dl_load_dt	date
NOTE_WRITE_TIMING	dl_load_ts	timestamp
OB_DEL_INDUCT_RSN	summary_block_id	decimal(18,0)
OB_DEL_INDUCT_RSN	line	int
OB_DEL_INDUCT_RSN	cm_phy_owner_id	string
OB_DEL_INDUCT_RSN	cm_log_owner_id	string
OB_DEL_INDUCT_RSN	induction_reason_c	int
OB_DEL_INDUCT_RSN	dl_load_dt	date
OB_DEL_INDUCT_RSN	dl_load_ts	timestamp
OB_DEL_PROC	summary_block_id	decimal(18,0)
OB_DEL_PROC	line	int
OB_DEL_PROC	cm_phy_owner_id	string
OB_DEL_PROC	cm_log_owner_id	string
OB_DEL_PROC	del_proc_c	int
OB_DEL_PROC	dl_load_dt	date
OB_DEL_PROC	dl_load_ts	timestamp
OB_HISTORY	pat_enc_csn_id	decimal(18,0)
OB_HISTORY	line	int
OB_HISTORY	pat_id	string
OB_HISTORY	pat_enc_date_real	double
OB_HISTORY	contact_date	timestamp
OB_HISTORY	cm_ct_owner_id	string
OB_HISTORY	ob_hx_mult_preg_grp	timestamp
OB_HISTORY	ob_hx_outcome_dt	timestamp
OB_HISTORY	ob_hx_gest_age	string
OB_HISTORY	ob_hx_del_type_c	string
OB_HISTORY	ob_hx_delivery_site	string
OB_HISTORY	ob_hx_clinician	string
OB_HISTORY	ob_hx_labor_length	int
OB_HISTORY	ob_hx_birth_weight	decimal(8,3)
OB_HISTORY	ob_hx_infant_sex_c	string
OB_HISTORY	ob_hx_infant_name	string
OB_HISTORY	ob_hx_apgar_1	int
OB_HISTORY	ob_hx_anesth_c	string
OB_HISTORY	ob_hx_is_living_c	int
OB_HISTORY	ob_hx_pregnancy_cmt	string
OB_HISTORY	ob_hx_apgar_5	int
OB_HISTORY	ob_hx_src_c	int
OB_HISTORY	ob_hx_outcome_c	int
OB_HISTORY	ob_hx_preterm_la_yn	string
OB_HISTORY	ob_hx_lab_len_2nd	int
OB_HISTORY	ob_hx_preg_eps_id	decimal(18,0)
OB_HISTORY	hx_link_enc_csn_id	decimal(18,0)
OB_HISTORY	ob_hx_del_rec_id	decimal(18,0)
OB_HISTORY	ob_hx_preg_order	int
OB_HISTORY	dl_load_dt	date
OB_HISTORY	dl_load_ts	timestamp
OB_HSB_DATING	summary_block_id	decimal(18,0)
OB_HSB_DATING	line	int
OB_HSB_DATING	cm_phy_owner_id	string
OB_HSB_DATING	cm_log_owner_id	string
OB_HSB_DATING	ob_dt_event_c	int
OB_HSB_DATING	ob_dt_dtesys_dt	timestamp
OB_HSB_DATING	ob_dt_dteusr_dt	timestamp
OB_HSB_DATING	ob_dt_ga_sys	int
OB_HSB_DATING	ob_dt_ga_usr	int
OB_HSB_DATING	ob_dt_eddsys_dt	timestamp
OB_HSB_DATING	ob_dt_eddusr_dt	timestamp
OB_HSB_DATING	ob_dt_wrkedd_yn	string
OB_HSB_DATING	ob_dt_rowidx	int
OB_HSB_DATING	ob_dt_rplrow	int
OB_HSB_DATING	ob_dt_entins_tm	timestamp
OB_HSB_DATING	ob_dt_entusr_id	string
OB_HSB_DATING	ob_dt_ent_pt_c	int
OB_HSB_DATING	ob_dt_cyc_ln	int
OB_HSB_DATING	ob_dt_lut_ln	int
OB_HSB_DATING	ob_dt_aftovu	int
OB_HSB_DATING	ob_dt_ent_cmt	string
OB_HSB_DATING	ob_dt_bthctl_yn	string
OB_HSB_DATING	ob_dt_utzid_c_id	decimal(18,0)
OB_HSB_DATING	ob_dt_dteprec_c	int
OB_HSB_DATING	ob_dt_reasonchng_c	int
OB_HSB_DATING	dl_load_dt	date
OB_HSB_DATING	dl_load_ts	timestamp
OB_HSB_DEL_CMPLCTN	summary_block_id	decimal(18,0)
OB_HSB_DEL_CMPLCTN	line	int
OB_HSB_DEL_CMPLCTN	cm_phy_owner_id	string
OB_HSB_DEL_CMPLCTN	cm_log_owner_id	string
OB_HSB_DEL_CMPLCTN	ob_del_complic_id	decimal(18,0)
OB_HSB_DEL_CMPLCTN	update_date	timestamp
OB_HSB_DEL_CMPLCTN	dl_load_dt	date
OB_HSB_DEL_CMPLCTN	dl_load_ts	timestamp
OB_HSB_DEL_EPISIO	summary_block_id	decimal(18,0)
OB_HSB_DEL_EPISIO	line	int
OB_HSB_DEL_EPISIO	cm_phy_owner_id	string
OB_HSB_DEL_EPISIO	cm_log_owner_id	string
OB_HSB_DEL_EPISIO	ob_del_episio_c	int
OB_HSB_DEL_EPISIO	dl_load_dt	date
OB_HSB_DEL_EPISIO	dl_load_ts	timestamp
OB_HSB_DEL_INDUCT	summary_block_id	decimal(18,0)
OB_HSB_DEL_INDUCT	line	int
OB_HSB_DEL_INDUCT	cm_phy_owner_id	string
OB_HSB_DEL_INDUCT	cm_log_owner_id	string
OB_HSB_DEL_INDUCT	ob_del_induction_c	int
OB_HSB_DEL_INDUCT	dl_load_dt	date
OB_HSB_DEL_INDUCT	dl_load_ts	timestamp
OB_HSB_DEL_RIPETYP	summary_block_id	decimal(18,0)
OB_HSB_DEL_RIPETYP	line	int
OB_HSB_DEL_RIPETYP	cm_phy_owner_id	string
OB_HSB_DEL_RIPETYP	cm_log_owner_id	string
OB_HSB_DEL_RIPETYP	obd_cerv_ripe_tp_c	int
OB_HSB_DEL_RIPETYP	dl_load_dt	date
OB_HSB_DEL_RIPETYP	dl_load_ts	timestamp
OB_HSB_DEL_RP_DTTM	summary_block_id	decimal(18,0)
OB_HSB_DEL_RP_DTTM	line	int
OB_HSB_DEL_RP_DTTM	cm_phy_owner_id	string
OB_HSB_DEL_RP_DTTM	cm_log_owner_id	string
OB_HSB_DEL_RP_DTTM	ob_del_rup_dttm	timestamp
OB_HSB_DEL_RP_DTTM	rupt_tm_present_yn	string
OB_HSB_DEL_RP_DTTM	dl_load_dt	date
OB_HSB_DEL_RP_DTTM	dl_load_ts	timestamp
OB_HSB_DEL_RUPTCLR	summary_block_id	decimal(18,0)
OB_HSB_DEL_RUPTCLR	line	int
OB_HSB_DEL_RUPTCLR	cm_phy_owner_id	string
OB_HSB_DEL_RUPTCLR	cm_log_owner_id	string
OB_HSB_DEL_RUPTCLR	ob_del_ruptcolor_c	int
OB_HSB_DEL_RUPTCLR	dl_load_dt	date
OB_HSB_DEL_RUPTCLR	dl_load_ts	timestamp
OB_HSB_DEL_RUPTTYP	summary_block_id	decimal(18,0)
OB_HSB_DEL_RUPTTYP	line	int
OB_HSB_DEL_RUPTTYP	cm_phy_owner_id	string
OB_HSB_DEL_RUPTTYP	cm_log_owner_id	string
OB_HSB_DEL_RUPTTYP	ob_del_rupture_tp_c	int
OB_HSB_DEL_RUPTTYP	dl_load_dt	date
OB_HSB_DEL_RUPTTYP	dl_load_ts	timestamp
OB_HSB_DELIVERY	summary_block_id	decimal(18,0)
OB_HSB_DELIVERY	cm_phy_owner_id	string
OB_HSB_DELIVERY	cm_log_owner_id	string
OB_HSB_DELIVERY	ob_del_2nd_stage_hr	int
OB_HSB_DELIVERY	ob_del_1st_stage_hr	int
OB_HSB_DELIVERY	ob_del_1st_stage_m	int
OB_HSB_DELIVERY	ob_del_2nd_stage_m	int
OB_HSB_DELIVERY	ob_del_3rd_stage_m	int
OB_HSB_DELIVERY	ob_del_blood_loss	int
OB_HSB_DELIVERY	ob_del_crv_rpe_date	timestamp
OB_HSB_DELIVERY	ob_del_crv_rpe_time	timestamp
OB_HSB_DELIVERY	ob_del_compl_cmt	string
OB_HSB_DELIVERY	ob_del_rep_packets	int
OB_HSB_DELIVERY	delivery_date_csn	decimal(18,0)
OB_HSB_DELIVERY	ob_delivery_date	timestamp
OB_HSB_DELIVERY	ob_del_dil_cmp_date	timestamp
OB_HSB_DELIVERY	ob_del_dil_cmp_time	timestamp
OB_HSB_DELIVERY	ob_del_onset_date	timestamp
OB_HSB_DELIVERY	ob_del_onset_time	timestamp
OB_HSB_DELIVERY	ob_del_3rd_stage_hr	int
OB_HSB_DELIVERY	ob_del_crv_rpe_dttm	timestamp
OB_HSB_DELIVERY	ob_del_dil_cmp_dttm	timestamp
OB_HSB_DELIVERY	ob_del_onset_dttm	timestamp
OB_HSB_DELIVERY	update_date	timestamp
OB_HSB_DELIVERY	ob_del_pres_ref_c	int
OB_HSB_DELIVERY	ob_del_pres_lr_c	int
OB_HSB_DELIVERY	ob_del_pres_ap_c	int
OB_HSB_DELIVERY	ob_del_chest_circ	decimal(8,3)
OB_HSB_DELIVERY	ob_del_analges_cmnt	string
OB_HSB_DELIVERY	ob_del_plcenta_dttm	timestamp
OB_HSB_DELIVERY	ob_del_deliv_md_id	string
OB_HSB_DELIVERY	ob_del_apgar_sk_1_c	int
OB_HSB_DELIVERY	ob_del_apgar_sk_5_c	int
OB_HSB_DELIVERY	ob_del_apgar_sk10_c	int
OB_HSB_DELIVERY	ob_del_apgar_hr_1_c	int
OB_HSB_DELIVERY	ob_del_apgar_hr_5_c	int
OB_HSB_DELIVERY	ob_del_apgar_hr10_c	int
OB_HSB_DELIVERY	ob_del_apgar_gr_1_c	int
OB_HSB_DELIVERY	ob_del_apgar_gr_5_c	int
OB_HSB_DELIVERY	ob_del_apgar_gr10_c	int
OB_HSB_DELIVERY	ob_del_apgar_mu_1_c	int
OB_HSB_DELIVERY	ob_del_apgar_mu_5_c	int
OB_HSB_DELIVERY	ob_del_apgar_mu10_c	int
OB_HSB_DELIVERY	ob_del_apgar_br_1_c	int
OB_HSB_DELIVERY	ob_del_apgar_br_5_c	int
OB_HSB_DELIVERY	ob_del_apgar_br10_c	int
OB_HSB_DELIVERY	ob_del_birth_length	decimal(8,3)
OB_HSB_DELIVERY	ob_del_birth_wt	decimal(8,3)
OB_HSB_DELIVERY	ob_del_head_circum	decimal(8,3)
OB_HSB_DELIVERY	ob_del_apgar_1_c	int
OB_HSB_DELIVERY	ob_del_apgar_5_c	int
OB_HSB_DELIVERY	ob_del_apgar_10_c	int
OB_HSB_DELIVERY	ob_del_deliv_meth_c	string
OB_HSB_DELIVERY	ob_del_anomalies	string
OB_HSB_DELIVERY	ob_del_birth_dttm	timestamp
OB_HSB_DELIVERY	ob_del_epis_type_c	int
OB_HSB_DELIVERY	ob_del_dept	decimal(18,0)
OB_HSB_DELIVERY	pushing_start_dttm	timestamp
OB_HSB_DELIVERY	rom_to_deliver	int
OB_HSB_DELIVERY	ob_del_steroids_c	int
OB_HSB_DELIVERY	mother_antibio_yn	string
OB_HSB_DELIVERY	forceps_del_att_yn	string
OB_HSB_DELIVERY	vacuum_del_att_yn	string
OB_HSB_DELIVERY	labor_attempt_yn	string
OB_HSB_DELIVERY	ob_del_apgar_15_c	int
OB_HSB_DELIVERY	ob_del_apgar_20_c	int
OB_HSB_DELIVERY	ob_del_apgar_sk15_c	int
OB_HSB_DELIVERY	ob_del_apgar_hr15_c	int
OB_HSB_DELIVERY	ob_del_apgar_gr15_c	int
OB_HSB_DELIVERY	ob_del_apgar_mu15_c	int
OB_HSB_DELIVERY	ob_del_apgar_br15_c	int
OB_HSB_DELIVERY	ob_del_apgar_sk20_c	int
OB_HSB_DELIVERY	ob_del_apgar_hr20_c	int
OB_HSB_DELIVERY	ob_del_apgar_gr20_c	int
OB_HSB_DELIVERY	ob_del_apgar_mu20_c	int
OB_HSB_DELIVERY	ob_del_apgar_br20_c	int
OB_HSB_DELIVERY	obor_tot_blood_loss	int
OB_HSB_DELIVERY	additional_ebl	int
OB_HSB_DELIVERY	birth_order	int
OB_HSB_DELIVERY	ob_hx_gest_age	int
OB_HSB_DELIVERY	ob_hx_del_site_c	int
OB_HSB_DELIVERY	ob_hx_clinician_ft	string
OB_HSB_DELIVERY	ob_hx_infant_sex_c	string
OB_HSB_DELIVERY	ob_hx_infant_name	string
OB_HSB_DELIVERY	ob_hx_outc_fuzzy_c	int
OB_HSB_DELIVERY	ob_hx_del_site_cmt	string
OB_HSB_DELIVERY	ob_hx_outcome_c	int
OB_HSB_DELIVERY	ob_hx_total_lol_hr	int
OB_HSB_DELIVERY	ob_hx_total_lol_m	int
OB_HSB_DELIVERY	cont_start_pat_dttm	timestamp
OB_HSB_DELIVERY	dilation_start_dttm	timestamp
OB_HSB_DELIVERY	skin_to_skin_dttm	timestamp
OB_HSB_DELIVERY	cord_clamp_dttm	timestamp
OB_HSB_DELIVERY	induction_dttm	timestamp
OB_HSB_DELIVERY	labor_identifier_c	int
OB_HSB_DELIVERY	baby_birth_csn	decimal(18,0)
OB_HSB_DELIVERY	decision_dttm	timestamp
OB_HSB_DELIVERY	breast_feed_st_dttm	timestamp
OB_HSB_DELIVERY	skin_to_skin_end_dttm	timestamp
OB_HSB_DELIVERY	abdominal_girth	decimal(18,2)
OB_HSB_DELIVERY	dl_load_dt	date
OB_HSB_DELIVERY	dl_load_ts	timestamp
OB_HSB_DELIVERY_2	summary_block_id	decimal(18,0)
OB_HSB_DELIVERY_2	cm_phy_owner_id	string
OB_HSB_DELIVERY_2	cm_log_owner_id	string
OB_HSB_DELIVERY_2	augmentation_dttm	timestamp
OB_HSB_DELIVERY_2	del_living_cmt	string
OB_HSB_DELIVERY_2	del_addl_cmt	string
OB_HSB_DELIVERY_2	ob_hx_living_stat_c	int
OB_HSB_DELIVERY_2	ob_last_known_liv_c	int
OB_HSB_DELIVERY_2	ob_del_plcenta_loc_dttm	timestamp
OB_HSB_DELIVERY_2	pushing_start_loc_dttm	timestamp
OB_HSB_DELIVERY_2	cord_clamp_loc_dttm	timestamp
OB_HSB_DELIVERY_2	decision_loc_dttm	timestamp
OB_HSB_DELIVERY_2	breast_feed_st_loc_dttm	timestamp
OB_HSB_DELIVERY_2	del_placental_wt	decimal(8,3)
OB_HSB_DELIVERY_2	estab_respir_utc_dttm	timestamp
OB_HSB_DELIVERY_2	ob_del_labor_type_c	int
OB_HSB_DELIVERY_2	dl_load_dt	date
OB_HSB_DELIVERY_2	dl_load_ts	timestamp
OB_HSB_DELIVERY_2	primary_induction_reason_c	int
OB_HSB_DELIVERY_2	ethnic_group_c	int
OB_HSB_DELIVERY_2	birth_attend_prov_id	varchar(18)
OB_HSB_FLUID_ODOR	summary_block_id	decimal(18,0)
OB_HSB_FLUID_ODOR	line	int
OB_HSB_FLUID_ODOR	cm_phy_owner_id	string
OB_HSB_FLUID_ODOR	cm_log_owner_id	string
OB_HSB_FLUID_ODOR	fluid_odor_c	int
OB_HSB_FLUID_ODOR	dl_load_dt	date
OB_HSB_FLUID_ODOR	dl_load_ts	timestamp
OB_HX_HSB	pat_enc_csn_id	decimal(18,0)
OB_HX_HSB	line	int
OB_HX_HSB	pat_id	string
OB_HX_HSB	pat_enc_date_real	double
OB_HX_HSB	contact_date	timestamp
OB_HX_HSB	cm_ct_owner_id	string
OB_HX_HSB	ob_hx_preg_epis_id	decimal(18,0)
OB_HX_HSB	ob_hx_del_rec_id	decimal(18,0)
OB_HX_HSB	hx_link_enc_csn_id	decimal(18,0)
OB_HX_HSB	dl_load_dt	date
OB_HX_HSB	dl_load_ts	timestamp
OB_TOTAL	pat_enc_csn_id	decimal(18,0)
OB_TOTAL	pat_id	string
OB_TOTAL	pat_enc_date_real	double
OB_TOTAL	contact_date	timestamp
OB_TOTAL	cm_ct_owner_id	string
OB_TOTAL	ob_multiple_births	int
OB_TOTAL	ob_therapeutic_ab	int
OB_TOTAL	ob_spontaneous_ab	int
OB_TOTAL	ob_ectopics	int
OB_TOTAL	ob_gptpal_c	int
OB_TOTAL	ob_gravidity	string
OB_TOTAL	ob_parity	string
OB_TOTAL	ob_abortions	string
OB_TOTAL	ob_comment	string
OB_TOTAL	ob_full_term	string
OB_TOTAL	ob_premature	string
OB_TOTAL	ob_living	string
OB_TOTAL	ob_preg_hx_c	int
OB_TOTAL	hx_link_enc_csn_id	decimal(18,0)
OB_TOTAL	ob_live_births	string
OB_TOTAL	ob_molar	string
OB_TOTAL	dl_load_dt	date
OB_TOTAL	dl_load_ts	timestamp
OBGYN_STAT	pat_id	string
OBGYN_STAT	line	int
OBGYN_STAT	cm_phy_owner_id	string
OBGYN_STAT	cm_log_owner_id	string
OBGYN_STAT	obgyn_stat_c	int
OBGYN_STAT	app_inst_utc_dttm	timestamp
OBGYN_STAT	updt_inst_utc_dttm	timestamp
OBGYN_STAT	update_usr_id	string
OBGYN_STAT	update_csn	decimal(18,0)
OBGYN_STAT	dl_load_dt	date
OBGYN_STAT	dl_load_ts	timestamp
OCS_CODE_STATUS	ocs_id	string
OCS_CODE_STATUS	cm_phy_owner_id	string
OCS_CODE_STATUS	cm_log_owner_id	string
OCS_CODE_STATUS	ocs_name	string
OCS_CODE_STATUS	ocs_status_c	int
OCS_CODE_STATUS	code_status_c	string
OCS_CODE_STATUS	activated_inst	timestamp
OCS_CODE_STATUS	user_id	string
OCS_CODE_STATUS	order_id	decimal(18,0)
OCS_CODE_STATUS	comments	string
OCS_CODE_STATUS	inactivated_inst	timestamp
OCS_CODE_STATUS	context_c	int
OCS_CODE_STATUS	patient_id	string
OCS_CODE_STATUS	patient_csn	decimal(18,0)
OCS_CODE_STATUS	rec_archived_yn	string
OCS_CODE_STATUS	actv_utc_dttm	timestamp
OCS_CODE_STATUS	inactv_utc_dttm	timestamp
OCS_CODE_STATUS	verbal_order_id	string
OCS_CODE_STATUS	dl_load_dt	date
OCS_CODE_STATUS	dl_load_ts	timestamp
OMOP_TO_EPIC_PATIENT_CROSSWALK	omop_person_id	int
OMOP_TO_EPIC_PATIENT_CROSSWALK	epic_pat_id	string
OMOP_TO_EPIC_PATIENT_CROSSWALK	epic_mrn	string
OR_CASE	or_case_id	string
OR_CASE	case_name	string
OR_CASE	surgery_date	timestamp
OR_CASE	case_type_c	int
OR_CASE	case_class_c	int
OR_CASE	pat_id	string
OR_CASE	pat_age	int
OR_CASE	pat_class_c	string
OR_CASE	service_c	string
OR_CASE	num_of_panels	int
OR_CASE	exp_date	timestamp
OR_CASE	req_from_web_yn	string
OR_CASE	requested_by	string
OR_CASE	request_by_phone	string
OR_CASE	setup_offset	int
OR_CASE	cleanup_offset	int
OR_CASE	start_at_or_after	timestamp
OR_CASE	start_at_or_before	timestamp
OR_CASE	total_time_needed	int
OR_CASE	referring_prov_id	string
OR_CASE	preop_xrays_yn	string
OR_CASE	preop_visit_yn	string
OR_CASE	latex_allergic_yn	string
OR_CASE	or_id	string
OR_CASE	loc_id	decimal(18,0)
OR_CASE	priority_c	int
OR_CASE	add_on_case_yn	string
OR_CASE	sched_status_c	int
OR_CASE	case_progress_c	int
OR_CASE	cancel_reason_c	int
OR_CASE	cancel_user_id	string
OR_CASE	cancel_comments	string
OR_CASE	cancel_date	timestamp
OR_CASE	time_scheduled	timestamp
OR_CASE	void_reason_c	int
OR_CASE	cancel_chkin_rsn_c	int
OR_CASE	touched_by_eod_yn	string
OR_CASE	checkin_instant	timestamp
OR_CASE	patient_escort	string
OR_CASE	panel1_start_at	int
OR_CASE	panel1_length	int
OR_CASE	panel2_start_at	int
OR_CASE	panel2_length	int
OR_CASE	panel3_start_at	int
OR_CASE	panel3_length	int
OR_CASE	panel4_start_at	int
OR_CASE	panel4_length	int
OR_CASE	panel5_start_at	int
OR_CASE	panel5_length	int
OR_CASE	record_create_date	timestamp
OR_CASE	rec_create_user_id	string
OR_CASE	pre_op_dx	string
OR_CASE	special_needs	string
OR_CASE	adt_csn	decimal(18,0)
OR_CASE	translator	string
OR_CASE	postop_dest	string
OR_CASE	iop_xrays_yn	string
OR_CASE	case_reqst_user_id	string
OR_CASE	pend_status	string
OR_CASE	shuffle_user_id	string
OR_CASE	picklist_print_yn	string
OR_CASE	forms_printed_yn	string
OR_CASE	confidential_yn	string
OR_CASE	pat_level_c	int
OR_CASE	intl_patient_yn	string
OR_CASE	pain_mgmt_c	int
OR_CASE	admit_date	timestamp
OR_CASE	length_of_stay	int
OR_CASE	research_ind_c	int
OR_CASE	case_confirmed_yn	string
OR_CASE	req_by_phone	string
OR_CASE	proph_ab_req_yn	string
OR_CASE	weight	decimal(12,2)
OR_CASE	admit_source_c	string
OR_CASE	admitting_srvc_c	string
OR_CASE	admitting_phys_id	string
OR_CASE	admit_bed_type_c	string
OR_CASE	add_on_date	timestamp
OR_CASE	modified_case_len	int
OR_CASE	pat_start_time	timestamp
OR_CASE	pat_total_time	int
OR_CASE	bumped_case_yn	string
OR_CASE	bumped_instant	timestamp
OR_CASE	void_comments	string
OR_CASE	cm_phy_owner_id	string
OR_CASE	cm_log_owner_id	string
OR_CASE	case_accepted_yn	string
OR_CASE	proj_start_inst	timestamp
OR_CASE	proj_end_inst	timestamp
OR_CASE	real_time_or_id	string
OR_CASE	case_order_id	decimal(18,0)
OR_CASE	panel1_is_comb_yn	string
OR_CASE	panel2_is_comb_yn	string
OR_CASE	panel3_is_comb_yn	string
OR_CASE	panel4_is_comb_yn	string
OR_CASE	panel5_is_comb_yn	string
OR_CASE	panel1_def_len	decimal(18,2)
OR_CASE	panel2_def_len	decimal(18,2)
OR_CASE	panel3_def_len	decimal(18,2)
OR_CASE	panel4_def_len	decimal(18,2)
OR_CASE	panel5_def_len	decimal(18,2)
OR_CASE	panel1_len_mod_yn	string
OR_CASE	panel2_len_mod_yn	string
OR_CASE	panel3_len_mod_yn	string
OR_CASE	panel4_len_mod_yn	string
OR_CASE	panel5_len_mod_yn	string
OR_CASE	requested_date	timestamp
OR_CASE	requested_time	timestamp
OR_CASE	exp_adm_dte_offset	int
OR_CASE	case_verified_yn	string
OR_CASE	pat_sound_like	string
OR_CASE	exp_adm_time_offset	int
OR_CASE	pat_allergies_yn	string
OR_CASE	pat_health_issue_yn	string
OR_CASE	films_for_surger_yn	string
OR_CASE	preop_visit_need_yn	string
OR_CASE	preop_visit_comp_yn	string
OR_CASE	log_id	string
OR_CASE	case_accept_need_yn	string
OR_CASE	is_clinical_trl_yn	string
OR_CASE	pend_status_c	string
OR_CASE	postop_dest_c	string
OR_CASE	translator_c	string
OR_CASE	pta_last_upd_date	timestamp
OR_CASE	case_begin_instant	timestamp
OR_CASE	case_end_instant	timestamp
OR_CASE	printed_instant	timestamp
OR_CASE	mult_proc_comp_yn	string
OR_CASE	using_eap_yn	string
OR_CASE	anesthesia_c	int
OR_CASE	case_source_depl_id	string
OR_CASE	primary_physician_id	string
OR_CASE	dl_load_dt	date
OR_CASE	dl_load_ts	timestamp
OR_CASE	primary_performing_prov_id	string
OR_CASE_2	case_id	string
OR_CASE_2	cm_phy_owner_id	string
OR_CASE_2	cm_log_owner_id	string
OR_CASE_2	surgical_risk_c	int
OR_CASE_2	potentl_bloodloss_c	int
OR_CASE_2	awareness_dt	timestamp
OR_CASE_2	ready_to_sched_c	int
OR_CASE_2	surgeon_req_len	int
OR_CASE_2	pat_pager_num	string
OR_CASE_2	spec_need_resolv_dt	timestamp
OR_CASE_2	auth_prov_id	string
OR_CASE_2	pat_start_time	timestamp
OR_CASE_2	ob_csect_type_c	int
OR_CASE_2	instant_of_upd_dttm	timestamp
OR_CASE_2	rec_archived_yn	string
OR_CASE_2	case_pulled_c	int
OR_CASE_2	rsn_return_or_c	int
OR_CASE_2	consult_room_c	int
OR_CASE_2	inter_between_cases	int
OR_CASE_2	pat_first_avail_dt	timestamp
OR_CASE_2	pat_complexity_c	int
OR_CASE_2	anes_approval_date	timestamp
OR_CASE_2	approx_height	decimal(18,1)
OR_CASE_2	ins_self_pay_yn	string
OR_CASE_2	pre_op_bed_id	string
OR_CASE_2	intraop_xrays_cmt	string
OR_CASE_2	translatn_needs_cmt	string
OR_CASE_2	laser_needs_comment	string
OR_CASE_2	pat_label_printed_c	int
OR_CASE_2	ready_to_sched_dttm	timestamp
OR_CASE_2	iop_xrays_c	int
OR_CASE_2	are_proph_ab_req_c	int
OR_CASE_2	pat_sched_notice	int
OR_CASE_2	class_approp_c	int
OR_CASE_2	revisd_case_class_c	int
OR_CASE_2	preop_visit_stat_c	int
OR_CASE_2	admit_type_c	string
OR_CASE_2	last_canceled_case_id	string
OR_CASE_2	canceled_at_last_minute_yn	string
OR_CASE_2	cancel_target_dt	timestamp
OR_CASE_2	ignore_target_date_yn	string
OR_CASE_2	ignore_target_date_reason_c	int
OR_CASE_2	target_ignore_set_by_user_id	string
OR_CASE_2	last_min_canc_original_surg_dt	timestamp
OR_CASE_2	verbal_order_mode_c	int
OR_CASE_2	in_or_to_proc_len	int
OR_CASE_2	close_to_out_or_len	int
OR_CASE_2	postop_bed1_type_c	int
OR_CASE_2	postop_bed1_days_needed	int
OR_CASE_2	postop_bed1_prov_id	string
OR_CASE_2	postop_bed2_type_c	int
OR_CASE_2	postop_bed2_days_needed	int
OR_CASE_2	postop_bed2_prov_id	string
OR_CASE_2	case_requested_dttm	timestamp
OR_CASE_2	inv_quick_case_yn	string
OR_CASE_2	quickcase_arrivct_c	string
OR_CASE_2	custom_status_c	int
OR_CASE_2	or_case_hidden_yn	string
OR_CASE_2	decision_to_treat_date	timestamp
OR_CASE_2	referral_date	timestamp
OR_CASE_2	consult_date	timestamp
OR_CASE_2	case_id_copied_from	string
OR_CASE_2	is_reschedule_yn	string
OR_CASE_2	target_date	timestamp
OR_CASE_2	wait2_priority_c	int
OR_CASE_2	wait1_priority_c	int
OR_CASE_2	resp_for_payment_c	int
OR_CASE_2	no_referral_fol_up_reason_c	int
OR_CASE_2	referral_source_c	int
OR_CASE_2	referral_type_c	int
OR_CASE_2	wtis_dx_cat_c	int
OR_CASE_2	wtis_intent_surgery_c	int
OR_CASE_2	wtis_pediatric_yn	string
OR_CASE_2	wtis_service_area_c	int
OR_CASE_2	wtis_service_detail_1_c	int
OR_CASE_2	wtis_service_detail_2_c	int
OR_CASE_2	wtis_proc_code	string
OR_CASE_2	wtis_wait_list_id	string
OR_CASE_2	wtis_wait_list_created_yn	string
OR_CASE_2	wtis_code_proc_c	string
OR_CASE_2	p_cats_code_c	string
OR_CASE_2	followup_appt_dttm	timestamp
OR_CASE_2	preop_requested_visit_dttm	timestamp
OR_CASE_2	gravidity	int
OR_CASE_2	parity	int
OR_CASE_2	desired_dttm	timestamp
OR_CASE_2	est_due_date	timestamp
OR_CASE_2	desired_date_gest_age	decimal(18,2)
OR_CASE_2	rsn_for_queue_c	int
OR_CASE_2	service_target_effort_yn	string
OR_CASE_2	triage_score	int
OR_CASE_2	registry_score	int
OR_CASE_2	expected_admission_time	timestamp
OR_CASE_2	operation_intention_c	int
OR_CASE_2	acats_code_c	string
OR_CASE_2	external_status_c	int
OR_CASE_2	prep_time_mod_yn	string
OR_CASE_2	rec_max_wait_time	decimal(18,2)
OR_CASE_2	expected_admission_time_offset	decimal(18,2)
OR_CASE_2	postop_level_of_care_c	string
OR_CASE_2	postop_dept_id	decimal(18,0)
OR_CASE_2	case_access_utc_dttm	timestamp
OR_CASE_2	record_status_c	int
OR_CASE_2	link_created_yn	string
OR_CASE_2	visit_due_date	timestamp
OR_CASE_2	case_verified_c	int
OR_CASE_2	class_review_date	timestamp
OR_CASE_2	clinical_safe_date	timestamp
OR_CASE_2	nhsn_trauma_orc_yn	string
OR_CASE_2	trauma_case_orc_yn	string
OR_CASE_2	nhsn_emerg_orc_yn	string
OR_CASE_2	central_intake_number	string
OR_CASE_2	dl_load_dt	date
OR_CASE_2	dl_load_ts	timestamp
OR_CASE_3	case_id	string
OR_CASE_3	cm_phy_owner_id	string
OR_CASE_3	cm_log_owner_id	string
OR_CASE_3	setup_time_mod_yn	string
OR_CASE_3	dflt_setup_mins	int
OR_CASE_3	dflt_cleanup_mins	int
OR_CASE_3	dflt_prep_mins	int
OR_CASE_3	dflt_wrapup_mins	int
OR_CASE_3	cleanup_time_mod_yn	string
OR_CASE_3	wrapup_time_mod_yn	string
OR_CASE_3	case_len_mod_yn	string
OR_CASE_3	len_mod_user_id	string
OR_CASE_3	pan1_pan_dlft_sng_typ_c	int
OR_CASE_3	pan1_pan_dlft_mlt_typ_c	int
OR_CASE_3	pan1_pan_dlft_pan_typ_c	int
OR_CASE_3	pan2_pan_dlft_sng_typ_c	int
OR_CASE_3	pan2_pan_dlft_mlt_typ_c	int
OR_CASE_3	pan2_pan_dlft_pan_typ_c	int
OR_CASE_3	pan3_pan_dlft_sng_typ_c	int
OR_CASE_3	pan3_pan_dlft_mlt_typ_c	int
OR_CASE_3	pan3_pan_dlft_pan_typ_c	int
OR_CASE_3	pan4_pan_dlft_sng_typ_c	int
OR_CASE_3	pan4_pan_dlft_mlt_typ_c	int
OR_CASE_3	pan4_pan_dlft_pan_typ_c	int
OR_CASE_3	pan5_pan_dlft_sng_typ_c	int
OR_CASE_3	pan5_pan_dlft_mlt_typ_c	int
OR_CASE_3	pan5_pan_dlft_pan_typ_c	int
OR_CASE_3	pan1_req_proc_mins	int
OR_CASE_3	pan2_req_proc_mins	int
OR_CASE_3	pan3_req_proc_mins	int
OR_CASE_3	pan4_req_proc_mins	int
OR_CASE_3	pan5_req_proc_mins	int
OR_CASE_3	pan1_req_proc_cmts	string
OR_CASE_3	pan2_req_proc_cmts	string
OR_CASE_3	pan3_req_proc_cmts	string
OR_CASE_3	pan4_req_proc_cmts	string
OR_CASE_3	pan5_req_proc_cmts	string
OR_CASE_3	pan1_req_proc_act_c	int
OR_CASE_3	pan2_req_proc_act_c	int
OR_CASE_3	pan3_req_proc_act_c	int
OR_CASE_3	pan4_req_proc_act_c	int
OR_CASE_3	pan5_req_proc_act_c	int
OR_CASE_3	pan1_panel_confidence_c	int
OR_CASE_3	pan2_panel_confidence_c	int
OR_CASE_3	pan3_panel_confidence_c	int
OR_CASE_3	pan4_panel_confidence_c	int
OR_CASE_3	pan5_panel_confidence_c	int
OR_CASE_3	pan1_total_proc_min	int
OR_CASE_3	pan1_dflt_proc_mins	int
OR_CASE_3	pan1_proc_min_mod_yn	string
OR_CASE_3	pan1_proc_start	int
OR_CASE_3	pan1_prc_strt_mod_yn	string
OR_CASE_3	pan1_req_mins_user_id	string
OR_CASE_3	pan2_total_proc_min	int
OR_CASE_3	pan2_dflt_proc_mins	int
OR_CASE_3	pan2_proc_min_mod_yn	string
OR_CASE_3	pan2_proc_start	int
OR_CASE_3	pan2_prc_strt_mod_yn	string
OR_CASE_3	pan2_req_mins_user_id	string
OR_CASE_3	pan3_total_proc_min	int
OR_CASE_3	pan3_dflt_proc_mins	int
OR_CASE_3	pan3_proc_min_mod_yn	string
OR_CASE_3	pan3_proc_start	int
OR_CASE_3	pan3_prc_strt_mod_yn	string
OR_CASE_3	pan3_req_mins_user_id	string
OR_CASE_3	pan4_total_proc_min	int
OR_CASE_3	pan4_dflt_proc_mins	int
OR_CASE_3	pan4_proc_min_mod_yn	string
OR_CASE_3	pan4_proc_start	int
OR_CASE_3	pan4_prc_strt_mod_yn	string
OR_CASE_3	pan4_req_mins_user_id	string
OR_CASE_3	pan5_total_proc_min	int
OR_CASE_3	pan5_dflt_proc_mins	int
OR_CASE_3	pan5_proc_min_mod_yn	string
OR_CASE_3	pan5_proc_start	int
OR_CASE_3	pan5_prc_strt_mod_yn	string
OR_CASE_3	pan5_req_mins_user_id	string
OR_CASE_3	date_is_suggested_yn	string
OR_CASE_3	pat_conf_case_yn	string
OR_CASE_3	case_conf_utc_dttm	timestamp
OR_CASE_3	case_conf_pat_id	string
OR_CASE_3	conf_pat_relationship_id	decimal(18,0)
OR_CASE_3	case_conf_user_id	string
OR_CASE_3	emerg_approval_inst_utc_dttm	timestamp
OR_CASE_3	case_conf_mypt_id	string
OR_CASE_3	clinical_priority_c	int
OR_CASE_3	instr_picking_status_c	int
OR_CASE_3	cs_case_eligible_yn	string
OR_CASE_3	cs_case_opt_out_yn	string
OR_CASE_3	cs_case_days_sooner	int
OR_CASE_3	start_at_or_after_override_tm	timestamp
OR_CASE_3	start_at_or_before_override_tm	timestamp
OR_CASE_3	dl_load_dt	date
OR_CASE_3	dl_load_ts	timestamp
OR_CASE_3	pat_request_cancel_yn	string
OR_CASE_3	case_request_cancel_utc_dttm	timestamp
OR_CASE_3	case_request_cancel_pat_id	string
OR_CASE_3	req_cancel_pat_relationship_id	decimal(18,0)
OR_CASE_3	scheduling_reviewed_yn	string
OR_CASE_3	schedule_source_mktpl_yn	string
OR_CASE_3	has_same_ord_proc_yn	string
OR_CASE_3	proc_button_shown_yn	string
OR_CASE_3	proc_button_used_yn	string
OR_CASE_3	hide_pat_prc_instr_yn	string
OR_CASE_3	auth_prov_addr	string
OR_CASE_3	cs_case_pds_eligible_yn	string
OR_CASE_ADDL_CODES	case_id	string
OR_CASE_ADDL_CODES	line	int
OR_CASE_ADDL_CODES	cm_phy_owner_id	string
OR_CASE_ADDL_CODES	cm_log_owner_id	string
OR_CASE_ADDL_CODES	or_case_addl_code_id	decimal(18,0)
OR_CASE_ADDL_CODES	dl_load_dt	date
OR_CASE_ADDL_CODES	dl_load_ts	timestamp
OR_CASE_ALL_PROC	or_case_id	string
OR_CASE_ALL_PROC	line	int
OR_CASE_ALL_PROC	or_proc_id	string
OR_CASE_ALL_PROC	pos_c	int
OR_CASE_ALL_PROC	lrb_c	int
OR_CASE_ALL_PROC	anes_type_c	int
OR_CASE_ALL_PROC	op_reg_c	int
OR_CASE_ALL_PROC	picklist_gen_c	int
OR_CASE_ALL_PROC	total_length	int
OR_CASE_ALL_PROC	panel	int
OR_CASE_ALL_PROC	comments	string
OR_CASE_ALL_PROC	cm_phy_owner_id	string
OR_CASE_ALL_PROC	cm_log_owner_id	string
OR_CASE_ALL_PROC	defaulted_length	decimal(18,2)
OR_CASE_ALL_PROC	resource_pref_id	string
OR_CASE_ALL_PROC	picklist_pref_id	string
OR_CASE_ALL_PROC	length_modified_yn	string
OR_CASE_ALL_PROC	matched_pref_id	string
OR_CASE_ALL_PROC	possible_proc_yn	string
OR_CASE_ALL_PROC	dbc_episode_id	decimal(18,0)
OR_CASE_ALL_PROC	proc_eap_id	decimal(18,0)
OR_CASE_ALL_PROC	all_proc_as_ordered	string
OR_CASE_ALL_PROC	all_proc_code_id	decimal(18,0)
OR_CASE_ALL_PROC	all_def_or_proc_id	string
OR_CASE_ALL_PROC	proc_display_name	string
OR_CASE_ALL_PROC	dl_load_dt	date
OR_CASE_ALL_PROC	dl_load_ts	timestamp
OR_CASE_ALL_PROC	all_panel_addl_ope_id	decimal(18,0)
OR_CASE_ALL_PROC	all_panel_order_id	decimal(18,0)
OR_CASE_ALL_PROC	ordinal	int
OR_CASE_ALL_PROC	external_proc_name	string
OR_CASE_ALL_PROC	ext_proc_ref_ident	string
OR_CASE_ALL_SURG	or_case_id	string
OR_CASE_ALL_SURG	line	int
OR_CASE_ALL_SURG	surg_id	string
OR_CASE_ALL_SURG	role_c	int
OR_CASE_ALL_SURG	service_c	string
OR_CASE_ALL_SURG	case_begin	int
OR_CASE_ALL_SURG	cae_end	int
OR_CASE_ALL_SURG	total_length	int
OR_CASE_ALL_SURG	panel	int
OR_CASE_ALL_SURG	cm_phy_owner_id	string
OR_CASE_ALL_SURG	cm_log_owner_id	string
OR_CASE_ALL_SURG	dl_load_dt	date
OR_CASE_ALL_SURG	dl_load_ts	timestamp
OR_CASE_APPTS_PR	or_case_id	string
OR_CASE_APPTS_PR	appt_type	int
OR_CASE_APPTS_PR	line	int
OR_CASE_APPTS_PR	unique_id	string
OR_CASE_APPTS_PR	appt_prc_id	string
OR_CASE_APPTS_PR	or_proc_id	string
OR_CASE_APPTS_PR	prov_id	string
OR_CASE_APPTS_PR	dept_id	decimal(18,0)
OR_CASE_APPTS_PR	asn	decimal(18,0)
OR_CASE_APPTS_PR	cm_phy_owner_id	string
OR_CASE_APPTS_PR	cm_log_owner_id	string
OR_CASE_APPTS_PR	pxpass_task_id	decimal(18,0)
OR_CASE_APPTS_PR	dl_load_dt	date
OR_CASE_APPTS_PR	dl_load_ts	timestamp
OR_CASE_AUDIT_TRL	or_case_id	string
OR_CASE_AUDIT_TRL	line	int
OR_CASE_AUDIT_TRL	audit_action_c	int
OR_CASE_AUDIT_TRL	audit_user_id	string
OR_CASE_AUDIT_TRL	audit_date	timestamp
OR_CASE_AUDIT_TRL	audit_request_by	string
OR_CASE_AUDIT_TRL	audit_comments	string
OR_CASE_AUDIT_TRL	cm_phy_owner_id	string
OR_CASE_AUDIT_TRL	cm_log_owner_id	string
OR_CASE_AUDIT_TRL	audit_sched_to_dat	timestamp
OR_CASE_AUDIT_TRL	audit_sched_to_tim	timestamp
OR_CASE_AUDIT_TRL	audit_sched_to_or	string
OR_CASE_AUDIT_TRL	audit_unsched_date	timestamp
OR_CASE_AUDIT_TRL	audit_unsched_time	timestamp
OR_CASE_AUDIT_TRL	audit_unsched_or	string
OR_CASE_AUDIT_TRL	audit_sched_finalize_dttm	timestamp
OR_CASE_AUDIT_TRL	audit_hrs_bef_proc	int
OR_CASE_AUDIT_TRL	audit_days_bef_proc	int
OR_CASE_AUDIT_TRL	audit_resched_to_dt	timestamp
OR_CASE_AUDIT_TRL	audit_add_on_sch_yn	string
OR_CASE_AUDIT_TRL	audit_cancel_rsn_c	int
OR_CASE_AUDIT_TRL	audit_cancel_cmt	string
OR_CASE_AUDIT_TRL	audit_loc_id	decimal(18,0)
OR_CASE_AUDIT_TRL	audit_include_org_canc_rpt_yn	string
OR_CASE_AUDIT_TRL	audit_canc_comments	string
OR_CASE_AUDIT_TRL	dl_load_dt	date
OR_CASE_AUDIT_TRL	dl_load_ts	timestamp
OR_CASE_ORDER_IDS	case_id	string
OR_CASE_ORDER_IDS	line	int
OR_CASE_ORDER_IDS	cm_phy_owner_id	string
OR_CASE_ORDER_IDS	cm_log_owner_id	string
OR_CASE_ORDER_IDS	order_id	decimal(18,0)
OR_CASE_ORDER_IDS	dl_load_dt	date
OR_CASE_ORDER_IDS	dl_load_ts	timestamp
OR_CASE_SCHED_HIST	or_case_id	string
OR_CASE_SCHED_HIST	line	int
OR_CASE_SCHED_HIST	room_id	string
OR_CASE_SCHED_HIST	hist_date	timestamp
OR_CASE_SCHED_HIST	cm_phy_owner_id	string
OR_CASE_SCHED_HIST	cm_log_owner_id	string
OR_CASE_SCHED_HIST	hist_sched_user_id	string
OR_CASE_SCHED_HIST	hist_sched_date	timestamp
OR_CASE_SCHED_HIST	hist_sched_time	timestamp
OR_CASE_SCHED_HIST	match_unblocked_yn	string
OR_CASE_SCHED_HIST	match_surg_block_id	string
OR_CASE_SCHED_HIST	match_srvc_block_c	string
OR_CASE_SCHED_HIST	match_sg_block_id	string
OR_CASE_SCHED_HIST	hist_sched_dttm	timestamp
OR_CASE_SCHED_HIST	scheduling_source_c	int
OR_CASE_SCHED_HIST	dl_load_dt	date
OR_CASE_SCHED_HIST	dl_load_ts	timestamp
OR_GRP	group_id	string
OR_GRP	cm_phy_owner_id	string
OR_GRP	cm_log_owner_id	string
OR_GRP	group_name	string
OR_GRP	record_status_c	int
OR_GRP	group_date	timestamp
OR_GRP	contact_number	int
OR_GRP	dl_load_dt	date
OR_GRP	dl_load_ts	timestamp
OR_GRP_SURGEON	group_id	string
OR_GRP_SURGEON	line	int
OR_GRP_SURGEON	surgeons_id	string
OR_GRP_SURGEON	cm_phy_owner_id	string
OR_GRP_SURGEON	cm_log_owner_id	string
OR_GRP_SURGEON	dl_load_dt	date
OR_GRP_SURGEON	dl_load_ts	timestamp
OR_IMP	implant_id	string
OR_IMP	implant_name	string
OR_IMP	po_number	string
OR_IMP	abbreviation	string
OR_IMP	implant_type_c	int
OR_IMP	manufacturer_c	string
OR_IMP	status_c	int
OR_IMP	smda_yn	string
OR_IMP	active_yn	string
OR_IMP	vendor_distrib_c	string
OR_IMP	model_number	string
OR_IMP	serial_number	string
OR_IMP	lot_number	string
OR_IMP	site_id	decimal(18,0)
OR_IMP	cost	decimal(12,2)
OR_IMP	expiration_date	timestamp
OR_IMP	received_date	timestamp
OR_IMP	recpt_notify_date	timestamp
OR_IMP	returned_date	timestamp
OR_IMP	return_notif_date	timestamp
OR_IMP	destroyed_date	timestamp
OR_IMP	destroyed_not_dat	timestamp
OR_IMP	recalled_date	timestamp
OR_IMP	recalled_not_date	timestamp
OR_IMP	pat_expiry_date	timestamp
OR_IMP	pat_exp_notif_date	timestamp
OR_IMP	multiple_use_yn	string
OR_IMP	labels_prnted_yn	string
OR_IMP	inventory_item_id	string
OR_IMP	charge_code	string
OR_IMP	charge_per_unit	decimal(12,2)
OR_IMP	pacemaker_rate	decimal(12,2)
OR_IMP	implant_area_c	int
OR_IMP	cost_per_unit	decimal(12,2)
OR_IMP	pass_through_code	string
OR_IMP	charge_code_eap_id	decimal(18,0)
OR_IMP	cm_phy_owner_id	string
OR_IMP	cm_log_owner_id	string
OR_IMP	implant_size	string
OR_IMP	prealloc_rec_type_c	int
OR_IMP	tissue_type_c	int
OR_IMP	prep_start_dttm	timestamp
OR_IMP	prep_end_dttm	timestamp
OR_IMP	prep_staff_id	string
OR_IMP	prep_soln_lotnum	string
OR_IMP	implant_temp	decimal(18,2)
OR_IMP	tissue_ice_c	int
OR_IMP	tissue_recv_dttm	timestamp
OR_IMP	imp_recv_staff_id	string
OR_IMP	tissue_storage_temp	decimal(18,2)
OR_IMP	tissue_donor_id	string
OR_IMP	infected_date	timestamp
OR_IMP	surg_notified_date	timestamp
OR_IMP	tissue_yn	string
OR_IMP	markup_percent	decimal(18,2)
OR_IMP	chargeable_yn	string
OR_IMP	prep_soln_exp_dt	timestamp
OR_IMP	pat_id	string
OR_IMP	implant_lat_c	int
OR_IMP	imp_outofsrvc_date	timestamp
OR_IMP	pace_initial_yn	string
OR_IMP	pace_pocket_loc_c	int
OR_IMP	temp_pace_yn	string
OR_IMP	pace_prevention_c	int
OR_IMP	temp_pace_chamber_c	int
OR_IMP	record_status_c	int
OR_IMP	clinical_trial_yn	string
OR_IMP	package_integrity_c	int
OR_IMP	ret_to_manuf_yn	string
OR_IMP	manuf_num	string
OR_IMP	sup_cat_num	string
OR_IMP	prep_instr_source_c	int
OR_IMP	static_udi	string
OR_IMP	static_udi_type_c	int
OR_IMP	extract_flag_dttm	timestamp
OR_IMP	tissue_autologou_yn	string
OR_IMP	explant_dispositn_c	int
OR_IMP	skin_substitute_yn	string
OR_IMP	skin_sub_usage_c	int
OR_IMP	skin_sub_area_used	decimal(18,1)
OR_IMP	skin_sub_area_waste	decimal(18,1)
OR_IMP	tissue_storag_env_c	int
OR_IMP	tissue_storag_loc_c	int
OR_IMP	tissue_inspc_rslt_c	int
OR_IMP	radioactive_c	int
OR_IMP	replace_existing_c	int
OR_IMP	tissue_trck_barcode	string
OR_IMP	recd_in_or_dttm	timestamp
OR_IMP	tissue_bank_c	int
OR_IMP	tissue_stg_end_dttm	timestamp
OR_IMP	skin_sub_orig_len	decimal(18,2)
OR_IMP	skin_sub_orig_wdth	decimal(18,2)
OR_IMP	skin_sub_total_area	decimal(18,2)
OR_IMP	skin_sub_frcn_usd_c	int
OR_IMP	tissue_expander_volume	decimal(18,2)
OR_IMP	remove_by_date	timestamp
OR_IMP	implant_volume	decimal(18,2)
OR_IMP	imp_volume_unit_c	int
OR_IMP	supply_type_c	string
OR_IMP	explant_warranty_completion_dt	timestamp
OR_IMP	dl_load_dt	date
OR_IMP	dl_load_ts	timestamp
OR_IMP_IMPLANT	implant_id	string
OR_IMP_IMPLANT	line	int
OR_IMP_IMPLANT	implanted_date	timestamp
OR_IMP_IMPLANT	implant_log_id	string
OR_IMP_IMPLANT	manuf_notify_date	timestamp
OR_IMP_IMPLANT	cm_phy_owner_id	string
OR_IMP_IMPLANT	cm_log_owner_id	string
OR_IMP_IMPLANT	implanted_time	timestamp
OR_IMP_IMPLANT	imp_staff_id	string
OR_IMP_IMPLANT	num_implanted	int
OR_IMP_IMPLANT	dl_load_dt	date
OR_IMP_IMPLANT	dl_load_ts	timestamp
OR_IMP_IMPLANT	implant_log_ref_ident	string
OR_LNLG_IMPLANTS	record_id	string
OR_LNLG_IMPLANTS	cm_phy_owner_id	string
OR_LNLG_IMPLANTS	cm_log_owner_id	string
OR_LNLG_IMPLANTS	imp_inv_type_id	string
OR_LNLG_IMPLANTS	imp_no_inv_item_yn	string
OR_LNLG_IMPLANTS	implant_id	string
OR_LNLG_IMPLANTS	implant_action_c	string
OR_LNLG_IMPLANTS	implant_num_used	int
OR_LNLG_IMPLANTS	implant_area_c	int
OR_LNLG_IMPLANTS	implant_lateral_c	int
OR_LNLG_IMPLANTS	implant_rsn_wstd_c	int
OR_LNLG_IMPLANTS	implant_created_yn	string
OR_LNLG_IMPLANTS	imp_tray_type_c	string
OR_LNLG_IMPLANTS	imp_tray_id	decimal(18,0)
OR_LNLG_IMPLANTS	implant_flash_yn	string
OR_LNLG_IMPLANTS	flsh_autclve_c	int
OR_LNLG_IMPLANTS	flsh_load	string
OR_LNLG_IMPLANTS	flsh_rsn_c	int
OR_LNLG_IMPLANTS	flsh_ver_by_id	string
OR_LNLG_IMPLANTS	flsh_rslt_c	int
OR_LNLG_IMPLANTS	flsh_pre_rsn_c	int
OR_LNLG_IMPLANTS	implant_scanned_yn	string
OR_LNLG_IMPLANTS	implant_usage_c	int
OR_LNLG_IMPLANTS	implant_unit_charge	decimal(18,2)
OR_LNLG_IMPLANTS	implant_pick_list_id	string
OR_LNLG_IMPLANTS	implant_added_via_expl_adj_yn	string
OR_LNLG_IMPLANTS	was_switched_yn	string
OR_LNLG_IMPLANTS	data_scanned_yn	string
OR_LNLG_IMPLANTS	dl_load_dt	date
OR_LNLG_IMPLANTS	dl_load_ts	timestamp
OR_LNLG_IMPLANTS	ext_implant_ref_ident	string
OR_LOC	loc_id	decimal(18,0)
OR_LOC	dep_id	decimal(18,0)
OR_LOC	tr_skip_sat_yn	string
OR_LOC	tr_skip_sun_yn	string
OR_LOC	eod_offset_days	int
OR_LOC	cm_phy_owner_id	string
OR_LOC	cm_log_owner_id	string
OR_LOC	location_type_c	int
OR_LOC	sup_lkup_tmp_crt_yn	string
OR_LOC	dec_inv_balance_yn	string
OR_LOC	imp_bc_data_mod_id	decimal(18,0)
OR_LOC	imp_bc_hibc_sec_c	int
OR_LOC	new_pat_activity	string
OR_LOC	new_pat_menu	string
OR_LOC	new_pat_lpp_id	decimal(18,0)
OR_LOC	hol_sat_act_c	int
OR_LOC	hol_sun_act_c	int
OR_LOC	hol_sat_skip_yn	string
OR_LOC	hol_sun_skip_yn	string
OR_LOC	hsb_typ_for_case_id	decimal(18,0)
OR_LOC	auto_crt_hsb_yn	string
OR_LOC	use_structure_fr_yn	string
OR_LOC	imp_name_synch_c	int
OR_LOC	dflt_markup_tbl_id	decimal(18,0)
OR_LOC	or_department_id	decimal(18,0)
OR_LOC	anesth_st_event_c	string
OR_LOC	anesth_end_event_c	string
OR_LOC	case_view_only_yn	string
OR_LOC	in_room_event_c	string
OR_LOC	pat_loc_in_room_id	decimal(18,0)
OR_LOC	pat_loc_out_pacu_id	decimal(18,0)
OR_LOC	out_preop_event_c	string
OR_LOC	out_phaseii_event_c	string
OR_LOC	sub_prsrv_inv_lo_yn	string
OR_LOC	hol_sched_warn_c	int
OR_LOC	is_system_defs_yn	string
OR_LOC	release_time	timestamp
OR_LOC	tr_skip_hol_yn	string
OR_LOC	disable_new_hier_yn	string
OR_LOC	location_classification_c	int
OR_LOC	out_room_tracking_event_c	string
OR_LOC	dl_load_dt	date
OR_LOC	dl_load_ts	timestamp
OR_LOC	orinvmgmt_golive_date	timestamp
OR_LOC	orinvmgmt_loc_yn	string
OR_LOG	log_id	string
OR_LOG	log_name	string
OR_LOG	surgery_date	timestamp
OR_LOG	case_type_c	int
OR_LOG	case_class_c	int
OR_LOG	trauma_case_yn	string
OR_LOG	pat_id	string
OR_LOG	pat_age	int
OR_LOG	pat_type_c	string
OR_LOG	postop_conscious_c	int
OR_LOG	preop_conscious_c	int
OR_LOG	preop_bed_id	string
OR_LOG	pacu_bed_id	string
OR_LOG	num_of_panels	int
OR_LOG	request_person	string
OR_LOG	total_time_needed	int
OR_LOG	refer_prov_id	string
OR_LOG	pat_preop_cond_c	int
OR_LOG	pat_postop_cond_c	int
OR_LOG	asa_rating_c	int
OR_LOG	discharge_to_c	int
OR_LOG	disposition_time	timestamp
OR_LOG	discharged_by_id	string
OR_LOG	expired_yn	string
OR_LOG	expired_where_c	int
OR_LOG	expired_time	timestamp
OR_LOG	reported_to_id	string
OR_LOG	reported_by_id	string
OR_LOG	x_rays_taken_yn	string
OR_LOG	preop_xrays_yn	string
OR_LOG	preop_visit_yn	string
OR_LOG	latex_allergic_yn	string
OR_LOG	est_blood_loss	decimal(12,2)
OR_LOG	room_id	string
OR_LOG	loc_id	decimal(18,0)
OR_LOG	priority_c	int
OR_LOG	add_on_case_yn	string
OR_LOG	status_c	int
OR_LOG	service_c	string
OR_LOG	sched_start_time	timestamp
OR_LOG	void_reason_c	int
OR_LOG	touched_by_eod_yn	string
OR_LOG	checkin_instant	timestamp
OR_LOG	patient_escort	string
OR_LOG	case_request_id	string
OR_LOG	record_create_date	timestamp
OR_LOG	rec_create_user_id	string
OR_LOG	special_needs	string
OR_LOG	pre_op_diag	string
OR_LOG	post_op_dx	string
OR_LOG	adt_csn	int
OR_LOG	bld_los_unit	string
OR_LOG	research_ind_c	int
OR_LOG	pacu1_loc_c	int
OR_LOG	reason_over_c	int
OR_LOG	iop_xrays_yn	string
OR_LOG	postop_dest_c	string
OR_LOG	is_confidential_yn	string
OR_LOG	panel1_excl_hx_yn	string
OR_LOG	panel2_excl_hx_yn	string
OR_LOG	panel3_excl_hx_yn	string
OR_LOG	panel4_excl_hx_yn	string
OR_LOG	panel5_excl_hx_yn	string
OR_LOG	addenda_count	int
OR_LOG	req_by_phone	string
OR_LOG	patient_id_verb_yn	string
OR_LOG	pat_has_id_band_yn	string
OR_LOG	pat_blood_band_yn	string
OR_LOG	blood_band_number	string
OR_LOG	consent_conf_by_id	string
OR_LOG	or_rep_to_pacu_id	string
OR_LOG	rep_given_to_other	string
OR_LOG	destination	string
OR_LOG	proph_ab_req_yn	string
OR_LOG	weight	decimal(12,2)
OR_LOG	admit_source_c	string
OR_LOG	admitting_srvc_c	string
OR_LOG	admitting_phys_id	string
OR_LOG	admit_bed_type_c	string
OR_LOG	intraop_disch_to_c	int
OR_LOG	inpatient_data_id	string
OR_LOG	total_cost	decimal(12,2)
OR_LOG	surgeon_cost	decimal(12,2)
OR_LOG	anes_staff_cost	decimal(12,2)
OR_LOG	or_cost	decimal(12,2)
OR_LOG	surg_staff_cost	decimal(12,2)
OR_LOG	surg_equip_cost	decimal(12,2)
OR_LOG	anes_equip_cost	decimal(12,2)
OR_LOG	instr_cost	decimal(12,2)
OR_LOG	proc_cost	decimal(12,2)
OR_LOG	location_cost	decimal(12,2)
OR_LOG	stand_alone_yn	string
OR_LOG	void_comments	string
OR_LOG	cm_phy_owner_id	string
OR_LOG	cm_log_owner_id	string
OR_LOG	log_accepted_yn	string
OR_LOG	proc_level_c	int
OR_LOG	proj_end_instant	timestamp
OR_LOG	log_start_instant	timestamp
OR_LOG	user_proj_end_time	timestamp
OR_LOG	or_time_evts_ent_c	int
OR_LOG	proc_not_perf_c	int
OR_LOG	proc_not_perf_com	string
OR_LOG	log_type_c	int
OR_LOG	phase_two_bed_id	string
OR_LOG	pat_sound_like	string
OR_LOG	case_id	string
OR_LOG	is_clinical_trl_yn	string
OR_LOG	blood_loss_unit_c	int
OR_LOG	sched_instr_edit_yn	string
OR_LOG	pat_instr_edited_yn	string
OR_LOG	nurse_notes_edit_yn	string
OR_LOG	position_notes_e_yn	string
OR_LOG	emerg_status_yn	string
OR_LOG	is_joint_rvsn_yn	string
OR_LOG	record_status_c	int
OR_LOG	form_id_counter	int
OR_LOG	chrgs_at_addend_yn	string
OR_LOG	using_eap_yn	string
OR_LOG	primary_phys_id	string
OR_LOG	dl_load_dt	date
OR_LOG	dl_load_ts	timestamp
OR_LOG	cost_benchmark_used_supply	decimal(18,2)
OR_LOG	cost_benchmark_used_implant	decimal(18,2)
OR_LOG	primary_performing_prov_id	string
OR_LOG_ADDL_CODES	log_id	string
OR_LOG_ADDL_CODES	line	int
OR_LOG_ADDL_CODES	cm_phy_owner_id	string
OR_LOG_ADDL_CODES	cm_log_owner_id	string
OR_LOG_ADDL_CODES	or_log_addl_code_id	decimal(18,0)
OR_LOG_ADDL_CODES	dl_load_dt	date
OR_LOG_ADDL_CODES	dl_load_ts	timestamp
OR_LOG_ALL_PROC	log_id	string
OR_LOG_ALL_PROC	line	int
OR_LOG_ALL_PROC	or_proc_id	string
OR_LOG_ALL_PROC	pos_c	int
OR_LOG_ALL_PROC	anes_type_c	int
OR_LOG_ALL_PROC	lrb_c	int
OR_LOG_ALL_PROC	op_reg_c	int
OR_LOG_ALL_PROC	wnd_cls_c	int
OR_LOG_ALL_PROC	wnd_loc_c	int
OR_LOG_ALL_PROC	all_approach_c	int
OR_LOG_ALL_PROC	all_procs_tot_time	int
OR_LOG_ALL_PROC	all_procs_panel	int
OR_LOG_ALL_PROC	comments	string
OR_LOG_ALL_PROC	ordinal	int
OR_LOG_ALL_PROC	cm_phy_owner_id	string
OR_LOG_ALL_PROC	cm_log_owner_id	string
OR_LOG_ALL_PROC	resource_pref_id	string
OR_LOG_ALL_PROC	picklist_pref_id	string
OR_LOG_ALL_PROC	matched_pref_id	string
OR_LOG_ALL_PROC	dbc_episode_id	decimal(18,0)
OR_LOG_ALL_PROC	proc_eap_id	decimal(18,0)
OR_LOG_ALL_PROC	all_proc_as_ordered	string
OR_LOG_ALL_PROC	all_def_or_proc_id	string
OR_LOG_ALL_PROC	all_proc_code_id	decimal(18,0)
OR_LOG_ALL_PROC	proc_display_name	string
OR_LOG_ALL_PROC	all_procs_incision_closure_c	int
OR_LOG_ALL_PROC	all_nhsn_closure_c	int
OR_LOG_ALL_PROC	all_panel_addl_id	decimal(18,0)
OR_LOG_ALL_PROC	dl_load_dt	date
OR_LOG_ALL_PROC	dl_load_ts	timestamp
OR_LOG_ALL_PROC	all_panel_order_id	decimal(18,0)
OR_LOG_ALL_PROC	proc_name	string
OR_LOG_ALL_PROC	ext_proc_ref_ident	string
OR_LOG_ALL_PROC	assoc_proc_id	decimal(18,0)
OR_LOG_ALL_STAFF	log_id	string
OR_LOG_ALL_STAFF	line	int
OR_LOG_ALL_STAFF	cm_phy_owner_id	string
OR_LOG_ALL_STAFF	cm_log_owner_id	string
OR_LOG_ALL_STAFF	staff_type_map_c	int
OR_LOG_ALL_STAFF	staff_id	string
OR_LOG_ALL_STAFF	role_c	int
OR_LOG_ALL_STAFF	service_c	string
OR_LOG_ALL_STAFF	panel	int
OR_LOG_ALL_STAFF	staff_type_c	string
OR_LOG_ALL_STAFF	anes_staff_type_c	int
OR_LOG_ALL_STAFF	accountble_staff_yn	string
OR_LOG_ALL_STAFF	time_duration_mins	int
OR_LOG_ALL_STAFF	dl_load_dt	date
OR_LOG_ALL_STAFF	dl_load_ts	timestamp
OR_LOG_ALL_SURG	log_id	string
OR_LOG_ALL_SURG	line	int
OR_LOG_ALL_SURG	surg_id	string
OR_LOG_ALL_SURG	role_c	int
OR_LOG_ALL_SURG	service_c	string
OR_LOG_ALL_SURG	start_time	timestamp
OR_LOG_ALL_SURG	end_time	timestamp
OR_LOG_ALL_SURG	total_length	int
OR_LOG_ALL_SURG	panel	int
OR_LOG_ALL_SURG	cm_phy_owner_id	string
OR_LOG_ALL_SURG	cm_log_owner_id	string
OR_LOG_ALL_SURG	rtls_off_yn	string
OR_LOG_ALL_SURG	time_source_status_c	int
OR_LOG_ALL_SURG	start_time_cmt	string
OR_LOG_ALL_SURG	end_time_cmt	string
OR_LOG_ALL_SURG	start_time_docu_id	string
OR_LOG_ALL_SURG	end_time_docu_id	string
OR_LOG_ALL_SURG	dl_load_dt	date
OR_LOG_ALL_SURG	dl_load_ts	timestamp
OR_LOG_CASE_TIMES	log_id	string
OR_LOG_CASE_TIMES	line	int
OR_LOG_CASE_TIMES	tracking_event_c	string
OR_LOG_CASE_TIMES	tracking_time_in	timestamp
OR_LOG_CASE_TIMES	tracking_time_out	timestamp
OR_LOG_CASE_TIMES	tracking_time_elps	int
OR_LOG_CASE_TIMES	track_event_type_c	int
OR_LOG_CASE_TIMES	tracking_status_c	int
OR_LOG_CASE_TIMES	tracking_stat_inst	timestamp
OR_LOG_CASE_TIMES	cm_phy_owner_id	string
OR_LOG_CASE_TIMES	cm_log_owner_id	string
OR_LOG_CASE_TIMES	tracking_pat_location_evnt_id	decimal(18,0)
OR_LOG_CASE_TIMES	tracking_location_id	decimal(18,0)
OR_LOG_CASE_TIMES	interval_event_update_utc_dttm	timestamp
OR_LOG_CASE_TIMES	dl_load_dt	date
OR_LOG_CASE_TIMES	dl_load_ts	timestamp
OR_LOG_CHARGES	log_id	string
OR_LOG_CHARGES	line	int
OR_LOG_CHARGES	cm_phy_owner_id	string
OR_LOG_CHARGES	cm_log_owner_id	string
OR_LOG_CHARGES	unique_id	string
OR_LOG_CHARGES	charge_source_c	string
OR_LOG_CHARGES	update_id	int
OR_LOG_CHARGES	charge_canceled_yn	string
OR_LOG_CHARGES	procedure_code_id	decimal(18,0)
OR_LOG_CHARGES	quantity	int
OR_LOG_CHARGES	amount	decimal(18,2)
OR_LOG_CHARGES	previous_line	int
OR_LOG_CHARGES	supply_id	string
OR_LOG_CHARGES	picklist_type_c	int
OR_LOG_CHARGES	resource_id	string
OR_LOG_CHARGES	resource_type_c	int
OR_LOG_CHARGES	resource_sub_type	int
OR_LOG_CHARGES	cost	decimal(18,2)
OR_LOG_CHARGES	charge_implant_id	string
OR_LOG_CHARGES	cancel_update_id	int
OR_LOG_CHARGES	surgical_proc_id	string
OR_LOG_CHARGES	chrg_svc_prov_id	string
OR_LOG_CHARGES	chrg_pos_id	decimal(18,0)
OR_LOG_CHARGES	charge_bill_prov_id	string
OR_LOG_CHARGES	chrg_ref_prov_id	string
OR_LOG_CHARGES	chrg_orm_id	string
OR_LOG_CHARGES	chrg_service_date	timestamp
OR_LOG_CHARGES	charge_name	string
OR_LOG_CHARGES	chrg_sa_id	decimal(18,0)
OR_LOG_CHARGES	chrg_rev_loc_id	decimal(18,0)
OR_LOG_CHARGES	chrg_dep_id	decimal(18,0)
OR_LOG_CHARGES	charge_referral_id	decimal(18,0)
OR_LOG_CHARGES	cost_center_id	decimal(18,0)
OR_LOG_CHARGES	ext_chrg_code	string
OR_LOG_CHARGES	charge_panel	int
OR_LOG_CHARGES	dbc_episode_id	decimal(18,0)
OR_LOG_CHARGES	chrg_inv_loc_id	decimal(18,0)
OR_LOG_CHARGES	chrg_ref_amt	decimal(18,2)
OR_LOG_CHARGES	chrg_sup_switched_yn	string
OR_LOG_CHARGES	dl_load_dt	date
OR_LOG_CHARGES	dl_load_ts	timestamp
OR_LOG_LN_IMPLANT	log_id	string
OR_LOG_LN_IMPLANT	line	int
OR_LOG_LN_IMPLANT	cm_phy_owner_id	string
OR_LOG_LN_IMPLANT	cm_log_owner_id	string
OR_LOG_LN_IMPLANT	implants_id	string
OR_LOG_LN_IMPLANT	dl_load_dt	date
OR_LOG_LN_IMPLANT	dl_load_ts	timestamp
OR_LOG_TIMING_EVENTS	log_id	string
OR_LOG_TIMING_EVENTS	line	int
OR_LOG_TIMING_EVENTS	cm_phy_owner_id	string
OR_LOG_TIMING_EVENTS	cm_log_owner_id	string
OR_LOG_TIMING_EVENTS	timing_event_c	int
OR_LOG_TIMING_EVENTS	timing_event_dttm	timestamp
OR_LOG_TIMING_EVENTS	dl_load_dt	date
OR_LOG_TIMING_EVENTS	dl_load_ts	timestamp
OR_LOG_VIRTUAL	log_id	string
OR_LOG_VIRTUAL	cm_phy_owner_id	string
OR_LOG_VIRTUAL	cm_log_owner_id	string
OR_LOG_VIRTUAL	primary_anes_type_c	int
OR_LOG_VIRTUAL	resp_anes_id	string
OR_LOG_VIRTUAL	primary_proc_id	string
OR_LOG_VIRTUAL	patient_age	int
OR_LOG_VIRTUAL	number_of_procs	int
OR_LOG_VIRTUAL	first_case_in_rng_yn	string
OR_LOG_VIRTUAL	sch_start_ots_dttm	timestamp
OR_LOG_VIRTUAL	act_start_ots_dttm	timestamp
OR_LOG_VIRTUAL	minutes_late	int
OR_LOG_VIRTUAL	late_case_yn	string
OR_LOG_VIRTUAL	sch_end_ots_dttm	timestamp
OR_LOG_VIRTUAL	act_end_ots_dttm	timestamp
OR_LOG_VIRTUAL	minutes_overrun	int
OR_LOG_VIRTUAL	first_anes_id	string
OR_LOG_VIRTUAL	case_len_min_diff	int
OR_LOG_VIRTUAL	case_len_pct_diff	int
OR_LOG_VIRTUAL	case_len_over_und_c	int
OR_LOG_VIRTUAL	case_len_accurat_yn	string
OR_LOG_VIRTUAL	case_len_min_thresh	int
OR_LOG_VIRTUAL	case_class_compliant_yn	string
OR_LOG_VIRTUAL	case_class_threshold	int
OR_LOG_VIRTUAL	include_org_ots_report_yn	string
OR_LOG_VIRTUAL	include_org_volume_report_yn	string
OR_LOG_VIRTUAL	include_org_cla_report_yn	string
OR_LOG_VIRTUAL	log_exclusion_reason_c	int
OR_LOG_VIRTUAL	dl_load_dt	date
OR_LOG_VIRTUAL	dl_load_ts	timestamp
OR_LOG_VIRTUAL	used_supply_cost_difference	decimal(18,2)
OR_LOG_VIRTUAL	used_implant_cost_difference	decimal(18,2)
OR_OTA	record_id	decimal(18,0)
OR_OTA	cm_phy_owner_id	string
OR_OTA	cm_log_owner_id	string
OR_OTA	contact_num	int
OR_OTA	contact_date	timestamp
OR_OTA	mod_type_c	string
OR_OTA	rel_days_in_advanc	int
OR_OTA	ser_record_id	string
OR_OTA	template_begin_dt	timestamp
OR_OTA	template_end_dt	timestamp
OR_OTA	mod_inst	timestamp
OR_OTA	mod_user_id	string
OR_OTA	template_begin_tm	timestamp
OR_OTA	template_end_tm	timestamp
OR_OTA	from_block_type_c	int
OR_OTA	from_block_id	string
OR_OTA	to_block_type_c	int
OR_OTA	to_block_id	string
OR_OTA	block_start_inst	timestamp
OR_OTA	block_end_inst	timestamp
OR_OTA	template_dt	timestamp
OR_OTA	release_reason_c	int
OR_OTA	release_comments	string
OR_OTA	from_blk_id	decimal(18,0)
OR_OTA	to_blk_id	decimal(18,0)
OR_OTA	unavailable_rsn_c	int
OR_OTA	request_range_c	int
OR_OTA	request_declined_yn	string
OR_OTA	request_declined_comments	string
OR_OTA	request_declined_by_user_id	string
OR_OTA	dl_load_dt	date
OR_OTA	dl_load_ts	timestamp
OR_OTA	underutil_notif_read_yn	string
OR_OTA	template_mod_outdated_yn	string
OR_OTA	or_mn_wave_c	int
OR_OTA	or_mn_next_inst_utc_dttm	timestamp
OR_PROC	or_proc_id	string
OR_PROC	proc_name	string
OR_PROC	inactive_yn	string
OR_PROC	abbrev	string
OR_PROC	proc_mod_yn	string
OR_PROC	usesetngs_from_id	string
OR_PROC	type_of_proc_c	string
OR_PROC	use_calc_times_yn	string
OR_PROC	start_before_time	timestamp
OR_PROC	start_after_time	timestamp
OR_PROC	setup_length	int
OR_PROC	cleanup_length	int
OR_PROC	time_required	int
OR_PROC	time_req_multiple	int
OR_PROC	position_c	int
OR_PROC	lrb_c	int
OR_PROC	operating_region_c	int
OR_PROC	pat_head_pos_c	int
OR_PROC	right_arm_pos_c	int
OR_PROC	left_arm_pos_c	int
OR_PROC	right_leg_pos_c	int
OR_PROC	left_leg_pos_c	int
OR_PROC	anesthesia_type_c	int
OR_PROC	charge_code	string
OR_PROC	picklist_id	string
OR_PROC	mod_max_age	int
OR_PROC	mod_min_age	int
OR_PROC	mod_sex_name	int
OR_PROC	mod_min_age_num	int
OR_PROC	mod_min_age_name	int
OR_PROC	mod_max_age_num	int
OR_PROC	mod_max_age_name	int
OR_PROC	mod_ser_index_id	string
OR_PROC	mod_eaf_index_id	decimal(18,0)
OR_PROC	mod_orp_index_id	string
OR_PROC	record_create_date	timestamp
OR_PROC	rec_create_user_id	string
OR_PROC	patient_inst	string
OR_PROC	proc_desc	string
OR_PROC	proc_notes	string
OR_PROC	sched_instrs	string
OR_PROC	xray_reqs	string
OR_PROC	lab_reqs	string
OR_PROC	nursing_notes	string
OR_PROC	preop_prep_notes	string
OR_PROC	position_notes	string
OR_PROC	primary_ext_id	string
OR_PROC	base_cost	decimal(12,2)
OR_PROC	wound_class_c	int
OR_PROC	wound_loc_c	int
OR_PROC	pl_gen_default_c	int
OR_PROC	pmods_index_1	string
OR_PROC	cost_table_id	decimal(18,0)
OR_PROC	use_avg_stg_frm_id	string
OR_PROC	cm_phy_owner_id	string
OR_PROC	cm_log_owner_id	string
OR_PROC	proc_level_c	int
OR_PROC	mod_svc_index_c	string
OR_PROC	pmods_orp_ser_svc	string
OR_PROC	pmods_orp_eaf_svc	string
OR_PROC	charge_code_id	decimal(18,0)
OR_PROC	rpt_grp1_c	int
OR_PROC	rpt_grp2_c	int
OR_PROC	rpt_grp3_c	int
OR_PROC	rpt_grp4_c	int
OR_PROC	rpt_grp5_c	int
OR_PROC	rpt_grp6_c	int
OR_PROC	rpt_grp7_c	int
OR_PROC	rpt_grp8_c	int
OR_PROC	rpt_grp9_c	int
OR_PROC	rpt_grp10_c	int
OR_PROC	rpt_grp1_str	string
OR_PROC	rpt_grp2_str	string
OR_PROC	rpt_grp3_str	string
OR_PROC	rpt_grp4_str	string
OR_PROC	rpt_grp5_str	string
OR_PROC	rpt_grp1_num	double
OR_PROC	rpt_grp2_num	double
OR_PROC	rpt_grp3_num	double
OR_PROC	rpt_grp4_num	double
OR_PROC	rpt_grp5_num	double
OR_PROC	cpt_benefits_id	decimal(18,0)
OR_PROC	upd_surg_hist_yn	string
OR_PROC	surg_hist_proc_id	decimal(18,0)
OR_PROC	req_imp_yn	string
OR_PROC	or_billing_cat_c	int
OR_PROC	study_order_eap_id	decimal(18,0)
OR_PROC	req_ob_contact_yn	string
OR_PROC	laparoscopic_yn	string
OR_PROC	prnt_pck_yn	string
OR_PROC	pref_group_id	string
OR_PROC	avg_len_for_bill	int
OR_PROC	last_bca_datetime	timestamp
OR_PROC	last_bca_action_c	int
OR_PROC	rec_typ_c	int
OR_PROC	endoscopic_yn	string
OR_PROC	counts_needed_yn	string
OR_PROC	min_imp_chrg_expect	decimal(18,2)
OR_PROC	pat_prep_length	int
OR_PROC	pat_closing_length	int
OR_PROC	dl_load_dt	date
OR_PROC	dl_load_ts	timestamp
OR_PROC_CPT_ID	or_proc_id	string
OR_PROC_CPT_ID	line	int
OR_PROC_CPT_ID	cpt_id	decimal(18,0)
OR_PROC_CPT_ID	real_cpt_code	string
OR_PROC_CPT_ID	cm_phy_owner_id	string
OR_PROC_CPT_ID	cm_log_owner_id	string
OR_PROC_CPT_ID	dl_load_dt	date
OR_PROC_CPT_ID	dl_load_ts	timestamp
OR_PROC_CPT_ID	is_default_code_yn	string
OR_ROOM_TEMPLATE	room_id	string
OR_ROOM_TEMPLATE	day_of_the_week_c	int
OR_ROOM_TEMPLATE	pattern_start_date	timestamp
OR_ROOM_TEMPLATE	pattern_end_date	timestamp
OR_ROOM_TEMPLATE	slot_type_c	int
OR_ROOM_TEMPLATE	slot_start_time	timestamp
OR_ROOM_TEMPLATE	slot_end_time	timestamp
OR_ROOM_TEMPLATE	public_slot_yn	string
OR_ROOM_TEMPLATE	service_c	string
OR_ROOM_TEMPLATE	surgeon_id	string
OR_ROOM_TEMPLATE	group_id	string
OR_ROOM_TEMPLATE	block_key	string
OR_ROOM_TEMPLATE	time_off_reason_c	int
OR_ROOM_TEMPLATE	comments	string
OR_ROOM_TEMPLATE	deployment_id	string
OR_ROOM_TEMPLATE	dl_load_dt	date
OR_ROOM_TEMPLATE	dl_load_ts	timestamp
OR_ROOM_TEMPLATE	responsible_prov_id	string
OR_ROOM_TEMPLATE_AUDIT	department_id	decimal(18,0)
OR_ROOM_TEMPLATE_AUDIT	room_id	string
OR_ROOM_TEMPLATE_AUDIT	audit_dttm	timestamp
OR_ROOM_TEMPLATE_AUDIT	line	int
OR_ROOM_TEMPLATE_AUDIT	audit_action_c	int
OR_ROOM_TEMPLATE_AUDIT	audit_user_id	string
OR_ROOM_TEMPLATE_AUDIT	template_start_date	timestamp
OR_ROOM_TEMPLATE_AUDIT	template_end_date	timestamp
OR_ROOM_TEMPLATE_AUDIT	day_of_week_c	int
OR_ROOM_TEMPLATE_AUDIT	template_start_time	timestamp
OR_ROOM_TEMPLATE_AUDIT	template_end_time	timestamp
OR_ROOM_TEMPLATE_AUDIT	slot_length	int
OR_ROOM_TEMPLATE_AUDIT	block_type_c	int
OR_ROOM_TEMPLATE_AUDIT	block_id	string
OR_ROOM_TEMPLATE_AUDIT	block_key	string
OR_ROOM_TEMPLATE_AUDIT	public_yn	string
OR_ROOM_TEMPLATE_AUDIT	time_type_c	int
OR_ROOM_TEMPLATE_AUDIT	time_off_reason_c	int
OR_ROOM_TEMPLATE_AUDIT	template_comment	string
OR_ROOM_TEMPLATE_AUDIT	deployment_id	string
OR_ROOM_TEMPLATE_AUDIT	service_c	string
OR_ROOM_TEMPLATE_AUDIT	surgeon_id	string
OR_ROOM_TEMPLATE_AUDIT	group_id	string
OR_ROOM_TEMPLATE_AUDIT	responsible_prov_id	string
OR_ROOM_TEMPLATE_AUDIT	dl_load_dt	date
OR_ROOM_TEMPLATE_AUDIT	dl_load_ts	timestamp
OR_SER_SURG_SRVC	prov_id	string
OR_SER_SURG_SRVC	line	int
OR_SER_SURG_SRVC	service_c	string
OR_SER_SURG_SRVC	allow_all_serv_yn	string
OR_SER_SURG_SRVC	loc_id	decimal(18,0)
OR_SER_SURG_SRVC	allow_all_proc_yn	string
OR_SER_SURG_SRVC	cm_phy_owner_id	string
OR_SER_SURG_SRVC	cm_log_owner_id	string
OR_SER_SURG_SRVC	cm_actv_dply_id	string
OR_SER_SURG_SRVC	dl_load_dt	date
OR_SER_SURG_SRVC	dl_load_ts	timestamp
OR_SPLY	supply_id	string
OR_SPLY	supply_name	string
OR_SPLY	active_yn	string
OR_SPLY	abbr	string
OR_SPLY	charge_code	string
OR_SPLY	charge_per_unit	decimal(12,2)
OR_SPLY	cost_per_unit	decimal(12,2)
OR_SPLY	name	string
OR_SPLY	temp_record_yn	string
OR_SPLY	type_of_item_c	string
OR_SPLY	reusable_yn	string
OR_SPLY	pack_yn	string
OR_SPLY	stock_item_c	string
OR_SPLY	lead_time_days	int
OR_SPLY	last_supplier_c	string
OR_SPLY	last_supplier_num	string
OR_SPLY	last_purchs_price	decimal(12,2)
OR_SPLY	rec_create_date	timestamp
OR_SPLY	rec_create_user_id	string
OR_SPLY	primary_ext_id	string
OR_SPLY	item_desc	string
OR_SPLY	comments	string
OR_SPLY	smda_item_yn	string
OR_SPLY	image_file	string
OR_SPLY	chargeable_yn	string
OR_SPLY	latex_product_yn	string
OR_SPLY	pass_through_code	string
OR_SPLY	implant_type_c	int
OR_SPLY	only_in_pack_yn	string
OR_SPLY	consignment_itm_yn	string
OR_SPLY	charge_code_eap_id	decimal(18,0)
OR_SPLY	markup_percentage	decimal(12,2)
OR_SPLY	cm_phy_owner_id	string
OR_SPLY	cm_log_owner_id	string
OR_SPLY	ordering_ratio	decimal(18,2)
OR_SPLY	order_pack_type_c	string
OR_SPLY	surgery_id	string
OR_SPLY	billing_name	string
OR_SPLY	supply_or_drug_c	int
OR_SPLY	lda_type_id	string
OR_SPLY	taxable_yn	string
OR_SPLY	tracked_external_yn	string
OR_SPLY	implant_class_grouper_c	int
OR_SPLY	is_active_mm_c	int
OR_SPLY	clin_ind_lql_id	string
OR_SPLY	record_status_c	int
OR_SPLY	is_eligible_hc_expense_yn	string
OR_SPLY	is_eligible_hc_expnse_sigis_yn	string
OR_SPLY	dl_load_dt	date
OR_SPLY	dl_load_ts	timestamp
OR_SPLY	ndc_id	string
OR_SPLY	supply_contract_status_c	int
ORD_APPT_SRL_NUM	order_proc_id	decimal(18,0)
ORD_APPT_SRL_NUM	line	int
ORD_APPT_SRL_NUM	appts_scheduled	decimal(18,0)
ORD_APPT_SRL_NUM	cm_phy_owner_id	string
ORD_APPT_SRL_NUM	cm_log_owner_id	string
ORD_APPT_SRL_NUM	dl_load_dt	date
ORD_APPT_SRL_NUM	dl_load_ts	timestamp
ORD_BLOOD_ADMIN	order_id	decimal(18,0)
ORD_BLOOD_ADMIN	cm_phy_owner_id	string
ORD_BLOOD_ADMIN	cm_log_owner_id	string
ORD_BLOOD_ADMIN	admin_px_type_c	int
ORD_BLOOD_ADMIN	blood_unit_num	string
ORD_BLOOD_ADMIN	blood_coding_sys_c	int
ORD_BLOOD_ADMIN	blood_unit_nm_src_c	int
ORD_BLOOD_ADMIN	blood_product_code	string
ORD_BLOOD_ADMIN	blood_expiratn_inst	timestamp
ORD_BLOOD_ADMIN	blood_start_instant	timestamp
ORD_BLOOD_ADMIN	blood_end_instant	timestamp
ORD_BLOOD_ADMIN	blood_unit_res_id	decimal(18,0)
ORD_BLOOD_ADMIN	blood_codabar_reg	string
ORD_BLOOD_ADMIN	is_blood_yn	string
ORD_BLOOD_ADMIN	transfuse_amount	int
ORD_BLOOD_ADMIN	transfuse_amount_unit_c	int
ORD_BLOOD_ADMIN	prepare_amount	int
ORD_BLOOD_ADMIN	prepare_amount_unit_c	int
ORD_BLOOD_ADMIN	weight_bld_amount	decimal(18,1)
ORD_BLOOD_ADMIN	weight_bld_unit_c	int
ORD_BLOOD_ADMIN	sav_pat_bloodreqt_yn	string
ORD_BLOOD_ADMIN	no_need_bloodreqt_yn	string
ORD_BLOOD_ADMIN	blood_main_admin	int
ORD_BLOOD_ADMIN	blood_product_typ_c	int
ORD_BLOOD_ADMIN	dl_load_dt	date
ORD_BLOOD_ADMIN	dl_load_ts	timestamp
ORD_DOSING_PARAMS	order_id	decimal(18,0)
ORD_DOSING_PARAMS	cm_phy_owner_id	string
ORD_DOSING_PARAMS	cm_log_owner_id	string
ORD_DOSING_PARAMS	ord_dosing_weight	decimal(12,3)
ORD_DOSING_PARAMS	ord_dw_rec_dttm	timestamp
ORD_DOSING_PARAMS	ord_wt_source_c	int
ORD_DOSING_PARAMS	ord_wt_comments	string
ORD_DOSING_PARAMS	ord_dosing_height	decimal(12,3)
ORD_DOSING_PARAMS	ord_ht_rec_dttm	timestamp
ORD_DOSING_PARAMS	ord_ht_source_c	int
ORD_DOSING_PARAMS	ord_ht_comments	string
ORD_DOSING_PARAMS	ord_dosing_bsa	decimal(12,3)
ORD_DOSING_PARAMS	ord_bsa_src_c	int
ORD_DOSING_PARAMS	ord_bsa_calc_dtl	string
ORD_DOSING_PARAMS	ord_bsa_comments	string
ORD_DOSING_PARAMS	dl_load_dt	date
ORD_DOSING_PARAMS	dl_load_ts	timestamp
ORD_DOSING_PARAMS	pat_reported_weight_source_c	int
ORD_INDICATIONS	order_id	decimal(18,0)
ORD_INDICATIONS	line	int
ORD_INDICATIONS	cm_phy_owner_id	string
ORD_INDICATIONS	cm_log_owner_id	string
ORD_INDICATIONS	indications_id	decimal(18,0)
ORD_INDICATIONS	dl_load_dt	date
ORD_INDICATIONS	dl_load_ts	timestamp
ORD_LDA_LINK	order_id	decimal(18,0)
ORD_LDA_LINK	line	int
ORD_LDA_LINK	lda_id	string
ORD_LDA_LINK	lda_port_c	int
ORD_LDA_LINK	lda_inst_linked_tm	timestamp
ORD_LDA_LINK	lda_comment	string
ORD_LDA_LINK	lda_inst_record_tm	timestamp
ORD_LDA_LINK	lda_user_id	string
ORD_LDA_LINK	lda_edited	int
ORD_LDA_LINK	cm_phy_owner_id	string
ORD_LDA_LINK	cm_log_owner_id	string
ORD_LDA_LINK	enc_csn	decimal(18,0)
ORD_LDA_LINK	dl_load_dt	date
ORD_LDA_LINK	dl_load_ts	timestamp
ORD_MED_USER_ADMIN	order_id	decimal(18,0)
ORD_MED_USER_ADMIN	line	int
ORD_MED_USER_ADMIN	cm_phy_owner_id	string
ORD_MED_USER_ADMIN	cm_log_owner_id	string
ORD_MED_USER_ADMIN	med_user_admn_instr	string
ORD_MED_USER_ADMIN	ordering_date	timestamp
ORD_MED_USER_ADMIN	dl_load_dt	date
ORD_MED_USER_ADMIN	dl_load_ts	timestamp
ORD_SPEC_QUEST	order_id	decimal(18,0)
ORD_SPEC_QUEST	line	int
ORD_SPEC_QUEST	ord_quest_id	string
ORD_SPEC_QUEST	ord_quest_date	timestamp
ORD_SPEC_QUEST	is_answr_byproc_yn	string
ORD_SPEC_QUEST	ord_quest_comp	int
ORD_SPEC_QUEST	ord_quest_resp	string
ORD_SPEC_QUEST	ord_quest_cmt	string
ORD_SPEC_QUEST	cm_phy_owner_id	string
ORD_SPEC_QUEST	cm_log_owner_id	string
ORD_SPEC_QUEST	quest_date_real	double
ORD_SPEC_QUEST	dl_load_dt	date
ORD_SPEC_QUEST	dl_load_ts	timestamp
ORD_SPECIMEN_INFO	order_id	string
ORD_SPECIMEN_INFO	cm_phy_owner_id	string
ORD_SPECIMEN_INFO	cm_log_owner_id	string
ORD_SPECIMEN_INFO	specimen_lab_id	string
ORD_SPECIMEN_INFO	specimen_active_c	string
ORD_SPECIMEN_INFO	specimen_active_utc_dttm	string
ORD_SPECIMEN_INFO	specimen_inactive_utc_dttm	string
ORD_SPECIMEN_INFO	specimen_inactive_c	string
ORD_SPECIMEN_INFO	dl_load_dt	date
ORD_SPECIMEN_INFO	dl_load_ts	timestamp
ORD_VARIANT	order_id	decimal(18,0)
ORD_VARIANT	contact_date_real	double
ORD_VARIANT	line	int
ORD_VARIANT	contact_date	timestamp
ORD_VARIANT	variant_id	decimal(18,0)
ORD_VARIANT	dl_load_dt	date
ORD_VARIANT	dl_load_ts	timestamp
ORDER_ANATOMICAL_REGION	order_id	decimal(18,0)
ORDER_ANATOMICAL_REGION	line	int
ORDER_ANATOMICAL_REGION	cm_phy_owner_id	string
ORDER_ANATOMICAL_REGION	cm_log_owner_id	string
ORDER_ANATOMICAL_REGION	anatomical_region_c	string
ORDER_ANATOMICAL_REGION	dl_load_dt	date
ORDER_ANATOMICAL_REGION	dl_load_ts	timestamp
ORDER_ATTRIBUTE	order_id	decimal(18,0)
ORDER_ATTRIBUTE	line	int
ORDER_ATTRIBUTE	ord_attribute_c	int
ORDER_ATTRIBUTE	cm_phy_owner_id	string
ORDER_ATTRIBUTE	cm_log_owner_id	string
ORDER_ATTRIBUTE	dl_load_dt	date
ORDER_ATTRIBUTE	dl_load_ts	timestamp
ORDER_COMMENT	order_id	decimal(18,0)
ORDER_COMMENT	line	int
ORDER_COMMENT	cm_phy_owner_id	string
ORDER_COMMENT	cm_log_owner_id	string
ORDER_COMMENT	ordering_comment	string
ORDER_COMMENT	dl_load_dt	date
ORDER_COMMENT	dl_load_ts	timestamp
ORDER_DISP_INFO	order_med_id	decimal(18,0)
ORDER_DISP_INFO	contact_date_real	double
ORDER_DISP_INFO	contact_date	timestamp
ORDER_DISP_INFO	pharmacy_usr_id	string
ORDER_DISP_INFO	action_instant	timestamp
ORDER_DISP_INFO	service_date	timestamp
ORDER_DISP_INFO	dispense_phr_id	decimal(18,0)
ORDER_DISP_INFO	inp_admin_line_no	decimal(12,2)
ORDER_DISP_INFO	inp_admin_disp_lnk	decimal(12,2)
ORDER_DISP_INFO	start_number	decimal(12,2)
ORDER_DISP_INFO	dispense_count	decimal(12,2)
ORDER_DISP_INFO	chg_by_comp_yn	string
ORDER_DISP_INFO	group_charge	decimal(13,3)
ORDER_DISP_INFO	ovr_total_chg	decimal(13,3)
ORDER_DISP_INFO	mixture_charge	decimal(13,3)
ORDER_DISP_INFO	verify_cont_dat	string
ORDER_DISP_INFO	return_cnct_dat	string
ORDER_DISP_INFO	disp_vrfy_id	string
ORDER_DISP_INFO	disp_vrfy_inst	timestamp
ORDER_DISP_INFO	charge_drp_inst	timestamp
ORDER_DISP_INFO	dispense_sig	string
ORDER_DISP_INFO	refill_number	decimal(12,2)
ORDER_DISP_INFO	refills_used	decimal(12,2)
ORDER_DISP_INFO	ord_cntct_type_c	int
ORDER_DISP_INFO	dispense_code_c	int
ORDER_DISP_INFO	disp_stat_name	string
ORDER_DISP_INFO	disp_interval	decimal(15,5)
ORDER_DISP_INFO	disp_int_inst	timestamp
ORDER_DISP_INFO	cart_group_c	int
ORDER_DISP_INFO	par_doses	int
ORDER_DISP_INFO	auto_return_yn	string
ORDER_DISP_INFO	disp_vrfy_cart_id	string
ORDER_DISP_INFO	disp_once_yn	string
ORDER_DISP_INFO	disp_type_c	int
ORDER_DISP_INFO	disp_unit_id	decimal(18,0)
ORDER_DISP_INFO	bulk_disp_yn	string
ORDER_DISP_INFO	disp_med_cntct_id	double
ORDER_DISP_INFO	cm_ct_owner_id	string
ORDER_DISP_INFO	verify_contdatreal	double
ORDER_DISP_INFO	return_cnctdatreal	double
ORDER_DISP_INFO	admin_dispdatreal	double
ORDER_DISP_INFO	med_credit_type_c	int
ORDER_DISP_INFO	firstdoses_phr_id	decimal(18,0)
ORDER_DISP_INFO	medadmin_status_c	int
ORDER_DISP_INFO	med_verify_type_c	int
ORDER_DISP_INFO	trigger_fill_yn	string
ORDER_DISP_INFO	trigger_clear_inst	timestamp
ORDER_DISP_INFO	order_charge	decimal(25,3)
ORDER_DISP_INFO	order_cost	decimal(25,3)
ORDER_DISP_INFO	disp_verify_inst	timestamp
ORDER_DISP_INFO	dispense_reason_c	int
ORDER_DISP_INFO	charge_suppress_c	int
ORDER_DISP_INFO	rx_dispense_cart_id	decimal(18,0)
ORDER_DISP_INFO	rx_delivery_dest_id	decimal(18,0)
ORDER_DISP_INFO	fill_phr_id	decimal(18,0)
ORDER_DISP_INFO	rx_num_unfmtted_hx	string
ORDER_DISP_INFO	rx_num_formatted_hx	string
ORDER_DISP_INFO	fill_authphrmcst_id	string
ORDER_DISP_INFO	fill_service_date	timestamp
ORDER_DISP_INFO	fill_number	decimal(18,0)
ORDER_DISP_INFO	fill_subm_clr_c	int
ORDER_DISP_INFO	fill_supply_days	decimal(18,0)
ORDER_DISP_INFO	fill_disp_qty	decimal(18,3)
ORDER_DISP_INFO	fill_int_sup_days	decimal(18,0)
ORDER_DISP_INFO	fill_is_partial_yn	string
ORDER_DISP_INFO	fill_source_c	int
ORDER_DISP_INFO	fill_type_c	int
ORDER_DISP_INFO	fill_status_c	int
ORDER_DISP_INFO	fill_pat_loc_c	int
ORDER_DISP_INFO	fill_priorauthtyp_c	int
ORDER_DISP_INFO	fill_priorauthnum	decimal(18,0)
ORDER_DISP_INFO	fill_disp_qtyunt_c	int
ORDER_DISP_INFO	fill_int_qty	decimal(18,3)
ORDER_DISP_INFO	fill_int_qtyunt_c	int
ORDER_DISP_INFO	chg_status_c	int
ORDER_DISP_INFO	acquisition_cost	decimal(18,3)
ORDER_DISP_INFO	cash_price	decimal(18,3)
ORDER_DISP_INFO	plan_price	decimal(18,3)
ORDER_DISP_INFO	fill_ref_req_stat_c	int
ORDER_DISP_INFO	rx_to_phrm_user_id	string
ORDER_DISP_INFO	rx_to_phrm_usernam	string
ORDER_DISP_INFO	rx_frm_phrm_user_id	string
ORDER_DISP_INFO	rx_frm_phrm_usernam	string
ORDER_DISP_INFO	rx_frm_phrm_id	decimal(18,0)
ORDER_DISP_INFO	rx_frm_phrm_nam	string
ORDER_DISP_INFO	rx_frm_phrm_phnum	string
ORDER_DISP_INFO	rx_to_phrm_nam	string
ORDER_DISP_INFO	rx_to_phrm_phnum	string
ORDER_DISP_INFO	rx_transfer_comment	string
ORDER_DISP_INFO	pat_pay_amount	decimal(18,3)
ORDER_DISP_INFO	rx_chg_suppress_yn	string
ORDER_DISP_INFO	rx_chg_forced_yn	string
ORDER_DISP_INFO	fill_pkg_dispqty	decimal(18,0)
ORDER_DISP_INFO	fill_ndc_csn	string
ORDER_DISP_INFO	disp_whole_pkg_yn	string
ORDER_DISP_INFO	rx_refil_req_ord_id	decimal(18,0)
ORDER_DISP_INFO	has_rx_flags_yn	string
ORDER_DISP_INFO	daw_reason_c	int
ORDER_DISP_INFO	cash_pay_yn	string
ORDER_DISP_INFO	adj_deferred_yn	string
ORDER_DISP_INFO	dl_load_dt	date
ORDER_DISP_INFO	dl_load_ts	timestamp
ORDER_DISP_INFO_2	order_id	decimal(18,0)
ORDER_DISP_INFO_2	contact_date_real	double
ORDER_DISP_INFO_2	contact_date	timestamp
ORDER_DISP_INFO_2	cm_ct_owner_id	string
ORDER_DISP_INFO_2	tracked_disp_info	string
ORDER_DISP_INFO_2	rx_to_phrm_dea	string
ORDER_DISP_INFO_2	rx_xfer_pharmacy_id	decimal(18,0)
ORDER_DISP_INFO_2	rx_xfr_last_disp_dt	timestamp
ORDER_DISP_INFO_2	rx_from_phrm_dea	string
ORDER_DISP_INFO_2	rx_bill_guar_acc_id	decimal(18,0)
ORDER_DISP_INFO_2	rx_bill_hosp_acc_id	decimal(18,0)
ORDER_DISP_INFO_2	pat_pay_amount_calc	decimal(18,2)
ORDER_DISP_INFO_2	pat_pay_amt_reas_c	int
ORDER_DISP_INFO_2	fill_pill_cntr_id	decimal(18,0)
ORDER_DISP_INFO_2	dispense_priority_c	int
ORDER_DISP_INFO_2	was_from_rar_app_yn	string
ORDER_DISP_INFO_2	rx_xfr_frst_disp_dt	timestamp
ORDER_DISP_INFO_2	fully_returned_yn	string
ORDER_DISP_INFO_2	rx_frm_phr_addr	string
ORDER_DISP_INFO_2	rx_to_phr_addr	string
ORDER_DISP_INFO_2	waste_disp_yn	string
ORDER_DISP_INFO_2	rx_rtrn_inv_loc_id	decimal(18,0)
ORDER_DISP_INFO_2	acq_cost_calculated	decimal(18,2)
ORDER_DISP_INFO_2	acq_cost_reas_c	int
ORDER_DISP_INFO_2	acq_cost_ovr	decimal(18,2)
ORDER_DISP_INFO_2	cash_price_calc	decimal(18,2)
ORDER_DISP_INFO_2	cash_price_reas_c	int
ORDER_DISP_INFO_2	cash_price_ovr	decimal(18,2)
ORDER_DISP_INFO_2	pat_pay_amt_ovr	decimal(18,2)
ORDER_DISP_INFO_2	rx_origin_code_c	int
ORDER_DISP_INFO_2	rx_xfer_fill_xfr_yn	string
ORDER_DISP_INFO_2	rx_xfer_qty_xfer	decimal(18,2)
ORDER_DISP_INFO_2	rx_xfr_qty_unit_c	int
ORDER_DISP_INFO_2	wast_chgdatreal_dt	double
ORDER_DISP_INFO_2	ret_wastedatreal_dt	double
ORDER_DISP_INFO_2	rx_waste_chg_yn	string
ORDER_DISP_INFO_2	num_days_supply_yn	string
ORDER_DISP_INFO_2	num_days_to_supply	int
ORDER_DISP_INFO_2	num_doses_to_supply	int
ORDER_DISP_INFO_2	wast_linkdatreal_dt	double
ORDER_DISP_INFO_2	comp_fill_yn	string
ORDER_DISP_INFO_2	part_fill_cvg_su_yn	string
ORDER_DISP_INFO_2	part_fill_parnt_dte	decimal(18,2)
ORDER_DISP_INFO_2	rx_waste_status_c	int
ORDER_DISP_INFO_2	pat_pay_amt_estimat	decimal(18,2)
ORDER_DISP_INFO_2	pat_pay_amt_posted	decimal(18,2)
ORDER_DISP_INFO_2	pat_pay_amt_apprvd	decimal(18,2)
ORDER_DISP_INFO_2	pres_disp_cust_id	string
ORDER_DISP_INFO_2	rx_fill_dc_user_id	string
ORDER_DISP_INFO_2	rx_xfer_leg_conv_yn	string
ORDER_DISP_INFO_2	rx_inv_cntrct_typ_c	int
ORDER_DISP_INFO_2	rx_inv_class_c	int
ORDER_DISP_INFO_2	rx_charge_status_c	int
ORDER_DISP_INFO_2	rx_adm_or_wast_lnk_disp_ord_id	decimal(18,0)
ORDER_DISP_INFO_2	rx_cancel_inst_dttm	timestamp
ORDER_DISP_INFO_2	rx_cancel_user_id	string
ORDER_DISP_INFO_2	rx_waste_source_c	int
ORDER_DISP_INFO_2	rx_disp_waste_dat	string
ORDER_DISP_INFO_2	adjud_comp_line	int
ORDER_DISP_INFO_2	ltc_adjudication_ord_id	decimal(18,0)
ORDER_DISP_INFO_2	ltc_adjudication_flag_c	int
ORDER_DISP_INFO_2	service_dttm	timestamp
ORDER_DISP_INFO_2	rx_patient_class_c	string
ORDER_DISP_INFO_2	rx_bill_payment_id	decimal(18,0)
ORDER_DISP_INFO_2	rx_gen_lot_num	string
ORDER_DISP_INFO_2	admin_chg_datreal	double
ORDER_DISP_INFO_2	apfs_msg_seq_num	int
ORDER_DISP_INFO_2	rx_refill_req_mthd_c	int
ORDER_DISP_INFO_2	rx_refill_req_ser_id	string
ORDER_DISP_INFO_2	rx_refill_req_hip_id	decimal(18,0)
ORDER_DISP_INFO_2	rx_num_lbls_to_prnt	int
ORDER_DISP_INFO_2	rx_lbl_qty_usr_sp_yn	string
ORDER_DISP_INFO_2	prod_exp_date	timestamp
ORDER_DISP_INFO_2	rx_vrfy_pat_csn	decimal(18,2)
ORDER_DISP_INFO_2	rx_active_phr_id	decimal(18,0)
ORDER_DISP_INFO_2	rx_wrkflw_redir_csn	decimal(18,0)
ORDER_DISP_INFO_2	continue_fill_on_dc_dttm	timestamp
ORDER_DISP_INFO_2	fill_day_sup_thpy	int
ORDER_DISP_INFO_2	fill_status_inst_dttm	timestamp
ORDER_DISP_INFO_2	rx_part_fill_pat_charg	decimal(18,3)
ORDER_DISP_INFO_2	multidose_admin_c	int
ORDER_DISP_INFO_2	rx_transition_ovride_stat_c	int
ORDER_DISP_INFO_2	rx_transition_ovride_rsn_c	int
ORDER_DISP_INFO_2	rx_transition_ovride_cmt	string
ORDER_DISP_INFO_2	rx_transition_ovride_usr_id	string
ORDER_DISP_INFO_2	rx_transition_ovride_utc_dttm	timestamp
ORDER_DISP_INFO_2	do_not_flag_inv_yn	string
ORDER_DISP_INFO_2	accum_over_c	int
ORDER_DISP_INFO_2	accum_over_user_id	string
ORDER_DISP_INFO_2	calc_accum_c	int
ORDER_DISP_INFO_2	rx_adv_can_reason_c	int
ORDER_DISP_INFO_2	stock_loc_ovr_id	decimal(18,0)
ORDER_DISP_INFO_2	rx_disp_reject_rsn_c	int
ORDER_DISP_INFO_2	oth_pay_cov_amt	decimal(18,2)
ORDER_DISP_INFO_2	medsync_syncfill_yn	string
ORDER_DISP_INFO_2	pat_pay_cha_approve	decimal(18,2)
ORDER_DISP_INFO_2	calc_waste_date_real	string
ORDER_DISP_INFO_2	reject_redispense_date_real	double
ORDER_DISP_INFO_2	rx_ads_disp_combined_date_real	double
ORDER_DISP_INFO_2	rx_xfer_hub_xfer_yn	string
ORDER_DISP_INFO_2	dl_load_dt	date
ORDER_DISP_INFO_2	dl_load_ts	timestamp
ORDER_DISP_MEDS	order_med_id	decimal(18,0)
ORDER_DISP_MEDS	contact_date_real	double
ORDER_DISP_MEDS	line	int
ORDER_DISP_MEDS	contact_date	timestamp
ORDER_DISP_MEDS	disp_med_id	decimal(18,0)
ORDER_DISP_MEDS	disp_qty	decimal(25,3)
ORDER_DISP_MEDS	disp_qtyunit_c	int
ORDER_DISP_MEDS	disp_ndc_csn	string
ORDER_DISP_MEDS	packages	decimal(12,2)
ORDER_DISP_MEDS	separate_chg_yn	string
ORDER_DISP_MEDS	ovr_comp_cost	decimal(13,3)
ORDER_DISP_MEDS	charge_method_c	int
ORDER_DISP_MEDS	ovr_comp_charge	decimal(13,3)
ORDER_DISP_MEDS	disp_ctype_c	int
ORDER_DISP_MEDS	disp_lotnum	string
ORDER_DISP_MEDS	disp_exp_dt	timestamp
ORDER_DISP_MEDS	comp_charge	decimal(13,3)
ORDER_DISP_MEDS	billing_code	string
ORDER_DISP_MEDS	billing_code_qt	decimal(12,2)
ORDER_DISP_MEDS	chg_amount_used	decimal(13,3)
ORDER_DISP_MEDS	chg_amtunit_c	int
ORDER_DISP_MEDS	comp_cost	decimal(13,3)
ORDER_DISP_MEDS	cm_ct_owner_id	string
ORDER_DISP_MEDS	rx_overfill_qty	decimal(18,2)
ORDER_DISP_MEDS	rx_intended_qty	decimal(13,3)
ORDER_DISP_MEDS	rx_intend_qtyunt_c	int
ORDER_DISP_MEDS	product_scanned_yn	string
ORDER_DISP_MEDS	product_scan_type_c	int
ORDER_DISP_MEDS	wastechg_fail_rsn_c	int
ORDER_DISP_MEDS	rx_qty_disp_unit	decimal(18,2)
ORDER_DISP_MEDS	rx_pick_method_c	int
ORDER_DISP_MEDS	rx_ver_comp_ing_line	int
ORDER_DISP_MEDS	ing_waste_reason_c	int
ORDER_DISP_MEDS	rx_usr_wstqty	decimal(18,2)
ORDER_DISP_MEDS	rx_usr_wstqty_unt_c	int
ORDER_DISP_MEDS	repackage_cnr_id	decimal(18,0)
ORDER_DISP_MEDS	rx_apply_mfr_overfill_yn	string
ORDER_DISP_MEDS	rx_mfr_overfill_volume	decimal(18,4)
ORDER_DISP_MEDS	rx_waste_comment	string
ORDER_DISP_MEDS	compound_record_id	decimal(18,0)
ORDER_DISP_MEDS	cnr_usg_status_c	int
ORDER_DISP_MEDS	dl_load_dt	date
ORDER_DISP_MEDS	dl_load_ts	timestamp
ORDER_DISP_MEDS	rx_is_compon_excl_adjud_yn	string
ORDER_DISP_MEDS	rx_is_compon_filt_adju_c	int
ORDER_DX_MED	order_med_id	decimal(18,0)
ORDER_DX_MED	line	int
ORDER_DX_MED	pat_id	string
ORDER_DX_MED	pat_enc_date_real	double
ORDER_DX_MED	pat_enc_csn_id	decimal(18,0)
ORDER_DX_MED	dx_id	decimal(18,0)
ORDER_DX_MED	icd9_code	string
ORDER_DX_MED	dx_qualifier_c	string
ORDER_DX_MED	cm_phy_owner_id	string
ORDER_DX_MED	cm_log_owner_id	string
ORDER_DX_MED	dx_chronic_yn	string
ORDER_DX_MED	enc_icd_code	string
ORDER_DX_MED	comments	string
ORDER_DX_MED	dl_load_dt	date
ORDER_DX_MED	dl_load_ts	timestamp
ORDER_DX_PROC	order_proc_id	decimal(18,0)
ORDER_DX_PROC	line	int
ORDER_DX_PROC	pat_id	string
ORDER_DX_PROC	pat_enc_date_real	double
ORDER_DX_PROC	pat_enc_csn_id	decimal(18,0)
ORDER_DX_PROC	dx_id	decimal(18,0)
ORDER_DX_PROC	icd9_code	string
ORDER_DX_PROC	dx_qualifier_c	string
ORDER_DX_PROC	comments	string
ORDER_DX_PROC	cm_phy_owner_id	string
ORDER_DX_PROC	cm_log_owner_id	string
ORDER_DX_PROC	dx_chronic_yn	string
ORDER_DX_PROC	enc_icd_code	string
ORDER_DX_PROC	assoc_dx_desc	string
ORDER_DX_PROC	assoc_req_dx_id	decimal(18,0)
ORDER_DX_PROC	dl_load_dt	date
ORDER_DX_PROC	dl_load_ts	timestamp
ORDER_IMPRESSION	order_proc_id	decimal(18,0)
ORDER_IMPRESSION	line	int
ORDER_IMPRESSION	cm_ct_owner_id	string
ORDER_IMPRESSION	impression	string
ORDER_IMPRESSION	ord_date_real	double
ORDER_IMPRESSION	contact_date	timestamp
ORDER_IMPRESSION	dl_load_dt	date
ORDER_IMPRESSION	dl_load_ts	timestamp
ORDER_INSTANTIATED	order_id	decimal(18,0)
ORDER_INSTANTIATED	line	int
ORDER_INSTANTIATED	instntd_order_id	decimal(18,0)
ORDER_INSTANTIATED	instntd_ord_type_c	int
ORDER_INSTANTIATED	cm_phy_owner_id	string
ORDER_INSTANTIATED	cm_log_owner_id	string
ORDER_INSTANTIATED	dl_load_dt	date
ORDER_INSTANTIATED	dl_load_ts	timestamp
ORDER_LAST_EDIT	order_id	decimal(18,0)
ORDER_LAST_EDIT	line	int
ORDER_LAST_EDIT	cm_phy_owner_id	string
ORDER_LAST_EDIT	cm_log_owner_id	string
ORDER_LAST_EDIT	ord_lst_ed_inst_tm	timestamp
ORDER_LAST_EDIT	ord_lst_ed_client	string
ORDER_LAST_EDIT	ord_lst_ed_action_c	int
ORDER_LAST_EDIT	ord_lst_ed_user_id	string
ORDER_LAST_EDIT	ord_lst_ed_order_source_c	int
ORDER_LAST_EDIT	dl_load_dt	date
ORDER_LAST_EDIT	dl_load_ts	timestamp
ORDER_MED	order_med_id	decimal(18,0)
ORDER_MED	pat_id	string
ORDER_MED	pat_enc_date_real	double
ORDER_MED	pat_enc_csn_id	decimal(18,0)
ORDER_MED	ordering_date	timestamp
ORDER_MED	order_class_c	string
ORDER_MED	pharmacy_id	decimal(18,0)
ORDER_MED	cosigner_user_id	string
ORDER_MED	ord_creatr_user_id	string
ORDER_MED	medication_id	decimal(18,0)
ORDER_MED	description	string
ORDER_MED	sig	string
ORDER_MED	dosage	string
ORDER_MED	quantity	string
ORDER_MED	refills	string
ORDER_MED	start_date	timestamp
ORDER_MED	end_date	timestamp
ORDER_MED	disp_as_written_yn	string
ORDER_MED	rsn_for_discon_c	int
ORDER_MED	med_presc_prov_id	string
ORDER_MED	nonfrm_xcpt_cd_c	int
ORDER_MED	panel_med_id	decimal(18,0)
ORDER_MED	serv_area_id	decimal(18,0)
ORDER_MED	update_date	timestamp
ORDER_MED	order_inst	timestamp
ORDER_MED	display_name	string
ORDER_MED	as_medication_id	decimal(18,0)
ORDER_MED	hv_hospitalist_yn	string
ORDER_MED	prov_status	string
ORDER_MED	order_priority_c	int
ORDER_MED	cosign_auth_time	timestamp
ORDER_MED	cosign_user_id	string
ORDER_MED	med_route_c	int
ORDER_MED	discon_user_id	string
ORDER_MED	discon_time	timestamp
ORDER_MED	chng_order_med_id	decimal(18,0)
ORDER_MED	pend_appr_user_id	string
ORDER_MED	pend_appr_flag	string
ORDER_MED	pend_ref_reas_c	int
ORDER_MED	hv_discr_freq_id	string
ORDER_MED	hv_discrete_dose	string
ORDER_MED	hv_dose_unit_c	int
ORDER_MED	ordering_mode	string
ORDER_MED	hv_is_self_adm_yn	string
ORDER_MED	order_start_time	timestamp
ORDER_MED	order_end_time	timestamp
ORDER_MED	hv_verbal_yn	string
ORDER_MED	hv_verbal_prov_id	string
ORDER_MED	hv_vbl_csg_user_id	string
ORDER_MED	hv_vbl_msg_user_id	string
ORDER_MED	verb_csgn_time	timestamp
ORDER_MED	non_formulary_yn	string
ORDER_MED	cm_phy_owner_id	string
ORDER_MED	cm_log_owner_id	string
ORDER_MED	order_status_c	int
ORDER_MED	workstation_id	string
ORDER_MED	authrzing_prov_id	string
ORDER_MED	ord_prov_id	string
ORDER_MED	rx_sessrpt_done_yn	string
ORDER_MED	min_discrete_dose	decimal(19,4)
ORDER_MED	max_discrete_dose	decimal(19,4)
ORDER_MED	dose_unit_c	int
ORDER_MED	is_pending_ord_yn	string
ORDER_MED	bulk_disp_yn	string
ORDER_MED	provider_type_c	int
ORDER_MED	pat_loc_id	decimal(18,0)
ORDER_MED	modify_track_c	string
ORDER_MED	specified_first_tm	timestamp
ORDER_MED	sched_start_tm	timestamp
ORDER_MED	act_order_c	int
ORDER_MED	pat_csn_id	decimal(18,0)
ORDER_MED	exp_aft_start_date	timestamp
ORDER_MED	exp_bef_end_date	timestamp
ORDER_MED	med_comments	string
ORDER_MED	user_sel_med_id	decimal(18,0)
ORDER_MED	user_sel_erx_dat	timestamp
ORDER_MED	req_rnverify_yn	string
ORDER_MED	mdl_id	decimal(18,0)
ORDER_MED	lastdose	string
ORDER_MED	informant_c	int
ORDER_MED	amb_med_disp_name	string
ORDER_MED	mru_eval_rxdisp_id	decimal(18,0)
ORDER_MED	mrca_eval_rxdisp_id	decimal(18,0)
ORDER_MED	calc_rate_frm_vd_yn	string
ORDER_MED	weight_based_yn	string
ORDER_MED	weight_review_yn	string
ORDER_MED	ord_tm_weight	decimal(18,1)
ORDER_MED	order_time_wt_inst	timestamp
ORDER_MED	review_weight	decimal(18,1)
ORDER_MED	review_weight_inst	timestamp
ORDER_MED	refills_remaining	decimal(18,0)
ORDER_MED	med_refill_prov_id	string
ORDER_MED	old_order_id	decimal(18,0)
ORDER_MED	old_order_dat	string
ORDER_MED	rule_based_ord_t_yn	string
ORDER_MED	resume_status_c	int
ORDER_MED	user_id_of_prov	string
ORDER_MED	login_dep_id	decimal(18,0)
ORDER_MED	session_key	string
ORDER_MED	ordering_mode_c	int
ORDER_MED	pend_approve_flag_c	int
ORDER_MED	prov_status_c	int
ORDER_MED	nf_post_verif_yn	string
ORDER_MED	ext_elg_source_id	string
ORDER_MED	ext_elg_member_id	string
ORDER_MED	ext_formulary_id	string
ORDER_MED	ext_coverage_id	string
ORDER_MED	ext_copay_id	string
ORDER_MED	ext_pharmacy_type_c	int
ORDER_MED	ext_formulary_stat	string
ORDER_MED	ext_cov_age_lmt_yn	string
ORDER_MED	ext_cov_exclus_yn	string
ORDER_MED	ext_cov_sex_lmt_yn	string
ORDER_MED	ext_cov_med_ncst_yn	string
ORDER_MED	ext_cov_pri_auth_yn	string
ORDER_MED	ext_cov_qnty_lmt_yn	string
ORDER_MED	ext_cov_lnk_drug_yn	string
ORDER_MED	ext_cov_lnk_smry_yn	string
ORDER_MED	ext_cov_step_med_yn	string
ORDER_MED	ext_cov_step_thr_yn	string
ORDER_MED	ext_cov_text_msg_yn	string
ORDER_MED	usr_sel_ims_yn	string
ORDER_MED	indication_comments	string
ORDER_MED	dose_adj_type_c	int
ORDER_MED	dose_adj_overrid_yn	string
ORDER_MED	max_dose	decimal(18,4)
ORDER_MED	max_dose_unit_c	int
ORDER_MED	prn_comment	string
ORDER_MED	inst_of_update_tm	timestamp
ORDER_MED	pend_action_c	int
ORDER_MED	med_dis_disp_qty	decimal(19,4)
ORDER_MED	med_dis_disp_unit_c	int
ORDER_MED	end_before_cmp_inst	timestamp
ORDER_MED	bsa_based_yn	string
ORDER_MED	bsa_review_yn	string
ORDER_MED	ord_tm_bsa	decimal(18,2)
ORDER_MED	review_bsa	decimal(18,2)
ORDER_MED	last_dose_time	string
ORDER_MED	dl_load_dt	date
ORDER_MED	dl_load_ts	timestamp
ORDER_MED_2	order_id	decimal(18,0)
ORDER_MED_2	cm_phy_owner_id	string
ORDER_MED_2	cm_log_owner_id	string
ORDER_MED_2	txt_authprov_name	string
ORDER_MED_2	txt_authprov_dea	string
ORDER_MED_2	txt_authprov_phone	string
ORDER_MED_2	txt_authprov_fax	string
ORDER_MED_2	txt_authprov_street	string
ORDER_MED_2	txt_authprov_city	string
ORDER_MED_2	txt_authprov_stat_c	string
ORDER_MED_2	txt_authprov_zip	string
ORDER_MED_2	rx_num_raw_pharmacy	string
ORDER_MED_2	rx_num_formatted	string
ORDER_MED_2	rx_comments	string
ORDER_MED_2	rx_written_date	timestamp
ORDER_MED_2	cosigner_msg_id	string
ORDER_MED_2	med_discont_enc	decimal(18,2)
ORDER_MED_2	efq_ovrd_day_type	decimal(18,0)
ORDER_MED_2	efq_ovrd_cycl_len	decimal(18,0)
ORDER_MED_2	chart_correction_id	decimal(18,0)
ORDER_MED_2	parent_ce_order_id	decimal(18,0)
ORDER_MED_2	tpl_wt_src_c	int
ORDER_MED_2	override_linked_c	int
ORDER_MED_2	conditional_c	int
ORDER_MED_2	cond_status_c	int
ORDER_MED_2	pended_prev_sig	string
ORDER_MED_2	initiated_time	timestamp
ORDER_MED_2	initiating_user_id	string
ORDER_MED_2	pend_ref_reas_comm	string
ORDER_MED_2	is_saved_order_yn	string
ORDER_MED_2	source_of_pri_ins_c	int
ORDER_MED_2	prioritized_inst_tm	timestamp
ORDER_MED_2	order_quesn_list	string
ORDER_MED_2	ext_pharm_med_name	string
ORDER_MED_2	sig_beforeedit	string
ORDER_MED_2	ord_osq_id	decimal(18,0)
ORDER_MED_2	ord_osq_date	string
ORDER_MED_2	ord_osq_ov_ctx	string
ORDER_MED_2	ord_osq_order_src_c	int
ORDER_MED_2	pend_med_active_yn	string
ORDER_MED_2	pend_prev_ord_id	string
ORDER_MED_2	rx_deferred_yn	string
ORDER_MED_2	txt_authprov_npi	string
ORDER_MED_2	txt_authprov_st_id	string
ORDER_MED_2	ord_trans_method_c	int
ORDER_MED_2	profile_only_rx_yn	string
ORDER_MED_2	disp_qty_rem	decimal(18,2)
ORDER_MED_2	freq_unscheduled_c	int
ORDER_MED_2	duration	int
ORDER_MED_2	frequency	string
ORDER_MED_2	intervention	string
ORDER_MED_2	summ_update_dttm	timestamp
ORDER_MED_2	needs_transmittal_c	int
ORDER_MED_2	last_suspend_dttm	timestamp
ORDER_MED_2	comm_ord_status_c	int
ORDER_MED_2	needs_charge_drop_c	int
ORDER_MED_2	ord_transmtl_com_yn	string
ORDER_MED_2	ss_prl_ord_src_c	int
ORDER_MED_2	cross_enc_ord_c	int
ORDER_MED_2	sign_action_pend_c	int
ORDER_MED_2	orig_med_id	decimal(18,0)
ORDER_MED_2	orig_strength	string
ORDER_MED_2	orig_route_c	int
ORDER_MED_2	orig_med_source_c	int
ORDER_MED_2	orig_dis_disp_qty	decimal(18,4)
ORDER_MED_2	orig_disp_unit_c	int
ORDER_MED_2	orig_start_date	timestamp
ORDER_MED_2	orig_end_date	timestamp
ORDER_MED_2	orig_daw_yn	string
ORDER_MED_2	penddc_status_c	int
ORDER_MED_2	med_disc_refills	int
ORDER_MED_2	back_dated_yn	string
ORDER_MED_2	rx_clinically_rv_yn	string
ORDER_MED_2	prioritized_utc_dttm	timestamp
ORDER_MED_2	medication_pll_ident	string
ORDER_MED_2	dl_load_dt	date
ORDER_MED_2	dl_load_ts	timestamp
ORDER_MED_3	order_id	decimal(18,0)
ORDER_MED_3	cm_phy_owner_id	string
ORDER_MED_3	cm_log_owner_id	string
ORDER_MED_3	orig_rx_dosage	string
ORDER_MED_3	orig_rx_quantity	string
ORDER_MED_3	orig_rx_refills	string
ORDER_MED_3	orig_rx_directions	string
ORDER_MED_3	orig_rx_pre_prov_id	string
ORDER_MED_3	orig_rx_comments	string
ORDER_MED_3	ord_pathway_grp_id	decimal(18,0)
ORDER_MED_3	ord_pathway_grp_csn	decimal(18,0)
ORDER_MED_3	vanco_admin_c	int
ORDER_MED_3	instant_met_dttm	timestamp
ORDER_MED_3	prescrip_exp_date	timestamp
ORDER_MED_3	presc_origin_code_c	int
ORDER_MED_3	pended_prev_disp	string
ORDER_MED_3	ord_auc	decimal(18,2)
ORDER_MED_3	ord_sel_targetauc_c	int
ORDER_MED_3	orig_rx_phrm_id	decimal(18,0)
ORDER_MED_3	ord_phase_of_care_c	int
ORDER_MED_3	original_med_id	decimal(18,0)
ORDER_MED_3	ar_interface_stat_c	int
ORDER_MED_3	interact_comment	string
ORDER_MED_3	copy_pointer_id	decimal(18,0)
ORDER_MED_3	condition_flag	int
ORDER_MED_3	workstn_override_id	string
ORDER_MED_3	print_local_copy_yn	string
ORDER_MED_3	orx_id	decimal(18,0)
ORDER_MED_3	soft_del_flag	string
ORDER_MED_3	selected_for_opc_yn	string
ORDER_MED_3	meds_resyme_reaso_c	int
ORDER_MED_3	meds_dc_reason_c	int
ORDER_MED_3	ip_include_now_c	int
ORDER_MED_3	ip_incl_now_sch_c	int
ORDER_MED_3	ip_num_backdated	int
ORDER_MED_3	last_sched_date	timestamp
ORDER_MED_3	cosign_required	string
ORDER_MED_3	verbal_req_cosign	string
ORDER_MED_3	meds_action_verb_c	int
ORDER_MED_3	med_source_c	int
ORDER_MED_3	crcl_formula_id	decimal(18,0)
ORDER_MED_3	after_order_id	decimal(18,0)
ORDER_MED_3	before_order_id	decimal(18,0)
ORDER_MED_3	diet_comments	string
ORDER_MED_3	end_dt_bef_fill_dt	timestamp
ORDER_MED_3	adjust_sig_yn	string
ORDER_MED_3	prev_poc_c	int
ORDER_MED_3	order_time	timestamp
ORDER_MED_3	rec_archived_yn	string
ORDER_MED_3	is_held_order_c	int
ORDER_MED_3	txt_ordprov_name	string
ORDER_MED_3	txt_ordprov_dea	string
ORDER_MED_3	txt_ordprov_npi	string
ORDER_MED_3	txt_ordprov_phone	string
ORDER_MED_3	txt_ordprov_fax	string
ORDER_MED_3	txt_ordprov_street	string
ORDER_MED_3	txt_ordprov_city	string
ORDER_MED_3	txt_ordprov_state_c	string
ORDER_MED_3	txt_ordprov_zip	string
ORDER_MED_3	rx_serial_number	string
ORDER_MED_3	nochrg_ext_rslt_yn	string
ORDER_MED_3	wt_max_dose	decimal(18,4)
ORDER_MED_3	wt_max_dose_unit_c	int
ORDER_MED_3	max_dose_source_c	int
ORDER_MED_3	src_rx_med_id	decimal(18,0)
ORDER_MED_3	src_rx_quantity	string
ORDER_MED_3	src_rx_dis_disp_qty	decimal(18,4)
ORDER_MED_3	src_rx_disp_unit_c	int
ORDER_MED_3	src_rx_refills	string
ORDER_MED_3	src_rx_directions	string
ORDER_MED_3	src_rx_start_date	timestamp
ORDER_MED_3	src_rx_end_date	timestamp
ORDER_MED_3	src_rx_daw_yn	string
ORDER_MED_3	src_rx_pres_prov_id	string
ORDER_MED_3	src_rx_comments	string
ORDER_MED_3	pat_sig_reply_c	int
ORDER_MED_3	sig_review_user_id	string
ORDER_MED_3	sig_review_ins_dttm	timestamp
ORDER_MED_3	src_rx_written_date	timestamp
ORDER_MED_3	dose_rnd_ack_rsn_c	int
ORDER_MED_3	src_rx_desc	string
ORDER_MED_3	epres_dest_c	int
ORDER_MED_3	ctrl_med_yn	string
ORDER_MED_3	rx_digital_sig	string
ORDER_MED_3	rx_dig_sig_ins_dttm	timestamp
ORDER_MED_3	dea_num_med_auth	string
ORDER_MED_3	ot_epres_failed_yn	string
ORDER_MED_3	dl_load_dt	date
ORDER_MED_3	dl_load_ts	timestamp
ORDER_MED_4	order_id	decimal(18,0)
ORDER_MED_4	cm_phy_owner_id	string
ORDER_MED_4	cm_log_owner_id	string
ORDER_MED_4	e_pres_pat_name	string
ORDER_MED_4	e_pres_pat_addr	string
ORDER_MED_4	e_pres_earliest_dat	timestamp
ORDER_MED_4	e_pres_dea_code_c	int
ORDER_MED_4	two_fact_auth_dttm	timestamp
ORDER_MED_4	ctrl_sum_sent_order	string
ORDER_MED_4	crypt_stat_c	int
ORDER_MED_4	ctrl_med_sum_crypt	string
ORDER_MED_4	epcs_otx_status_c	int
ORDER_MED_4	e_pres_prov_ssn	string
ORDER_MED_4	ot_epres_failed_yn	string
ORDER_MED_4	order_context_id	decimal(18,0)
ORDER_MED_4	prev_ord_context_id	decimal(18,0)
ORDER_MED_4	rx_related_ord_id	decimal(18,0)
ORDER_MED_4	parent_order_id	decimal(18,0)
ORDER_MED_4	linked_op_med_id	decimal(18,0)
ORDER_MED_4	interface_stat_c	int
ORDER_MED_4	presc_ord_sig	string
ORDER_MED_4	presc_ord_med_name	string
ORDER_MED_4	presc_ord_refills	string
ORDER_MED_4	presc_ord_quantity	string
ORDER_MED_4	txt_authprov_ext_yn	string
ORDER_MED_4	txt_ordprov_ext_yn	string
ORDER_MED_4	was_fmly_checked_yn	string
ORDER_MED_4	selected_crcl_src_c	int
ORDER_MED_4	crcl_ord_spec_val	decimal(18,4)
ORDER_MED_4	selected_scr_src_c	int
ORDER_MED_4	scr_ord_spec_val	decimal(18,4)
ORDER_MED_4	transig_language_id	decimal(18,0)
ORDER_MED_4	transig_auto_yn	string
ORDER_MED_4	orig_dose_before_switch	string
ORDER_MED_4	orig_dose_unit_before_switch_c	int
ORDER_MED_4	weight_change_warning_type_c	int
ORDER_MED_4	maxdose_hardstop_yn	string
ORDER_MED_4	txt_authprov_dist_c	int
ORDER_MED_4	txt_authprov_cty_c	string
ORDER_MED_4	txt_authprov_ctry_c	string
ORDER_MED_4	txt_ordprov_house	string
ORDER_MED_4	txt_ordprov_dist_c	int
ORDER_MED_4	txt_ordprov_cnty_c	string
ORDER_MED_4	txt_ordprov_cntry_c	string
ORDER_MED_4	max_bsa	decimal(18,5)
ORDER_MED_4	rx_num_unread_msg	int
ORDER_MED_4	max_daily_dose	decimal(19,4)
ORDER_MED_4	max_dly_dose_unit_c	int
ORDER_MED_4	txt_authprov_house	string
ORDER_MED_4	rx_advancprep_mod_yn	string
ORDER_MED_4	unrounded_dose_min	decimal(19,4)
ORDER_MED_4	unrounded_dose_max	decimal(19,4)
ORDER_MED_4	unround_dose_unit_c	int
ORDER_MED_4	ion_spec_ac_amt	decimal(18,4)
ORDER_MED_4	ion_spec_ac_unit_c	int
ORDER_MED_4	ion_maximize_c	int
ORDER_MED_4	ion_ratio	string
ORDER_MED_4	ion_based_tpn_yn	string
ORDER_MED_4	calc_cl_ac_ratio	decimal(18,2)
ORDER_MED_4	ion_pri_calc_amt_c	int
ORDER_MED_4	use_auc_dose_yn	string
ORDER_MED_4	ion_out_of_date_yn	string
ORDER_MED_4	epres_pharmacy_id	decimal(18,0)
ORDER_MED_4	epres_pharmacist_id	string
ORDER_MED_4	rx_accept_dttm	timestamp
ORDER_MED_4	rptsig_exists_yn	string
ORDER_MED_4	hold_pending_pa_yn	string
ORDER_MED_4	send_pa_req_yn	string
ORDER_MED_4	pa_org_id	decimal(18,0)
ORDER_MED_4	script_sup_id	string
ORDER_MED_4	reorder_autolink_c	int
ORDER_MED_4	rx_orig_comp_name	string
ORDER_MED_4	one_step_medproc_id	decimal(18,0)
ORDER_MED_4	spec_dose_lmt_hr	int
ORDER_MED_4	spec_med_type_c	int
ORDER_MED_4	bulk_chg_frm_file_yn	string
ORDER_MED_4	ben_typ_c	int
ORDER_MED_4	ben_auth_typ_c	int
ORDER_MED_4	ben_auth_code	string
ORDER_MED_4	ben_all_refil_yn	string
ORDER_MED_4	rx_valid_num	string
ORDER_MED_4	rx_transition_id	decimal(18,0)
ORDER_MED_4	rx_transition_stat_c	int
ORDER_MED_4	rx_transition_stat_rsn_c	int
ORDER_MED_4	rx_transition_stat_cmt	string
ORDER_MED_4	rx_transition_stat_usr_id	string
ORDER_MED_4	rx_transition_stat_utc_dttm	timestamp
ORDER_MED_4	permission_drug_c	int
ORDER_MED_4	rx_request_type_c	int
ORDER_MED_4	medsync_is_synced_yn	string
ORDER_MED_4	discon_local_time	timestamp
ORDER_MED_4	is_src_ord_rec_yn	string
ORDER_MED_4	disc_wait_pa_yn	string
ORDER_MED_4	medical_cond_id	decimal(18,0)
ORDER_MED_4	ext_dflt_dose	string
ORDER_MED_4	ext_dflt_dose_unit	string
ORDER_MED_4	ext_dflt_freq	string
ORDER_MED_4	ext_dflt_prior	string
ORDER_MED_4	ext_dftl_route	string
ORDER_MED_4	erx_ord_name	string
ORDER_MED_4	dl_load_dt	date
ORDER_MED_4	dl_load_ts	timestamp
ORDER_MED_5	order_id	decimal(18,0)
ORDER_MED_5	cm_phy_owner_id	string
ORDER_MED_5	cm_log_owner_id	string
ORDER_MED_5	free_txt_sup_prov_name	string
ORDER_MED_5	free_txt_sup_prov_is_ext_yn	string
ORDER_MED_5	free_txt_sup_prov_dea	string
ORDER_MED_5	free_txt_sup_prov_npi	string
ORDER_MED_5	free_txt_sup_prov_phone	string
ORDER_MED_5	free_txt_sup_prov_fax	string
ORDER_MED_5	free_txt_sup_prov_street	string
ORDER_MED_5	free_txt_sup_prov_city	string
ORDER_MED_5	free_txt_sup_prov_state_c	string
ORDER_MED_5	free_txt_sup_prov_zip	string
ORDER_MED_5	free_txt_sup_prov_house	string
ORDER_MED_5	free_txt_sup_prov_district_c	int
ORDER_MED_5	free_txt_sup_prov_county_c	string
ORDER_MED_5	free_txt_sup_prov_country_c	string
ORDER_MED_5	selected_crcl_sex_c	string
ORDER_MED_5	med_provenance	string
ORDER_MED_5	medd	decimal(18,3)
ORDER_MED_5	mlsig_sigtype_c	int
ORDER_MED_5	home_health_due_comment	string
ORDER_MED_5	hh_resp_pers_c	int
ORDER_MED_5	base_med_order_id	decimal(18,0)
ORDER_MED_5	multi_prod_ims_yn	string
ORDER_MED_5	pa_disp_override_yn	string
ORDER_MED_5	ddd_atc_code_c	int
ORDER_MED_5	ddd_who_route_c	int
ORDER_MED_5	disallow_renewal_reason_c	int
ORDER_MED_5	rx_valid_until_x_date	timestamp
ORDER_MED_5	communicable_yn	string
ORDER_MED_5	sic_yn	string
ORDER_MED_5	concerns_initiation_yn	string
ORDER_MED_5	disallow_renewal_reason_text	string
ORDER_MED_5	prevent_renewal_yn	string
ORDER_MED_5	treatment_type_yn	string
ORDER_MED_5	rx_type_c	int
ORDER_MED_5	pain_agreement_yn	string
ORDER_MED_5	separate_acct_rsn	string
ORDER_MED_5	prn_min_intrvl	int
ORDER_MED_5	prn_min_intrvl_un_c	int
ORDER_MED_5	ext_kanta_perm_yn	string
ORDER_MED_5	kanta_bkgrnd_created_yn	string
ORDER_MED_5	discon_chart_corr_yn	string
ORDER_MED_5	is_paused_fmk_yn	string
ORDER_MED_5	was_paused_fmk_yn	string
ORDER_MED_5	pause_on_signing_yn	string
ORDER_MED_5	home_health_give_prn_yn	string
ORDER_MED_5	pin_status_c	int
ORDER_MED_5	order_inst_utc_dttm	timestamp
ORDER_MED_5	pca_morphine_equiv_conv_factor	decimal(18,3)
ORDER_MED_5	pca_total_dose_flo_id	string
ORDER_MED_5	no_renew_reason_c	int
ORDER_MED_5	total_mme_per_fill	decimal(18,2)
ORDER_MED_5	orig_rx_order_class_c	string
ORDER_MED_5	hh_not_daily_yn	string
ORDER_MED_5	reimbursemnt_code_c	int
ORDER_MED_5	rx_test_bill_dttm	timestamp
ORDER_MED_5	ordered_days_supply_per_fill	int
ORDER_MED_5	fmk_parent_order_med_id	decimal(18,0)
ORDER_MED_5	fmk_parent_rel_c	int
ORDER_MED_5	visi_flag_yn	string
ORDER_MED_5	auth_prov_nadean	string
ORDER_MED_5	pause_start_dttm	timestamp
ORDER_MED_5	pause_end_dttm	timestamp
ORDER_MED_5	confidentiality_flag_c	int
ORDER_MED_5	interface_order_yn	string
ORDER_MED_5	previous_inr_date	timestamp
ORDER_MED_5	next_inr_date	timestamp
ORDER_MED_5	hh_in_bag_yn	string
ORDER_MED_5	hh_in_pill_box_yn	string
ORDER_MED_5	hh_bag_start_date	timestamp
ORDER_MED_5	hh_bag_end_date	timestamp
ORDER_MED_5	hh_pill_start_date	timestamp
ORDER_MED_5	hh_pill_end_date	timestamp
ORDER_MED_5	discon_pat_enc_date_real	decimal(18,2)
ORDER_MED_5	user_sel_order_template_otl_id	string
ORDER_MED_5	disp_recpnt_name	string
ORDER_MED_5	disp_recpnt_city	string
ORDER_MED_5	disp_recpnt_state_c	string
ORDER_MED_5	disp_recpnt_zip	string
ORDER_MED_5	disp_recpnt_country_2_c	string
ORDER_MED_5	disp_recpnt_house	string
ORDER_MED_5	disp_recpnt_county_2_c	string
ORDER_MED_5	disp_recpnt_district_c	int
ORDER_MED_5	slv_application_status_c	int
ORDER_MED_5	slv_status_update_utc_dttm	timestamp
ORDER_MED_5	discon_locally_c	int
ORDER_MED_5	brand_sel_rsn_c	int
ORDER_MED_5	rec_w_map_erx_yn	string
ORDER_MED_5	unique_order_identifier	string
ORDER_MED_5	dl_load_dt	date
ORDER_MED_5	dl_load_ts	timestamp
ORDER_MED_5	hh_override_dose_yn	string
ORDER_MED_5	hh_in_bag_reviewed_yn	string
ORDER_MED_5	hh_due_times_reviewed_yn	string
ORDER_MED_6	order_med_id	decimal(18,0)
ORDER_MED_6	cm_phy_owner_id	string
ORDER_MED_6	cm_log_owner_id	string
ORDER_MED_6	assistance_medical_cond_id	decimal(18,0)
ORDER_MED_6	assistance_eligibility_freetxt	string
ORDER_MED_6	auth_ser_address_id	string
ORDER_MED_6	order_ser_addr_id	string
ORDER_MED_6	sup_ser_address_id	string
ORDER_MED_6	norway_fest_reimb_pursuant_c	int
ORDER_MED_6	norway_reimbursement_code	string
ORDER_MED_6	norway_reimbursement_dx_id	decimal(18,0)
ORDER_MED_6	helfo_application_yn	string
ORDER_MED_6	helfo_sent_date	timestamp
ORDER_MED_6	helfo_valid_date	timestamp
ORDER_MED_6	helfo_applicant_name	string
ORDER_MED_6	bruksomrade	string
ORDER_MED_6	bruksomrade_medical_cond_id	decimal(18,0)
ORDER_MED_6	blood_sugar_tests_per_day	int
ORDER_MED_6	initiated_prov_id	string
ORDER_MED_6	initiated_org_loc_id	decimal(18,0)
ORDER_MED_6	temp_long_term_in_c	int
ORDER_MED_6	mixture_info	string
ORDER_MED_6	discon_login_department_id	decimal(18,0)
ORDER_MED_6	use_discrete_anticoag_dose_c	int
ORDER_MED_6	no_reimburs_codeset	string
ORDER_MED_6	expected_fill_date	timestamp
ORDER_MED_6	prioritized_inst_utc_dttm	timestamp
ORDER_MED_6	prioritized_inst_dttm	timestamp
ORDER_MED_6	next_sch_inst_at_discon_dttm	timestamp
ORDER_MED_6	next_sch_at_discon_off_sch_yn	string
ORDER_MED_6	ord_sig_has_iou_yn	string
ORDER_MED_6	med_directions_long	string
ORDER_MED_6	user_changed_end_time_yn	string
ORDER_MED_6	orig_med_directions_long	string
ORDER_MED_6	standing_count	int
ORDER_MED_6	standing_count_tp_c	int
ORDER_MED_6	dl_load_dt	date
ORDER_MED_6	dl_load_ts	timestamp
ORDER_MED_6	protocolled_order_id	decimal(18,0)
ORDER_MED_6	count_range	string
ORDER_MED_6	count_range_stnd_tp_c	int
ORDER_MED_6	original_sessionkey	string
ORDER_MED_6	orig_ord_prov_id	string
ORDER_MED_6	order_start_tm	timestamp
ORDER_MED_6	primary_lang_sig_id	decimal(18,0)
ORDER_MED_6	translated_sig_id	decimal(18,0)
ORDER_MED_SIG	order_id	decimal(18,0)
ORDER_MED_SIG	cm_phy_owner_id	string
ORDER_MED_SIG	cm_log_owner_id	string
ORDER_MED_SIG	sig_text	string
ORDER_MED_SIG	dl_load_dt	date
ORDER_MED_SIG	dl_load_ts	timestamp
ORDER_MED_VITALS	order_id	decimal(18,0)
ORDER_MED_VITALS	cm_phy_owner_id	string
ORDER_MED_VITALS	cm_log_owner_id	string
ORDER_MED_VITALS	weight_at_release	decimal(18,2)
ORDER_MED_VITALS	weight_rel_source_c	int
ORDER_MED_VITALS	height_at_release	decimal(18,2)
ORDER_MED_VITALS	height_rel_source_c	int
ORDER_MED_VITALS	bsa_at_release	decimal(18,2)
ORDER_MED_VITALS	bsa_rel_source_c	int
ORDER_MED_VITALS	dl_load_dt	date
ORDER_MED_VITALS	dl_load_ts	timestamp
ORDER_MEDINFO	order_med_id	decimal(18,0)
ORDER_MEDINFO	med_linked_proc_id	decimal(18,0)
ORDER_MEDINFO	med_cnct_dat_real	double
ORDER_MEDINFO	last_admin_inst	timestamp
ORDER_MEDINFO	number_of_doses	int
ORDER_MEDINFO	doses_remaining	int
ORDER_MEDINFO	resume_status_c	int
ORDER_MEDINFO	mixture_type_name	string
ORDER_MEDINFO	modified_rx_mix_yn	string
ORDER_MEDINFO	infusion_type_c	int
ORDER_MEDINFO	min_rate	decimal(19,4)
ORDER_MEDINFO	max_rate	decimal(19,4)
ORDER_MEDINFO	rate_unit_c	int
ORDER_MEDINFO	min_duration	decimal(19,4)
ORDER_MEDINFO	max_duration	decimal(19,4)
ORDER_MEDINFO	duration_unit_name	string
ORDER_MEDINFO	tpn_site_name	string
ORDER_MEDINFO	min_volume	decimal(19,4)
ORDER_MEDINFO	max_volume	decimal(19,4)
ORDER_MEDINFO	volume_unit_c	int
ORDER_MEDINFO	calc_volume_yn	string
ORDER_MEDINFO	stability	decimal(12,2)
ORDER_MEDINFO	stability_unit_nam	string
ORDER_MEDINFO	medication_id	decimal(18,0)
ORDER_MEDINFO	pat_supp_med_yn	string
ORDER_MEDINFO	pat_supp_doses	int
ORDER_MEDINFO	calc_min_dose	decimal(19,4)
ORDER_MEDINFO	calc_max_dose	decimal(19,4)
ORDER_MEDINFO	calc_dose_unit_c	int
ORDER_MEDINFO	calc_dose_info	string
ORDER_MEDINFO	admin_min_dose	decimal(19,4)
ORDER_MEDINFO	admin_max_dose	decimal(19,4)
ORDER_MEDINFO	admin_dose_unit_c	int
ORDER_MEDINFO	donot_disp_yn	string
ORDER_MEDINFO	donot_disp_dose	int
ORDER_MEDINFO	pat_id	string
ORDER_MEDINFO	pat_enc_date_real	double
ORDER_MEDINFO	pat_enc_csn_id	decimal(18,0)
ORDER_MEDINFO	cm_phy_owner_id	string
ORDER_MEDINFO	cm_log_owner_id	string
ORDER_MEDINFO	ordering_date	timestamp
ORDER_MEDINFO	order_class_c	string
ORDER_MEDINFO	conc_name_c	int
ORDER_MEDINFO	let_expire_user_id	string
ORDER_MEDINFO	time_let_expire	timestamp
ORDER_MEDINFO	exp_aft_start_time	timestamp
ORDER_MEDINFO	exp_bef_end_time	timestamp
ORDER_MEDINFO	ord_copied_c	int
ORDER_MEDINFO	order_source_c	int
ORDER_MEDINFO	dflt_discrete_freq	int
ORDER_MEDINFO	dflt_discrete_dose	int
ORDER_MEDINFO	rev_ord_granu_yn	string
ORDER_MEDINFO	exp_days_yn	string
ORDER_MEDINFO	med_contact_dt	timestamp
ORDER_MEDINFO	dose_calc_warning	string
ORDER_MEDINFO	mixture_type_c	int
ORDER_MEDINFO	med_duration_unit_c	int
ORDER_MEDINFO	tpn_site_c	int
ORDER_MEDINFO	stability_unit_c	int
ORDER_MEDINFO	disp_indiv_yn	string
ORDER_MEDINFO	mr_is_persistent_yn	string
ORDER_MEDINFO	mar_admin_type_c	int
ORDER_MEDINFO	ord_comp_yn	string
ORDER_MEDINFO	admin_ord_stat_c	int
ORDER_MEDINFO	meds_suspend_rsn_c	int
ORDER_MEDINFO	rate_calc_info	string
ORDER_MEDINFO	rate_calc_warning	string
ORDER_MEDINFO	dflt_discrete_c	int
ORDER_MEDINFO	pt_sig_smarttext_id	string
ORDER_MEDINFO	dispensable_med_id	decimal(18,0)
ORDER_MEDINFO	timely_threshold	int
ORDER_MEDINFO	rx_manual_overfill	decimal(18,2)
ORDER_MEDINFO	rx_overfill_vol	decimal(18,2)
ORDER_MEDINFO	adm_instr_change_yn	string
ORDER_MEDINFO	is_fam_yn	string
ORDER_MEDINFO	one_step_med_yn	string
ORDER_MEDINFO	rx_overfill_type_c	int
ORDER_MEDINFO	prior_auth_status_c	int
ORDER_MEDINFO	referral_auth_status_c	int
ORDER_MEDINFO	recipe_amount	decimal(19,4)
ORDER_MEDINFO	recipe_unit_c	int
ORDER_MEDINFO	admin_instructions_change_dttm	timestamp
ORDER_MEDINFO	dl_load_dt	date
ORDER_MEDINFO	dl_load_ts	timestamp
ORDER_MEDINFO	addl_dues_remaining	int
ORDER_MEDINFO	has_component_data_c	int
ORDER_MEDINFO	ordered_volume_med_unit_c	int
ORDER_MEDINFO	ordered_volume	decimal(19,4)
ORDER_MEDINFO	rx_energy_based_yn	string
ORDER_MEDMIXINFO	order_med_id	decimal(18,0)
ORDER_MEDMIXINFO	line	int
ORDER_MEDMIXINFO	medication_id	decimal(18,0)
ORDER_MEDMIXINFO	ingredient_type_c	int
ORDER_MEDMIXINFO	min_dose_amount	decimal(13,3)
ORDER_MEDMIXINFO	max_dose_amount	decimal(13,3)
ORDER_MEDMIXINFO	dose_unit_c	int
ORDER_MEDMIXINFO	frequency_id	string
ORDER_MEDMIXINFO	min_infusion_rate	decimal(13,3)
ORDER_MEDMIXINFO	max_infusion_rate	decimal(13,3)
ORDER_MEDMIXINFO	rate_unit_c	int
ORDER_MEDMIXINFO	separate_bag_yn	string
ORDER_MEDMIXINFO	nonformulary_yn	string
ORDER_MEDMIXINFO	selection	string
ORDER_MEDMIXINFO	min_calc_dose_amt	decimal(16,3)
ORDER_MEDMIXINFO	max_calc_dose_amt	decimal(16,3)
ORDER_MEDMIXINFO	calc_dose_unit_c	int
ORDER_MEDMIXINFO	dose_calc_info	string
ORDER_MEDMIXINFO	cm_phy_owner_id	string
ORDER_MEDMIXINFO	cm_log_owner_id	string
ORDER_MEDMIXINFO	calcdosamt_pday	decimal(13,3)
ORDER_MEDMIXINFO	rxm_calc_amtuntpd_c	int
ORDER_MEDMIXINFO	rxm_adds_volume_yn	string
ORDER_MEDMIXINFO	dose_calc_warning	string
ORDER_MEDMIXINFO	rxm_adds_wt_yn	string
ORDER_MEDMIXINFO	rxm_disp_qty	decimal(12,2)
ORDER_MEDMIXINFO	rxm_disp_unit_c	int
ORDER_MEDMIXINFO	rxm_ratio	decimal(18,2)
ORDER_MEDMIXINFO	rxm_ratio_unit_c	int
ORDER_MEDMIXINFO	rxm_dose_rnd_ack_c	int
ORDER_MEDMIXINFO	comp_rx_num_raw	string
ORDER_MEDMIXINFO	comp_rx_num_fmt	string
ORDER_MEDMIXINFO	rx_apply_overfill_yn	string
ORDER_MEDMIXINFO	comp_sig	string
ORDER_MEDMIXINFO	comp_dispense_text	string
ORDER_MEDMIXINFO	med_mixture_text_type_c	int
ORDER_MEDMIXINFO	dl_load_dt	date
ORDER_MEDMIXINFO	dl_load_ts	timestamp
ORDER_METRICS	order_id	decimal(18,0)
ORDER_METRICS	auth_prov_id	string
ORDER_METRICS	ordering_prov_id	string
ORDER_METRICS	ordering_user_id	string
ORDER_METRICS	cpoe_yn	string
ORDER_METRICS	lgq_orderset_id	decimal(18,0)
ORDER_METRICS	user_override_yn	string
ORDER_METRICS	reordered_yn	string
ORDER_METRICS	modified_yn	string
ORDER_METRICS	order_mode	string
ORDER_METRICS	ord_vrb_msgsent_yn	string
ORDER_METRICS	ord_cos_msgsent_yn	string
ORDER_METRICS	discontinue_mode	string
ORDER_METRICS	dsc_vrb_msgsent_yn	string
ORDER_METRICS	dsc_cos_msgsent_yn	string
ORDER_METRICS	order_source_c	int
ORDER_METRICS	prl_orderset_id	decimal(18,0)
ORDER_METRICS	first_verify_cdr	double
ORDER_METRICS	first_dispense_cdr	double
ORDER_METRICS	ord_workstation_id	string
ORDER_METRICS	cm_phy_owner_id	string
ORDER_METRICS	cm_log_owner_id	string
ORDER_METRICS	order_dttm	timestamp
ORDER_METRICS	acknowledge_dttm	timestamp
ORDER_METRICS	session_key	string
ORDER_METRICS	csgn_turnaround_sec	int
ORDER_METRICS	order_desc	string
ORDER_METRICS	display_name	string
ORDER_METRICS	order_status_c	int
ORDER_METRICS	pat_id	string
ORDER_METRICS	pat_enc_csn_id	decimal(18,0)
ORDER_METRICS	active_order_c	int
ORDER_METRICS	order_type_c	int
ORDER_METRICS	original_sessionkey	string
ORDER_METRICS	mu_cpoe_yn	string
ORDER_METRICS	pat_loc_id	decimal(18,0)
ORDER_METRICS	dest_dept_ovride_yn	string
ORDER_METRICS	orig_auth_prov_id	string
ORDER_METRICS	orig_ord_prov_id	string
ORDER_METRICS	canc_dept_ovride_yn	string
ORDER_METRICS	preference_list_type_c	string
ORDER_METRICS	discon_loc_dttm	timestamp
ORDER_METRICS	specimen_recv_date	timestamp
ORDER_METRICS	first_final_loc_dttm	timestamp
ORDER_METRICS	parent_ce_order_id	decimal(18,0)
ORDER_METRICS	dl_load_dt	date
ORDER_METRICS	dl_load_ts	timestamp
ORDER_MODALITY_TYPE	order_id	decimal(18,0)
ORDER_MODALITY_TYPE	line	int
ORDER_MODALITY_TYPE	cm_phy_owner_id	string
ORDER_MODALITY_TYPE	cm_log_owner_id	string
ORDER_MODALITY_TYPE	modality_type_c	int
ORDER_MODALITY_TYPE	dl_load_dt	date
ORDER_MODALITY_TYPE	dl_load_ts	timestamp
ORDER_MYC_INFO	order_proc_id	decimal(18,0)
ORDER_MYC_INFO	release_time	timestamp
ORDER_MYC_INFO	patient_note_id	string
ORDER_MYC_INFO	cm_phy_owner_id	string
ORDER_MYC_INFO	cm_log_owner_id	string
ORDER_MYC_INFO	released_yn	string
ORDER_MYC_INFO	dl_load_dt	date
ORDER_MYC_INFO	dl_load_ts	timestamp
ORDER_NARRATIVE	order_proc_id	decimal(18,0)
ORDER_NARRATIVE	line	int
ORDER_NARRATIVE	cm_ct_owner_id	string
ORDER_NARRATIVE	narrative	string
ORDER_NARRATIVE	ord_date_real	double
ORDER_NARRATIVE	contact_date	timestamp
ORDER_NARRATIVE	is_archived_yn	string
ORDER_NARRATIVE	dl_load_dt	date
ORDER_NARRATIVE	dl_load_ts	timestamp
ORDER_NARRATIVE_20260217	order_proc_id	decimal(18,0)
ORDER_NARRATIVE_20260217	line	int
ORDER_NARRATIVE_20260217	cm_ct_owner_id	string
ORDER_NARRATIVE_20260217	narrative	string
ORDER_NARRATIVE_20260217	ord_date_real	double
ORDER_NARRATIVE_20260217	contact_date	timestamp
ORDER_NARRATIVE_20260217	is_archived_yn	string
ORDER_NARRATIVE_20260217	dl_load_dt	date
ORDER_NARRATIVE_20260217	dl_load_ts	timestamp
ORDER_OR_CSN	order_id	decimal(18,0)
ORDER_OR_CSN	cm_phy_owner_id	string
ORDER_OR_CSN	cm_log_owner_id	string
ORDER_OR_CSN	or_csn_num	decimal(18,0)
ORDER_OR_CSN	or_csn_type_c	int
ORDER_OR_CSN	quickform_order_yn	string
ORDER_OR_CSN	case_date_suggestd_yn	string
ORDER_OR_CSN	dl_load_dt	date
ORDER_OR_CSN	dl_load_ts	timestamp
ORDER_OR_CSN	auto_add_to_auth_yn	string
ORDER_PARENT_INFO	order_id	decimal(18,0)
ORDER_PARENT_INFO	cm_phy_owner_id	string
ORDER_PARENT_INFO	cm_log_owner_id	string
ORDER_PARENT_INFO	parent_order_id	decimal(18,0)
ORDER_PARENT_INFO	ordering_dttm	timestamp
ORDER_PARENT_INFO	ord_login_dep_id	decimal(18,0)
ORDER_PARENT_INFO	pat_enc_csn_id	decimal(18,0)
ORDER_PARENT_INFO	pat_contact_dep_id	decimal(18,0)
ORDER_PARENT_INFO	dl_load_dt	date
ORDER_PARENT_INFO	dl_load_ts	timestamp
ORDER_PROC	order_proc_id	decimal(18,0)
ORDER_PROC	pat_id	string
ORDER_PROC	pat_enc_date_real	double
ORDER_PROC	pat_enc_csn_id	decimal(18,0)
ORDER_PROC	result_lab_id	decimal(18,0)
ORDER_PROC	ordering_date	timestamp
ORDER_PROC	order_type_c	int
ORDER_PROC	proc_id	decimal(18,0)
ORDER_PROC	proc_code	string
ORDER_PROC	description	string
ORDER_PROC	order_class_c	string
ORDER_PROC	authrzing_prov_id	string
ORDER_PROC	abnormal_yn	string
ORDER_PROC	billing_prov_id	string
ORDER_PROC	cosigner_user_id	string
ORDER_PROC	ord_creatr_user_id	string
ORDER_PROC	lab_status_c	int
ORDER_PROC	order_status_c	int
ORDER_PROC	modifier1_id	string
ORDER_PROC	modifier2_id	string
ORDER_PROC	modifier3_id	string
ORDER_PROC	modifier4_id	string
ORDER_PROC	quantity	int
ORDER_PROC	reason_for_canc_c	int
ORDER_PROC	future_or_stand	string
ORDER_PROC	standing_exp_date	timestamp
ORDER_PROC	fut_expect_comp_dt	timestamp
ORDER_PROC	standing_occurs	int
ORDER_PROC	stand_orig_occur	int
ORDER_PROC	result_type	string
ORDER_PROC	referring_prov_id	string
ORDER_PROC	refd_to_loc_id	decimal(18,0)
ORDER_PROC	refd_to_speclty_c	string
ORDER_PROC	requested_spec_c	string
ORDER_PROC	rfl_priority	string
ORDER_PROC	rfl_class_c	string
ORDER_PROC	rfl_type_c	string
ORDER_PROC	rsn_for_rfl_c	string
ORDER_PROC	rfl_num_vis	int
ORDER_PROC	rfl_expire_dt	timestamp
ORDER_PROC	interface_stat_c	int
ORDER_PROC	cpt_code	string
ORDER_PROC	update_date	timestamp
ORDER_PROC	serv_area_id	decimal(18,0)
ORDER_PROC	abn_note_id	string
ORDER_PROC	radiology_status_c	int
ORDER_PROC	int_study_c	int
ORDER_PROC	int_study_user_id	string
ORDER_PROC	technologist_id	string
ORDER_PROC	films_used	int
ORDER_PROC	film_size_c	int
ORDER_PROC	number_of_repeats	int
ORDER_PROC	dose	int
ORDER_PROC	proc_bgn_time	timestamp
ORDER_PROC	proc_end_time	timestamp
ORDER_PROC	ris_trans_id	string
ORDER_PROC	order_inst	timestamp
ORDER_PROC	display_name	string
ORDER_PROC	hv_hospitalist_yn	string
ORDER_PROC	prov_status	string
ORDER_PROC	order_priority_c	int
ORDER_PROC	chrg_dropped_time	timestamp
ORDER_PROC	panel_proc_id	decimal(18,0)
ORDER_PROC	cosigner_auth_time	timestamp
ORDER_PROC	cosigned_user_id	string
ORDER_PROC	stand_interval	string
ORDER_PROC	discrete_interval	string
ORDER_PROC	instantiated_time	timestamp
ORDER_PROC	instntor_user_id	string
ORDER_PROC	dept_ref_prov_id	decimal(18,0)
ORDER_PROC	specialty_dep_c	string
ORDER_PROC	ordering_mode	string
ORDER_PROC	specimen_type_c	int
ORDER_PROC	specimen_source_c	int
ORDER_PROC	order_time	timestamp
ORDER_PROC	result_time	timestamp
ORDER_PROC	review_time	timestamp
ORDER_PROC	is_pending_ord_yn	string
ORDER_PROC	proc_start_time	timestamp
ORDER_PROC	problem_list_id	decimal(18,0)
ORDER_PROC	rslts_interpreter	string
ORDER_PROC	proc_ending_time	timestamp
ORDER_PROC	cm_phy_owner_id	string
ORDER_PROC	cm_log_owner_id	string
ORDER_PROC	specified_first_tm	timestamp
ORDER_PROC	sched_start_tm	timestamp
ORDER_PROC	session_key	string
ORDER_PROC	proc_perf_dept_id	decimal(18,0)
ORDER_PROC	proc_perf_prov_id	string
ORDER_PROC	proc_pat_class_c	string
ORDER_PROC	proc_laterality_c	int
ORDER_PROC	proc_possible_yn	string
ORDER_PROC	proc_date	timestamp
ORDER_PROC	labcorp_bill_type_c	string
ORDER_PROC	labcorp_client_id	string
ORDER_PROC	labcorp_control_num	int
ORDER_PROC	no_chg_rsn_c	int
ORDER_PROC	mrk_rslt_msg_imp_yn	string
ORDER_PROC	chng_order_proc_id	decimal(18,0)
ORDER_PROC	rec_archived_yn	string
ORDER_PROC	dl_load_dt	date
ORDER_PROC	dl_load_ts	timestamp
ORDER_PROC_2	order_proc_id	decimal(18,0)
ORDER_PROC_2	prov_id	string
ORDER_PROC_2	mod_begin_tm	timestamp
ORDER_PROC_2	mod_end_tm	timestamp
ORDER_PROC_2	cm_log_owner_id	string
ORDER_PROC_2	cm_phy_owner_id	string
ORDER_PROC_2	override_tm	timestamp
ORDER_PROC_2	rvsn_rsn_c	string
ORDER_PROC_2	change_reason_c	string
ORDER_PROC_2	change_cmt	string
ORDER_PROC_2	study_instance	string
ORDER_PROC_2	charge_tm	timestamp
ORDER_PROC_2	grp_order_proc_id	decimal(18,0)
ORDER_PROC_2	order_priority_c	int
ORDER_PROC_2	balance_adj_yn	string
ORDER_PROC_2	def_bundle_yn	string
ORDER_PROC_2	image_location_c	int
ORDER_PROC_2	images_avail_yn	string
ORDER_PROC_2	pat_loc_id	decimal(18,0)
ORDER_PROC_2	act_order_c	int
ORDER_PROC_2	pat_enc_csn_id	decimal(18,0)
ORDER_PROC_2	let_eod_prnt_date	timestamp
ORDER_PROC_2	path_rslt_date	timestamp
ORDER_PROC_2	order_source_c	int
ORDER_PROC_2	specimn_taken_date	timestamp
ORDER_PROC_2	specimn_taken_time	timestamp
ORDER_PROC_2	let_expire_user_id	string
ORDER_PROC_2	time_let_expire	timestamp
ORDER_PROC_2	exp_aft_start_time	timestamp
ORDER_PROC_2	exp_bef_end_time	timestamp
ORDER_PROC_2	ord_copied_c	int
ORDER_PROC_2	rev_ord_granu_yn	string
ORDER_PROC_2	exp_days_yn	string
ORDER_PROC_2	chrg_method_id	string
ORDER_PROC_2	specimen_comments	string
ORDER_PROC_2	specimen_recv_date	timestamp
ORDER_PROC_2	specimen_recv_time	timestamp
ORDER_PROC_2	collector_idn	string
ORDER_PROC_2	collector_user_id	string
ORDER_PROC_2	future_approx_dt_yn	string
ORDER_PROC_2	last_stand_perf_dt	timestamp
ORDER_PROC_2	last_stand_perf_tm	timestamp
ORDER_PROC_2	performing_dept_id	decimal(18,0)
ORDER_PROC_2	original_ord_id	decimal(18,0)
ORDER_PROC_2	external_ord_id	string
ORDER_PROC_2	remarks_hno_id	string
ORDER_PROC_2	ser_addressid	string
ORDER_PROC_2	refg_facility_id	decimal(18,0)
ORDER_PROC_2	refd_to_prov_id	string
ORDER_PROC_2	referral_id	decimal(18,0)
ORDER_PROC_2	last_result_upd_tm	timestamp
ORDER_PROC_2	collection_dept_id	decimal(18,0)
ORDER_PROC_2	rule_based_ord_t_yn	string
ORDER_PROC_2	user_id_of_prov	string
ORDER_PROC_2	login_dep_id	decimal(18,0)
ORDER_PROC_2	perfs_filed_inst	timestamp
ORDER_PROC_2	chgs_filed_inst	timestamp
ORDER_PROC_2	nochg_reason_c	int
ORDER_PROC_2	ob_us_mom_res_id	decimal(18,0)
ORDER_PROC_2	result_instant_tm	timestamp
ORDER_PROC_2	appt_status_c	int
ORDER_PROC_2	ord_prv_rout_mthd_c	int
ORDER_PROC_2	ord_prv_rout_addr	string
ORDER_PROC_2	authprv_rout_mthd_c	int
ORDER_PROC_2	auth_prv_rout_addr	string
ORDER_PROC_2	ris_sign_again_r_yn	string
ORDER_PROC_2	abn_waiver_sign_yn	string
ORDER_PROC_2	check_out_comment	string
ORDER_PROC_2	cosigner_msg_id	string
ORDER_PROC_2	rqg_id	decimal(18,0)
ORDER_PROC_2	site_of_collect_c	int
ORDER_PROC_2	lab_cancel_req_id	string
ORDER_PROC_2	protcl_stat_dt	timestamp
ORDER_PROC_2	reading_priority_c	int
ORDER_PROC_2	image_avail_dttm	timestamp
ORDER_PROC_2	protcl_state_c	int
ORDER_PROC_2	lab_chg_trg_yn	string
ORDER_PROC_2	lab_account_id	decimal(18,0)
ORDER_PROC_2	lab_coverage_id	decimal(18,0)
ORDER_PROC_2	lab_dont_bil_ins_yn	string
ORDER_PROC_2	user_context_c	string
ORDER_PROC_2	sched_remove_st_c	int
ORDER_PROC_2	removal_reason_c	int
ORDER_PROC_2	efq_ovrd_day_type	decimal(18,0)
ORDER_PROC_2	efq_ovrd_cycl_len	decimal(18,0)
ORDER_PROC_2	chart_correction_id	decimal(18,0)
ORDER_PROC_2	parent_ce_order_id	decimal(18,0)
ORDER_PROC_2	conditional_c	int
ORDER_PROC_2	cond_status_c	int
ORDER_PROC_2	interface_yn	string
ORDER_PROC_2	initiated_time	timestamp
ORDER_PROC_2	initiating_user_id	string
ORDER_PROC_2	case_panel_num	int
ORDER_PROC_2	is_saved_order_yn	string
ORDER_PROC_2	ovrd_task_temp_id	string
ORDER_PROC_2	source_of_pri_ins_c	int
ORDER_PROC_2	prioritized_inst_tm	timestamp
ORDER_PROC_2	order_quesn_list	string
ORDER_PROC_2	home_care_type_c	int
ORDER_PROC_2	specimen_barcode	string
ORDER_PROC_2	dl_load_dt	date
ORDER_PROC_2	dl_load_ts	timestamp
ORDER_PROC_3	order_id	decimal(18,0)
ORDER_PROC_3	cm_phy_owner_id	string
ORDER_PROC_3	cm_log_owner_id	string
ORDER_PROC_3	mammo_outcome_c	int
ORDER_PROC_3	old_rad_stat_c	int
ORDER_PROC_3	transcriptionist	string
ORDER_PROC_3	ordering_mode_c	int
ORDER_PROC_3	prov_status_c	int
ORDER_PROC_3	result_type_c	int
ORDER_PROC_3	rfl_priority_c	string
ORDER_PROC_3	reflex_order_id	decimal(18,0)
ORDER_PROC_3	protocol_perf_code	string
ORDER_PROC_3	protocol_perf_name	string
ORDER_PROC_3	ord_trans_method_c	int
ORDER_PROC_3	ord_osq_id	decimal(18,0)
ORDER_PROC_3	ord_osq_date	string
ORDER_PROC_3	ord_osq_ov_ctx	string
ORDER_PROC_3	ord_osq_order_src_c	int
ORDER_PROC_3	num_sig_req	int
ORDER_PROC_3	res_by_ext_lab_yn	string
ORDER_PROC_3	specimen_count	int
ORDER_PROC_3	freq_unscheduled_c	int
ORDER_PROC_3	duration	int
ORDER_PROC_3	frequency	string
ORDER_PROC_3	intervention	string
ORDER_PROC_3	summ_update_dttm	timestamp
ORDER_PROC_3	needs_transmittal_c	int
ORDER_PROC_3	needs_charge_drop_c	int
ORDER_PROC_3	ord_transmtl_com_yn	string
ORDER_PROC_3	ss_prl_ord_src_c	int
ORDER_PROC_3	cross_enc_ord_c	int
ORDER_PROC_3	sign_action_pend_c	int
ORDER_PROC_3	stat_comp_user_id	string
ORDER_PROC_3	stat_comp_dttm	timestamp
ORDER_PROC_3	is_ext_read_yn	string
ORDER_PROC_3	penddc_status_c	int
ORDER_PROC_3	autointk_compl_yn	string
ORDER_PROC_3	result_location_c	int
ORDER_PROC_3	stand_eow_id	string
ORDER_PROC_3	expiring_eow_id	string
ORDER_PROC_3	next_pass_num	int
ORDER_PROC_3	ok_to_continue_yn	string
ORDER_PROC_3	inpat_disc_inter_id	string
ORDER_PROC_3	inpat_auto_rlse_yn	string
ORDER_PROC_3	verb_ord_message_id	string
ORDER_PROC_3	ord_pathway_grp_id	decimal(18,0)
ORDER_PROC_3	ord_pathway_grp_csn	decimal(18,0)
ORDER_PROC_3	pending_rtx_yn	string
ORDER_PROC_3	lab_crt_cnct_csn_id	decimal(18,0)
ORDER_PROC_3	lab_spcl_res_type_c	int
ORDER_PROC_3	instant_met_dttm	timestamp
ORDER_PROC_3	last_overall_asmt_c	string
ORDER_PROC_3	revenue_code_id	decimal(18,0)
ORDER_PROC_3	units_requested	int
ORDER_PROC_3	units_approved	int
ORDER_PROC_3	total_price	decimal(18,2)
ORDER_PROC_3	patient_portion	decimal(18,2)
ORDER_PROC_3	auth_required	string
ORDER_PROC_3	net_payable	decimal(18,2)
ORDER_PROC_3	not_covered	string
ORDER_PROC_3	providing_prov_id	string
ORDER_PROC_3	comment_with_cancel	string
ORDER_PROC_3	sched_ord_ext_id	string
ORDER_PROC_3	auto_generated_yn	string
ORDER_PROC_3	soft_del_flag	string
ORDER_PROC_3	is_chrg_ready_c	string
ORDER_PROC_3	charge_trig_rslt_c	int
ORDER_PROC_3	path_narr_note_id	string
ORDER_PROC_3	result_track_sts_c	int
ORDER_PROC_3	ord_phase_of_care_c	int
ORDER_PROC_3	workstn_override_id	string
ORDER_PROC_3	requested_dept	string
ORDER_PROC_3	requested_datetime	timestamp
ORDER_PROC_3	print_local_copy_yn	string
ORDER_PROC_3	orx_id	decimal(18,0)
ORDER_PROC_3	released_insta_dttm	timestamp
ORDER_PROC_3	hqid	string
ORDER_PROC_3	last_sche_inst_dttm	timestamp
ORDER_PROC_3	ar_interface_stat_c	int
ORDER_PROC_3	interact_comment	string
ORDER_PROC_3	copy_pointer_id	decimal(18,0)
ORDER_PROC_3	after_order_id	string
ORDER_PROC_3	before_order_id	string
ORDER_PROC_3	diet_comments	string
ORDER_PROC_3	ord_condition_flag	int
ORDER_PROC_3	prev_poc_c	int
ORDER_PROC_3	cor_aftr_final_dttm	timestamp
ORDER_PROC_3	override_rrrecp_c	int
ORDER_PROC_3	is_held_order_c	int
ORDER_PROC_3	nochrg_ext_rslt_yn	string
ORDER_PROC_3	proc_perf_loc_id	decimal(18,0)
ORDER_PROC_3	protocol_status_c	int
ORDER_PROC_3	protcl_asgn_pool_id	string
ORDER_PROC_3	protcl_asgn_prov_id	string
ORDER_PROC_3	excl_from_mqsa_yn	string
ORDER_PROC_3	order_context_id	decimal(18,0)
ORDER_PROC_3	prev_ord_context_id	decimal(18,0)
ORDER_PROC_3	context_created_id	decimal(18,0)
ORDER_PROC_3	collect_ppid_req_c	int
ORDER_PROC_3	dl_load_dt	date
ORDER_PROC_3	dl_load_ts	timestamp
ORDER_PROC_4	order_id	decimal(18,0)
ORDER_PROC_4	cm_phy_owner_id	string
ORDER_PROC_4	cm_log_owner_id	string
ORDER_PROC_4	quesr_series_id	decimal(18,0)
ORDER_PROC_4	quesr_series_ans_id	decimal(18,0)
ORDER_PROC_4	last_mammo_ord_id	decimal(18,0)
ORDER_PROC_4	last_mammo_loc_id	decimal(18,0)
ORDER_PROC_4	last_mammo_proc_nam	string
ORDER_PROC_4	last_mammo_date	timestamp
ORDER_PROC_4	last_mammo_weight	decimal(18,2)
ORDER_PROC_4	exam_mammo_weight	decimal(18,2)
ORDER_PROC_4	last_mam_wt_recd_dt	timestamp
ORDER_PROC_4	exam_mam_wt_recd_dt	timestamp
ORDER_PROC_4	mam_hx_revd_user_id	string
ORDER_PROC_4	mammo_baseline_yn	string
ORDER_PROC_4	last_mammo_ext_yn	string
ORDER_PROC_4	mammo_weight_change	decimal(18,2)
ORDER_PROC_4	mam_wt_chng_recd_dt	decimal(18,2)
ORDER_PROC_4	caselog_pref_crd_id	string
ORDER_PROC_4	mam_hormone_none_yn	string
ORDER_PROC_4	mammo_hx_revd_dttm	timestamp
ORDER_PROC_4	mam_hormne_rev_u_id	string
ORDER_PROC_4	mam_hormne_rev_dttm	timestamp
ORDER_PROC_4	breast_self_exam_c	int
ORDER_PROC_4	ris_ltr_not_need_yn	string
ORDER_PROC_4	mqsa_excld_on_dttm	timestamp
ORDER_PROC_4	mqsa_excld_rsn_id	string
ORDER_PROC_4	mqsa_excld_user_id	string
ORDER_PROC_4	req_per_period	int
ORDER_PROC_4	req_freq_c	int
ORDER_PROC_4	req_periods	int
ORDER_PROC_4	appr_per_period	int
ORDER_PROC_4	appr_freq_c	int
ORDER_PROC_4	appr_periods	int
ORDER_PROC_4	proc_lnc_id	decimal(18,0)
ORDER_PROC_4	proc_lnc_source_c	int
ORDER_PROC_4	abnormal_noadd_yn	string
ORDER_PROC_4	num_imgs_performed	int
ORDER_PROC_4	iproc_status_c	int
ORDER_PROC_4	spec_draw_type_c	int
ORDER_PROC_4	type_snomed_src_c	int
ORDER_PROC_4	source_snomed_src_c	int
ORDER_PROC_4	potential_addon_yn	string
ORDER_PROC_4	selected_addon_yn	string
ORDER_PROC_4	addon_performed_yn	string
ORDER_PROC_4	anticoag_inr_goal_c	int
ORDER_PROC_4	anticoag_resp_pool_id	decimal(18,0)
ORDER_PROC_4	anticoag_next_inr_dt	timestamp
ORDER_PROC_4	anticoag_weekly_max_dose	decimal(18,1)
ORDER_PROC_4	anticoag_target_end_dt	timestamp
ORDER_PROC_4	anticoag_indefinite_yn	string
ORDER_PROC_4	iproc_status_inst_dttm	timestamp
ORDER_PROC_4	screening_form_id	decimal(18,0)
ORDER_PROC_4	submitter_id	decimal(18,0)
ORDER_PROC_4	bill_to_submitter_c	int
ORDER_PROC_4	indication_comments	string
ORDER_PROC_4	coll_end_dt	timestamp
ORDER_PROC_4	coll_end_tm	timestamp
ORDER_PROC_4	coll_amt	string
ORDER_PROC_4	coll_amt_unit_id	decimal(18,0)
ORDER_PROC_4	dest_ancillary_c	int
ORDER_PROC_4	intended_mgmt_c	int
ORDER_PROC_4	rfl_dif_prob_yn	string
ORDER_PROC_4	proc_instr_saved_yn	string
ORDER_PROC_4	ref_to_prov_addr_id	string
ORDER_PROC_4	workstation_id	string
ORDER_PROC_4	reflex_source_c	int
ORDER_PROC_4	dest_ancly_ovride_yn	string
ORDER_PROC_4	breast_img_type_c	int
ORDER_PROC_4	rout_thread_id	decimal(18,0)
ORDER_PROC_4	not_charge_flag_yn	string
ORDER_PROC_4	not_charge_reason_c	int
ORDER_PROC_4	not_charge_user_id	string
ORDER_PROC_4	not_charge_comment	string
ORDER_PROC_4	img_primary_ord_id	decimal(18,0)
ORDER_PROC_4	otx_lbl_prt_id	decimal(18,0)
ORDER_PROC_4	sched_dur	int
ORDER_PROC_4	sched_dur_is_calc_yn	string
ORDER_PROC_4	sched_dur_buffer	int
ORDER_PROC_4	sched_tol_bef	int
ORDER_PROC_4	sched_tol_aftr	int
ORDER_PROC_4	sched_tol_no_restr_bef_yn	string
ORDER_PROC_4	sched_tol_no_restr_aftr_yn	string
ORDER_PROC_4	not_charge_utc_dttm	timestamp
ORDER_PROC_4	sched_status_c	int
ORDER_PROC_4	return_reason_c	int
ORDER_PROC_4	last_scheduled_utc_dttm	timestamp
ORDER_PROC_4	removal_instant_dttm	timestamp
ORDER_PROC_4	removed_by_user_id	string
ORDER_PROC_4	removal_comments	string
ORDER_PROC_4	return_rsn_remove_c	int
ORDER_PROC_4	protocolled_ord_id	decimal(18,0)
ORDER_PROC_4	protocol_source_id	decimal(18,0)
ORDER_PROC_4	final_approval_yn	string
ORDER_PROC_4	prime_ser_recipient_id	string
ORDER_PROC_4	prime_eaf_recipient_id	decimal(18,0)
ORDER_PROC_4	prime_tex_recipient	string
ORDER_PROC_4	cc_ser_recipient_id	string
ORDER_PROC_4	cc_eaf_recipient_id	decimal(18,0)
ORDER_PROC_4	gen_cat_c	int
ORDER_PROC_4	dl_load_dt	date
ORDER_PROC_4	dl_load_ts	timestamp
ORDER_PROC_5	order_id	decimal(18,0)
ORDER_PROC_5	cm_phy_owner_id	string
ORDER_PROC_5	cm_log_owner_id	string
ORDER_PROC_5	cc_tex_recipient	string
ORDER_PROC_5	prime_dep_recipient_id	decimal(18,0)
ORDER_PROC_5	cc_dep_recipient_id	decimal(18,0)
ORDER_PROC_5	fast_decision_c	int
ORDER_PROC_5	future_relative_expected_dt_c	int
ORDER_PROC_5	future_expected_date_comment_c	int
ORDER_PROC_5	future_expected_date_details	string
ORDER_PROC_5	order_inst_utc_dttm	timestamp
ORDER_PROC_5	minutes_btwn_sched_and_coll	int
ORDER_PROC_5	overread_src_ord_id	decimal(18,0)
ORDER_PROC_5	financial_clearance_status_c	int
ORDER_PROC_5	financial_clearance_utc_dttm	timestamp
ORDER_PROC_5	img_public_rslt_dttm	timestamp
ORDER_PROC_5	img_exam_pat_class_c	string
ORDER_PROC_5	order_received_dttm	timestamp
ORDER_PROC_5	bill_area_id	decimal(18,0)
ORDER_PROC_5	modify_track_c	string
ORDER_PROC_5	pool_was_manual_yn	string
ORDER_PROC_5	incomplete_child_orders	int
ORDER_PROC_5	appt_window_start_time	timestamp
ORDER_PROC_5	myc_tkt_gen_stat_c	int
ORDER_PROC_5	appt_window_end_time	timestamp
ORDER_PROC_5	proc_estimate_id	decimal(18,0)
ORDER_PROC_5	should_generate_pat_est_yn	string
ORDER_PROC_5	osva_srv_type_c	int
ORDER_PROC_5	osva_can_archive_yn	string
ORDER_PROC_5	osva_can_view_c	int
ORDER_PROC_5	osva_start_date	timestamp
ORDER_PROC_5	osva_end_date	timestamp
ORDER_PROC_5	rec_from_outside_c	int
ORDER_PROC_5	sending_org_id	decimal(18,0)
ORDER_PROC_5	fndavtr_doc_info_id	string
ORDER_PROC_5	fndavtr_inreport_yn	string
ORDER_PROC_5	outsourced_svc_authorized_amt	decimal(18,2)
ORDER_PROC_5	outsourced_svc_prov_name	string
ORDER_PROC_5	outsourced_svc_prov_address	string
ORDER_PROC_5	originating_ord_id	decimal(18,0)
ORDER_PROC_5	proc_changed_yn	string
ORDER_PROC_5	actv_exclude_from_cds_reason_c	int
ORDER_PROC_5	actv_exclude_from_cds_utc_dttm	timestamp
ORDER_PROC_5	actv_exclude_from_cds_dttm	timestamp
ORDER_PROC_5	leave_type_c	int
ORDER_PROC_5	leave_start_date	timestamp
ORDER_PROC_5	leave_end_date	timestamp
ORDER_PROC_5	leave_duration	int
ORDER_PROC_5	leave_lightduty_yn	string
ORDER_PROC_5	leave_lightduty_start_date	timestamp
ORDER_PROC_5	leave_lightduty_end_date	timestamp
ORDER_PROC_5	leave_lightduty_duration	int
ORDER_PROC_5	leave_excused_activities_yn	string
ORDER_PROC_5	leave_excused_start_date	timestamp
ORDER_PROC_5	leave_excused_end_date	timestamp
ORDER_PROC_5	leave_excused_duration	int
ORDER_PROC_5	leave_excused_comments	string
ORDER_PROC_5	delivery_request_order_id	decimal(18,0)
ORDER_PROC_5	delivery_request_amount	int
ORDER_PROC_5	active_proc_type_c	int
ORDER_PROC_5	delivery_request_unit_c	int
ORDER_PROC_5	link_econsult_enc_csn	decimal(18,0)
ORDER_PROC_5	adt_order_type_c	int
ORDER_PROC_5	source_org_id	decimal(18,0)
ORDER_PROC_5	parent_ord_inst_dttm	timestamp
ORDER_PROC_5	bi_prelim_outcome_c	int
ORDER_PROC_5	lung_cancer_hx_yn	string
ORDER_PROC_5	pat_age_at_exam	int
ORDER_PROC_5	performed_in_iso_yn	string
ORDER_PROC_5	rad_exam_end_utc_dttm	timestamp
ORDER_PROC_5	prioritized_utc_dttm	timestamp
ORDER_PROC_5	result_update_utc_dttm	timestamp
ORDER_PROC_5	created_by_appt_request_id	decimal(18,0)
ORDER_PROC_5	ord_reflex_schedevent_c	int
ORDER_PROC_5	is_ord_res_net_yn	string
ORDER_PROC_5	proc_svc_type_code_c	int
ORDER_PROC_5	rfl_formality_c	int
ORDER_PROC_5	rfl_requesting_authority_c	int
ORDER_PROC_5	rfl_first_appointment_by_date	timestamp
ORDER_PROC_5	rfl_living_situation_c	int
ORDER_PROC_5	rfl_child_service_c	int
ORDER_PROC_5	rfl_parental_resp_c	int
ORDER_PROC_5	rfl_consent_to_treat_stat_c	int
ORDER_PROC_5	rfl_case_worker_name	string
ORDER_PROC_5	lung_outcome_c	int
ORDER_PROC_5	mam_indication_c	int
ORDER_PROC_5	ord_end_date_real	double
ORDER_PROC_5	has_lab_spec_yn	string
ORDER_PROC_5	has_rslt_cnct_yn	string
ORDER_PROC_5	has_corr_yn	string
ORDER_PROC_5	lab_redraw_reason_c	int
ORDER_PROC_5	panel_release_dttm	timestamp
ORDER_PROC_5	panel_release_utc_dttm	timestamp
ORDER_PROC_5	last_rslt_lab_id	decimal(18,0)
ORDER_PROC_5	proc_cond_grp_c	int
ORDER_PROC_5	mam_tech_img_doc_rev_dttm	timestamp
ORDER_PROC_5	mam_tech_img_doc_rev_user_id	string
ORDER_PROC_5	protcl_stat_utc_dttm	timestamp
ORDER_PROC_5	nmd_3_mam_indication_c	int
ORDER_PROC_5	dl_load_dt	date
ORDER_PROC_5	dl_load_ts	timestamp
ORDER_RAD_ACC_NUM	order_proc_id	decimal(18,0)
ORDER_RAD_ACC_NUM	line	int
ORDER_RAD_ACC_NUM	cm_log_owner_id	string
ORDER_RAD_ACC_NUM	cm_phy_owner_id	string
ORDER_RAD_ACC_NUM	acc_num	string
ORDER_RAD_ACC_NUM	specimen_app_idn	string
ORDER_RAD_ACC_NUM	dl_load_dt	date
ORDER_RAD_ACC_NUM	dl_load_ts	timestamp
ORDER_RAD_PRELIM	order_proc_id	decimal(18,0)
ORDER_RAD_PRELIM	line	int
ORDER_RAD_PRELIM	cm_log_owner_id	string
ORDER_RAD_PRELIM	cm_phy_owner_id	string
ORDER_RAD_PRELIM	prov_id	string
ORDER_RAD_PRELIM	prelim_dt	timestamp
ORDER_RAD_PRELIM	prelim_utc_dttm	timestamp
ORDER_RAD_PRELIM	prelim_local_dttm	timestamp
ORDER_RAD_PRELIM	dl_load_dt	date
ORDER_RAD_PRELIM	dl_load_ts	timestamp
ORDER_RES	finding_id	decimal(18,0)
ORDER_RES	cm_phy_owner_id	string
ORDER_RES	cm_log_owner_id	string
ORDER_RES	result_type_c	int
ORDER_RES	finding_side_c	int
ORDER_RES	fndg_hqa_id	string
ORDER_RES	finding_type_c	int
ORDER_RES	recommendation_c	int
ORDER_RES	reco_side_c	int
ORDER_RES	class_of_lesion_c	int
ORDER_RES	size_of_tumor	decimal(18,2)
ORDER_RES	path_fnd_side_c	int
ORDER_RES	histology_grade_c	int
ORDER_RES	margin_status_c	int
ORDER_RES	nipple_involved_yn	string
ORDER_RES	nodes_removed	int
ORDER_RES	nodes_positive	int
ORDER_RES	stage_c	int
ORDER_RES	estrogen_recp_c	int
ORDER_RES	progesterone_rcp_c	int
ORDER_RES	s_phase	int
ORDER_RES	ob_ultrasound_ga	string
ORDER_RES	ob_us_as_of_date	timestamp
ORDER_RES	needs_follow_up_c	int
ORDER_RES	mammo_due_dt	timestamp
ORDER_RES	mammo_find_form_id	string
ORDER_RES	mammo_find_ctx_c	int
ORDER_RES	original_finding_id	decimal(18,0)
ORDER_RES	graft_id	string
ORDER_RES	dominance_c	int
ORDER_RES	annotation_type_c	int
ORDER_RES	annot_vessel_id	decimal(18,0)
ORDER_RES	annot_segm_id	decimal(18,0)
ORDER_RES	annot_end_segm_id	decimal(18,0)
ORDER_RES	collat_end_ves_id	decimal(18,0)
ORDER_RES	collat_end_segm_id	decimal(18,0)
ORDER_RES	vessel_location_c	int
ORDER_RES	segment_loc_c	int
ORDER_RES	lesion_pre_sten	int
ORDER_RES	lesion_post_sten	int
ORDER_RES	intervention_type_c	int
ORDER_RES	atmos_inflation	decimal(4,2)
ORDER_RES	sec_of_inflation	int
ORDER_RES	stent_length	string
ORDER_RES	stent_diameter	string
ORDER_RES	interventio_seq_num	int
ORDER_RES	graft_prox_anast_id	decimal(18,0)
ORDER_RES	gr_dist_anst_vel_id	decimal(18,0)
ORDER_RES	gr_dist_anst_seg_id	decimal(18,0)
ORDER_RES	graft_seq_num	int
ORDER_RES	update_date	timestamp
ORDER_RES	cast_bookmark	string
ORDER_RES	condition_c	int
ORDER_RES	rec_archived_yn	string
ORDER_RES	tech_doc_user_id	string
ORDER_RES	tech_doc_dttm	timestamp
ORDER_RES	mammo_find_pulfw_yn	string
ORDER_RES	pat_id	string
ORDER_RES	mamfnd_src_find_id	decimal(18,0)
ORDER_RES	mammo_biopsy_type_c	int
ORDER_RES	mamfnd_pfwd_verf_yn	string
ORDER_RES	pat_csn	decimal(18,0)
ORDER_RES	last_finding_id	decimal(18,0)
ORDER_RES	last_lsn_stat_c	int
ORDER_RES	needle_used_c	int
ORDER_RES	conf_of_target_c	int
ORDER_RES	img_device_used_c	int
ORDER_RES	technique_used_c	int
ORDER_RES	biopsy_repeat_typ_c	int
ORDER_RES	myocardial_type_c	int
ORDER_RES	path_result_date	timestamp
ORDER_RES	invasive_size_mm	decimal(18,2)
ORDER_RES	in_situ_size_mm	decimal(18,2)
ORDER_RES	num_of_margins	int
ORDER_RES	surg_ln_biopsy_yn	string
ORDER_RES	spec_comp_submtd_yn	string
ORDER_RES	mam_surgery_type_c	int
ORDER_RES	ln_extra_extnsn_c	int
ORDER_RES	her2_ihc_c	int
ORDER_RES	her2_fish_c	int
ORDER_RES	status_c	int
ORDER_RES	general_recom_c	int
ORDER_RES	gen_rec_anat_rgn_c	string
ORDER_RES	gen_recom_mod_typ_c	int
ORDER_RES	gen_recom_due_in_c	int
ORDER_RES	gen_recom_note_id	string
ORDER_RES	rec_src_finding_id	decimal(18,0)
ORDER_RES	rslt_trk_acty_c	int
ORDER_RES	rslt_trk_finding_c	int
ORDER_RES	rslt_trk_bgn_usr_id	string
ORDER_RES	rslt_trk_begin_dttm	timestamp
ORDER_RES	rslt_trk_end_usr_id	string
ORDER_RES	rslt_trk_end_dttm	timestamp
ORDER_RES	path_lab_order_id	decimal(18,0)
ORDER_RES	path_document_id	string
ORDER_RES	path_biopsy_date	timestamp
ORDER_RES	path_note_id	string
ORDER_RES	excl_frm_cancer_cnt_yn	string
ORDER_RES	concordant_yn	string
ORDER_RES	rslt_trk_fnd_commnt	string
ORDER_RES	result_name	string
ORDER_RES	dl_load_dt	date
ORDER_RES	dl_load_ts	timestamp
ORDER_RES_COMMENT	order_id	decimal(18,0)
ORDER_RES_COMMENT	contact_date_real	double
ORDER_RES_COMMENT	line	int
ORDER_RES_COMMENT	contact_date	timestamp
ORDER_RES_COMMENT	cm_ct_owner_id	string
ORDER_RES_COMMENT	results_cmt	string
ORDER_RES_COMMENT	component_id	decimal(18,0)
ORDER_RES_COMMENT	line_comment	int
ORDER_RES_COMMENT	dl_load_dt	date
ORDER_RES_COMMENT	dl_load_ts	timestamp
ORDER_RES_COMP_CMT	order_id	decimal(18,0)
ORDER_RES_COMP_CMT	contact_date_real	double
ORDER_RES_COMP_CMT	line_comp	int
ORDER_RES_COMP_CMT	contact_date	timestamp
ORDER_RES_COMP_CMT	component_id	decimal(18,0)
ORDER_RES_COMP_CMT	line_comment	int
ORDER_RES_COMP_CMT	cm_ct_owner_id	string
ORDER_RES_COMP_CMT	results_comp_cmt	string
ORDER_RES_COMP_CMT	row_marked_for_delete	int
ORDER_RES_COMP_CMT	dl_load_dt	date
ORDER_RES_COMP_CMT	dl_load_ts	timestamp
ORDER_RES_PATH	finding_id	decimal(18,0)
ORDER_RES_PATH	line	int
ORDER_RES_PATH	cm_phy_owner_id	string
ORDER_RES_PATH	cm_log_owner_id	string
ORDER_RES_PATH	path_codes_c	int
ORDER_RES_PATH	malignancy_type_c	int
ORDER_RES_PATH	dl_load_dt	date
ORDER_RES_PATH	dl_load_ts	timestamp
ORDER_RESULTS	order_proc_id	decimal(18,0)
ORDER_RESULTS	line	int
ORDER_RESULTS	ord_date_real	double
ORDER_RESULTS	ord_end_date_real	double
ORDER_RESULTS	result_date	timestamp
ORDER_RESULTS	component_id	decimal(18,0)
ORDER_RESULTS	pat_id	string
ORDER_RESULTS	pat_enc_date_real	double
ORDER_RESULTS	pat_enc_csn_id	decimal(18,0)
ORDER_RESULTS	ord_value	string
ORDER_RESULTS	ord_num_value	double
ORDER_RESULTS	result_flag_c	string
ORDER_RESULTS	reference_low	string
ORDER_RESULTS	reference_high	string
ORDER_RESULTS	reference_unit	string
ORDER_RESULTS	result_status_c	int
ORDER_RESULTS	result_sub_idn	string
ORDER_RESULTS	lab_status_c	int
ORDER_RESULTS	interface_yn	string
ORDER_RESULTS	serv_area_id	decimal(18,0)
ORDER_RESULTS	result_time	timestamp
ORDER_RESULTS	resulting_lab_id	decimal(18,0)
ORDER_RESULTS	cm_ct_owner_id	string
ORDER_RESULTS	component_comment	string
ORDER_RESULTS	result_in_range_yn	string
ORDER_RESULTS	ref_normal_vals	string
ORDER_RESULTS	lrr_based_organ_id	decimal(18,0)
ORDER_RESULTS	comp_res_technicia	string
ORDER_RESULTS	data_type_c	int
ORDER_RESULTS	value_normalized	string
ORDER_RESULTS	numeric_precision	decimal(18,0)
ORDER_RESULTS	comp_obs_inst_tm	timestamp
ORDER_RESULTS	comp_anl_inst_tm	timestamp
ORDER_RESULTS	result_val_start_ln	int
ORDER_RESULTS	result_val_end_ln	int
ORDER_RESULTS	result_cmt_start_ln	int
ORDER_RESULTS	result_cmt_end_ln	int
ORDER_RESULTS	ord_raw_value	string
ORDER_RESULTS	raw_low	string
ORDER_RESULTS	raw_high	string
ORDER_RESULTS	raw_ref_vals	string
ORDER_RESULTS	rslt_reportable_yn	string
ORDER_RESULTS	component_type_c	int
ORDER_RESULTS	organism_quantity	string
ORDER_RESULTS	organism_quantity_unit	string
ORDER_RESULTS	compon_lnc_id	decimal(18,0)
ORDER_RESULTS	compon_lnc_src_c	int
ORDER_RESULTS	comp_snomed_src_c	int
ORDER_RESULTS	ref_unit_uom_id	decimal(18,0)
ORDER_RESULTS	verify_user_id	string
ORDER_RESULTS	ref_range_type	string
ORDER_RESULTS	organism_snomed_ct	string
ORDER_RESULTS	organism_quantity_snomed_ct	string
ORDER_RESULTS	performing_org_info_line	int
ORDER_RESULTS	compon_excl_cds_yn	string
ORDER_RESULTS	compon_network_concept_ident	string
ORDER_RESULTS	dl_load_dt	date
ORDER_RESULTS	dl_load_ts	timestamp
ORDER_RESULTS	rtf_val_start_line	int
ORDER_RESULTS	rtf_val_end_line	int
ORDER_RESULTS	rtf_cmt_start_line	int
ORDER_RESULTS	rtf_cmt_end_line	int
ORDER_RESULTS	rslt_accr_flag_yn	string
ORDER_RESULTS	signature_start_ln	int
ORDER_RESULTS	signature_end_ln	int
ORDER_RESULTS	res_instr_concept_ident	string
ORDER_RESULTS	result_trend_c	int
ORDER_RESULTS	result_trend_utc_dttm	timestamp
ORDER_RESULTS	result_trend_name	string
ORDER_RESULTS	cult_gwth_cncp_ident	string
ORDER_RPTD_SIG_HX	order_id	decimal(18,0)
ORDER_RPTD_SIG_HX	line	int
ORDER_RPTD_SIG_HX	cm_phy_owner_id	string
ORDER_RPTD_SIG_HX	cm_log_owner_id	string
ORDER_RPTD_SIG_HX	pat_enc_csn_id	decimal(18,0)
ORDER_RPTD_SIG_HX	entry_user_id	string
ORDER_RPTD_SIG_HX	entry_dttm	timestamp
ORDER_RPTD_SIG_HX	action_c	int
ORDER_RPTD_SIG_HX	source_c	int
ORDER_RPTD_SIG_HX	informant_c	int
ORDER_RPTD_SIG_HX	reason_c	int
ORDER_RPTD_SIG_HX	reason_comment	string
ORDER_RPTD_SIG_HX	dose_min	decimal(19,4)
ORDER_RPTD_SIG_HX	dose_unit_c	int
ORDER_RPTD_SIG_HX	frequency_id	string
ORDER_RPTD_SIG_HX	prn_comment	string
ORDER_RPTD_SIG_HX	route_c	int
ORDER_RPTD_SIG_HX	indications_comment	string
ORDER_RPTD_SIG_HX	dose_max	decimal(19,4)
ORDER_RPTD_SIG_HX	usage_code_c	int
ORDER_RPTD_SIG_HX	bruksomrade	string
ORDER_RPTD_SIG_HX	bruksomrade_medical_cond_id	decimal(18,0)
ORDER_RPTD_SIG_HX	dl_load_dt	date
ORDER_RPTD_SIG_HX	dl_load_ts	timestamp
ORDER_RPTD_SIG_HX	rptsig_uses_tod_in_pat_sig_c	int
ORDER_RPTD_SIG_HX	pt_taking_diff_cmts	string
ORDER_SENSITIVITY	order_proc_id	decimal(18,0)
ORDER_SENSITIVITY	line	int
ORDER_SENSITIVITY	pat_id	string
ORDER_SENSITIVITY	pat_enc_date_real	double
ORDER_SENSITIVITY	pat_enc_csn_id	decimal(18,0)
ORDER_SENSITIVITY	ord_date_real	double
ORDER_SENSITIVITY	ord_end_date_real	double
ORDER_SENSITIVITY	contact_date	timestamp
ORDER_SENSITIVITY	result_date	timestamp
ORDER_SENSITIVITY	organism_id	decimal(18,0)
ORDER_SENSITIVITY	antibiotic_c	int
ORDER_SENSITIVITY	suscept_c	int
ORDER_SENSITIVITY	sensitivity_value	string
ORDER_SENSITIVITY	lab_status_c	int
ORDER_SENSITIVITY	cm_ct_owner_id	string
ORDER_SENSITIVITY	sens_organism_sid	string
ORDER_SENSITIVITY	sens_com_org_res_id	decimal(18,0)
ORDER_SENSITIVITY	sens_obs_inst_tm	timestamp
ORDER_SENSITIVITY	sens_anl_inst_tm	timestamp
ORDER_SENSITIVITY	sens_start_ln	int
ORDER_SENSITIVITY	sens_end_ln	int
ORDER_SENSITIVITY	sens_comm	string
ORDER_SENSITIVITY	sens_comm_start_ln	int
ORDER_SENSITIVITY	sens_comm_end_ln	int
ORDER_SENSITIVITY	sensitivity_units	string
ORDER_SENSITIVITY	sens_status_c	int
ORDER_SENSITIVITY	antibio_lnc_id	decimal(18,0)
ORDER_SENSITIVITY	antibio_lnc_src_c	int
ORDER_SENSITIVITY	method_lnc_id	decimal(18,0)
ORDER_SENSITIVITY	method_lnc_src_c	int
ORDER_SENSITIVITY	sens_ref_range	string
ORDER_SENSITIVITY	hide_antibiotic_yn	string
ORDER_SENSITIVITY	sens_unit_uom_id	decimal(18,0)
ORDER_SENSITIVITY	sens_method_id	decimal(18,0)
ORDER_SENSITIVITY	resulting_lab_id	decimal(18,0)
ORDER_SENSITIVITY	kanta_hygiene_significance_yn	string
ORDER_SENSITIVITY	sens_accr_stat_yn	string
ORDER_SENSITIVITY	dl_load_dt	date
ORDER_SENSITIVITY	dl_load_ts	timestamp
ORDER_SENSITIVITY	sens_instr_concept_ident	string
ORDER_SENSITIVITY	lab_sens_key_ident	string
ORDER_SENSITIVITY	sens_meth_catl_ent_csn_id	decimal(18,0)
ORDER_SENSITIVITY	sens_ant_cncp_ident	string
ORDER_SENSITIVITY	sens_unt_cncp_ident	string
ORDER_SIGNED_MED	order_med_id	decimal(18,0)
ORDER_SIGNED_MED	line	int
ORDER_SIGNED_MED	pat_id	string
ORDER_SIGNED_MED	pat_enc_date_real	double
ORDER_SIGNED_MED	pat_enc_csn_id	decimal(18,0)
ORDER_SIGNED_MED	signed_type_c	int
ORDER_SIGNED_MED	verb_comm_prov_id	string
ORDER_SIGNED_MED	verb_sgner_user_id	string
ORDER_SIGNED_MED	verb_msgrc_user_id	string
ORDER_SIGNED_MED	verb_msg_id	string
ORDER_SIGNED_MED	verb_signed_time	timestamp
ORDER_SIGNED_MED	verbal_mode_c	int
ORDER_SIGNED_MED	order_prov_id	string
ORDER_SIGNED_MED	auth_prov_id	string
ORDER_SIGNED_MED	csgn_msgrc_user_id	string
ORDER_SIGNED_MED	csgn_msg_id	string
ORDER_SIGNED_MED	csgn_signed_time	timestamp
ORDER_SIGNED_MED	cosigner_id	string
ORDER_SIGNED_MED	is_hospitalist_yn	string
ORDER_SIGNED_MED	cm_phy_owner_id	string
ORDER_SIGNED_MED	cm_log_owner_id	string
ORDER_SIGNED_MED	verb_ord_cmt	string
ORDER_SIGNED_MED	csgn_create_dttm	timestamp
ORDER_SIGNED_MED	dfi_id	decimal(18,0)
ORDER_SIGNED_MED	csgn_rqrd_c	int
ORDER_SIGNED_MED	linked_grp_guid	string
ORDER_SIGNED_MED	sig_req_crt_user_id	string
ORDER_SIGNED_MED	sig_req_crt_src_c	int
ORDER_SIGNED_MED	dl_load_dt	date
ORDER_SIGNED_MED	dl_load_ts	timestamp
ORDER_SIGNED_MED	sig_req_crt_enc	decimal(18,0)
ORDER_SMARTSET	order_id	decimal(18,0)
ORDER_SMARTSET	cm_phy_owner_id	string
ORDER_SMARTSET	cm_log_owner_id	string
ORDER_SMARTSET	ss_prl_id	decimal(18,0)
ORDER_SMARTSET	ss_dat	string
ORDER_SMARTSET	ss_section_id	decimal(18,0)
ORDER_SMARTSET	ss_section_name	string
ORDER_SMARTSET	ss_section_dat	string
ORDER_SMARTSET	ss_sg_key	string
ORDER_SMARTSET	ss_sg_name	string
ORDER_SMARTSET	merge_tmpl_id	decimal(18,0)
ORDER_SMARTSET	ss_merge_dat	string
ORDER_SMARTSET	ss_prl_src_type_c	int
ORDER_SMARTSET	pat_enc_csn_id	decimal(18,0)
ORDER_SMARTSET	orderset_start_date	string
ORDER_SMARTSET	ssmrg_dcaction_c	int
ORDER_SMARTSET	keystone_order_yn	string
ORDER_SMARTSET	orderset_offset	int
ORDER_SMARTSET	dl_load_dt	date
ORDER_SMARTSET	dl_load_ts	timestamp
ORDER_STATUS	order_id	decimal(18,0)
ORDER_STATUS	ord_date_real	double
ORDER_STATUS	contact_date	timestamp
ORDER_STATUS	contact_number	int
ORDER_STATUS	contact_type_c	int
ORDER_STATUS	abnormal_yn	string
ORDER_STATUS	order_creator_id	string
ORDER_STATUS	resulting_prov	string
ORDER_STATUS	lab_technician	string
ORDER_STATUS	resulting_lab_id	decimal(18,0)
ORDER_STATUS	med_hx_old_value	string
ORDER_STATUS	contact_comment	string
ORDER_STATUS	instant_of_entry	timestamp
ORDER_STATUS	instant_of_edit	timestamp
ORDER_STATUS	items_edited	string
ORDER_STATUS	data_entry_person	string
ORDER_STATUS	rx_dispense_code_c	int
ORDER_STATUS	rx_cart_group_c	int
ORDER_STATUS	rx_par_doses	int
ORDER_STATUS	cm_ct_owner_id	string
ORDER_STATUS	csn_for_add_refill	decimal(18,0)
ORDER_STATUS	scheduled_date	timestamp
ORDER_STATUS	scheduled_time	timestamp
ORDER_STATUS	procedure_note_id	string
ORDER_STATUS	procedure_note_dt	timestamp
ORDER_STATUS	erfll_req_rfl_prn_c	int
ORDER_STATUS	erfll_app_rfl_prn_c	int
ORDER_STATUS	erefill_to_phm_id	string
ORDER_STATUS	wet_reads_c	int
ORDER_STATUS	routing_outcome_c	int
ORDER_STATUS	routing_rule_id	decimal(18,0)
ORDER_STATUS	routing_rule_level	string
ORDER_STATUS	routing_scheme_id	decimal(18,0)
ORDER_STATUS	routing_scheme_line	string
ORDER_STATUS	routing_inst_tm	timestamp
ORDER_STATUS	routing_user_id	string
ORDER_STATUS	ris_let_templt_id	string
ORDER_STATUS	routing_curstatus_c	int
ORDER_STATUS	proc_note_date_real	double
ORDER_STATUS	mam_5_year_risk	decimal(6,2)
ORDER_STATUS	mam_lifetime_risk	decimal(6,2)
ORDER_STATUS	lab_status_c	int
ORDER_STATUS	ovrl_breast_dens_c	int
ORDER_STATUS	right_breast_dens_c	int
ORDER_STATUS	left_breast_dens_c	int
ORDER_STATUS	most_sig_mam_find_c	int
ORDER_STATUS	img_double_read_c	int
ORDER_STATUS	cad_usage_c	int
ORDER_STATUS	lab_pathologist_id	string
ORDER_STATUS	rslt_cnct_instant_dttm	timestamp
ORDER_STATUS	rslt_cnct_user_id	string
ORDER_STATUS	rslt_cnct_source_c	int
ORDER_STATUS	iproc_note_id	string
ORDER_STATUS	iproc_note_csn	decimal(18,0)
ORDER_STATUS	res_interpreter_id	string
ORDER_STATUS	rx_dsp_cpy_from_id	decimal(18,0)
ORDER_STATUS	rx_dsp_cpy_from_dte_real	double
ORDER_STATUS	respons_ap_user_id	string
ORDER_STATUS	ovrl_tissue_comp_c	int
ORDER_STATUS	right_tissue_comp_c	int
ORDER_STATUS	left_tissue_comp_c	int
ORDER_STATUS	ovrl_fgt_c	int
ORDER_STATUS	right_fgt_c	int
ORDER_STATUS	left_fgt_c	int
ORDER_STATUS	ovrl_bpe_c	int
ORDER_STATUS	right_bpe_c	int
ORDER_STATUS	left_bpe_c	int
ORDER_STATUS	symmetric_bpe_c	int
ORDER_STATUS	readack_by_when_utc_dttm	timestamp
ORDER_STATUS	lab_corr_type_c	int
ORDER_STATUS	result_dttm	timestamp
ORDER_STATUS	left_ovary_small_follicle_cnt	int
ORDER_STATUS	right_ovary_small_follicle_cnt	int
ORDER_STATUS	endometrial_stripe	decimal(18,1)
ORDER_STATUS	ov_cyst_presence_c	int
ORDER_STATUS	uterine_fibroid_presence_c	int
ORDER_STATUS	uterine_polyp_presence_c	int
ORDER_STATUS	reportable_lab_result_yn	string
ORDER_STATUS	narrative_perf_org_info	int
ORDER_STATUS	impression_perf_org_info	int
ORDER_STATUS	wet_reads_shared_c	int
ORDER_STATUS	ord_proc_label	string
ORDER_STATUS	msg_ext_sys_when_rslt_ack_yn	string
ORDER_STATUS	ext_disp_fill_ident	string
ORDER_STATUS	sr_valid_status_c	int
ORDER_STATUS	dl_load_dt	date
ORDER_STATUS	dl_load_ts	timestamp
ORDER_STATUS	lab_pdf_gen_dcsn_c	int
ORDER_STATUS	impr_separator	varchar(508)
ORDER_STATUS	result_perf_org	int
ORDER_STATUS	routing_mops_order_id	decimal(18,0)
ORDER_STATUS	routing_mops_order_dat	int
ORDER_STATUS	lab_resulting_method	varchar(254)
ORDER_STATUS	nlp_result_action_c	int
ORDER_STATUS	nlp_unverified_ib_only_yn	varchar(1)
ORDER_STATUS	lab_plain_text_gen_dcs_c	int
ORDER_STATUS	ovrl_avg_vol_breast_dens	decimal(6,3)
ORDER_STATUS	right_vol_breast_dens	decimal(6,3)
ORDER_STATUS	left_vol_breast_dens	decimal(6,3)
ORDER_STATUS	breast_dens_alg	string
ORDER_STATUS	breast_dens_alg_ver	string
ORDER_STATUS	ovrl_vol_assoc_breast_dens_c	int
ORDER_SUMMARY	order_id	decimal(18,0)
ORDER_SUMMARY	line	int
ORDER_SUMMARY	cm_phy_owner_id	string
ORDER_SUMMARY	cm_log_owner_id	string
ORDER_SUMMARY	ord_summary	string
ORDER_SUMMARY	dl_load_dt	date
ORDER_SUMMARY	dl_load_ts	timestamp
ORG_DETAILS	organization_id	decimal(18,0)
ORG_DETAILS	cm_phy_owner_id	string
ORG_DETAILS	cm_log_owner_id	string
ORG_DETAILS	organization_name	string
ORG_DETAILS	record_status_c	int
ORG_DETAILS	org_type_c	int
ORG_DETAILS	health_system_id	string
ORG_DETAILS	org_url	string
ORG_DETAILS	external_name	string
ORG_DETAILS	city	string
ORG_DETAILS	state_c	string
ORG_DETAILS	zip	string
ORG_DETAILS	query_phone	string
ORG_DETAILS	query_email	string
ORG_DETAILS	query_asstnce_hrs	string
ORG_DETAILS	audit_phone	string
ORG_DETAILS	audit_email	string
ORG_DETAILS	it_phone	string
ORG_DETAILS	it_email	string
ORG_DETAILS	fax_number	string
ORG_DETAILS	assoc_with_org_id	decimal(18,0)
ORG_DETAILS	consent_text_code	string
ORG_DETAILS	record_create_inst	timestamp
ORG_DETAILS	rec_create_usr_id	string
ORG_DETAILS	asc_with_dep_id	decimal(18,2)
ORG_DETAILS	req_without_enc_yn	string
ORG_DETAILS	direct_address	string
ORG_DETAILS	rfl_enabled_yn	string
ORG_DETAILS	home_community_id	string
ORG_DETAILS	allow_auto_qry_yn	string
ORG_DETAILS	hie_type_c	int
ORG_DETAILS	carequality_yn	string
ORG_DETAILS	template_org_id	decimal(18,0)
ORG_DETAILS	restr_ext_clm_ehi_yn	string
ORG_DETAILS	country_2_c	string
ORG_DETAILS	legal_locality_c	int
ORG_DETAILS	autorec_notes_with_fhir_yn	string
ORG_DETAILS	autorec_note_wo_src_org_yn	string
ORG_DETAILS	payer_platform_payer_yn	string
ORG_DETAILS	mycc_authority_hsi_id	string
ORG_DETAILS	dl_load_dt	date
ORG_DETAILS	dl_load_ts	timestamp
ORG_DETAILS	hedis_source_system_c	int
ORG_DETAILS	is_multiple_time_zone_yn	string
ORGAN	org_record_id	decimal(18,0)
ORGAN	cm_phy_owner_id	string
ORGAN	cm_log_owner_id	string
ORGAN	tx_dnr_id	string
ORGAN	tx_rcp_id	string
ORGAN	tx_org_src_c	int
ORGAN	tx_dnr_rel_c	int
ORGAN	org_death_id	decimal(18,0)
ORGAN	org_note_id	string
ORGAN	org_stat_c	int
ORGAN	org_wt	decimal(18,2)
ORGAN	antigen_matches	decimal(18,0)
ORGAN	org_procurement_dt	timestamp
ORGAN	org_perfusion_min	decimal(18,0)
ORGAN	org_wischemia_min	decimal(18,0)
ORGAN	org_cischemia_min	decimal(18,0)
ORGAN	clamp_inst_on_tm	timestamp
ORGAN	clamp_inst_off_tm	timestamp
ORGAN	org_donation_crit_c	int
ORGAN	primary_warm_isch	decimal(18,0)
ORGAN	org_fail_dt	timestamp
ORGAN	org_fail_method_c	int
ORGAN	org_matchtype_c	int
ORGAN	org_preserve_c	int
ORGAN	org_procedure_typ_c	int
ORGAN	final_resistance	decimal(18,2)
ORGAN	final_flow_rate	decimal(18,0)
ORGAN	organ_removal_dt	timestamp
ORGAN	unos_primary_fail_c	int
ORGAN	unos_primary_other	string
ORGAN	organ_num	decimal(18,0)
ORGAN	organ_size	decimal(18,2)
ORGAN	unos_contrib_other	string
ORGAN	native_organ_yn	string
ORGAN	nat_primary_fail_c	int
ORGAN	nat_primary_other	string
ORGAN	nat_contrib_other	string
ORGAN	org_received_on_c	int
ORGAN	organ_stayed_on_c	int
ORGAN	induction_used_c	int
ORGAN	kidney_biopsy_yn	string
ORGAN	periop_transfusion	decimal(18,0)
ORGAN	intra_op_transfusn	decimal(18,0)
ORGAN	record_status_c	int
ORGAN	preop_blood_trans	decimal(18,0)
ORGAN	anastomosis_st_dttm	timestamp
ORGAN	port_clamp_off_dttm	timestamp
ORGAN	cdc_yn	string
ORGAN	match_run	string
ORGAN	opo_c	int
ORGAN	opo_risk_yn	string
ORGAN	linked_organ_id	decimal(18,0)
ORGAN	ext_team_recover_yn	string
ORGAN	recovery_fac_id	decimal(18,0)
ORGAN	rec_fac_other	string
ORGAN	org_tischemia_min	int
ORGAN	failure_dt_est_c	int
ORGAN	nat_dx_rvw_user_id	string
ORGAN	nat_dx_rvw_date	timestamp
ORGAN	dnr_risk_prf_pct	int
ORGAN	dnr_ki_extract_inst_dttm	timestamp
ORGAN	organ_class_c	int
ORGAN	a_mismatches_num	int
ORGAN	b_mismatches_num	int
ORGAN	dr_mismatches_num	int
ORGAN	postop_blood_trans	int
ORGAN	spec_donor_rel	string
ORGAN	machine_perfusion_st_utc_dttm	timestamp
ORGAN	machine_perfusion_end_utc_dttm	timestamp
ORGAN	machine_perfusion_total_min	decimal(18,2)
ORGAN	dl_load_dt	date
ORGAN	dl_load_ts	timestamp
ORGAN	organ_record_type_c	int
ORGAN	rad_thp_vol_description	string
ORGAN	rad_thp_pat_id	string
ORGAN	rad_thp_vol_version	string
ORGAN	rt_vol_ver_inst_utc_dttm	timestamp
ORGAN	alloc_dnr_abo_c	int
ORGANISM_LIST	order_id	decimal(18,0)
ORGANISM_LIST	line	int
ORGANISM_LIST	cm_phy_owner_id	string
ORGANISM_LIST	cm_log_owner_id	string
ORGANISM_LIST	organism_list_id	decimal(18,0)
ORGANISM_LIST	dl_load_dt	date
ORGANISM_LIST	dl_load_ts	timestamp
OTHER_COMMUNCTN	pat_id	string
OTHER_COMMUNCTN	line	int
OTHER_COMMUNCTN	cm_phy_owner_id	string
OTHER_COMMUNCTN	cm_log_owner_id	string
OTHER_COMMUNCTN	other_communic_c	string
OTHER_COMMUNCTN	other_communic_num	string
OTHER_COMMUNCTN	start_day_c	int
OTHER_COMMUNCTN	end_day_c	int
OTHER_COMMUNCTN	start_time	timestamp
OTHER_COMMUNCTN	end_time	timestamp
OTHER_COMMUNCTN	contact_priority	int
OTHER_COMMUNCTN	contact_notes	string
OTHER_COMMUNCTN	dl_load_dt	date
OTHER_COMMUNCTN	dl_load_ts	timestamp
OTP_INFO	otp_id	decimal(18,0)
OTP_INFO	cm_phy_owner_id	string
OTP_INFO	cm_log_owner_id	string
OTP_INFO	order_type_c	int
OTP_INFO	proc_id	decimal(18,0)
OTP_INFO	order_desc	string
OTP_INFO	display_name	string
OTP_INFO	presel_display_name	string
OTP_INFO	order_class_c	string
OTP_INFO	resulting_agency_id	decimal(18,0)
OTP_INFO	otp_status_c	int
OTP_INFO	priority_c	int
OTP_INFO	preauth_prov_id	string
OTP_INFO	otp_preauth_inst	timestamp
OTP_INFO	dual_sign_prov_id	string
OTP_INFO	dual_sign_inst	timestamp
OTP_INFO	ordering_quantity	decimal(18,0)
OTP_INFO	dx_follow_up_c	int
OTP_INFO	check_out_comment	string
OTP_INFO	specimen_type_c	int
OTP_INFO	specimen_source_c	int
OTP_INFO	ord_sign_context_c	int
OTP_INFO	ord_sign_wks_id	string
OTP_INFO	ord_sign_result_c	int
OTP_INFO	ord_sign_device_c	int
OTP_INFO	dual_sign_context_c	int
OTP_INFO	dual_sign_wks_id	string
OTP_INFO	dual_sign_result_c	int
OTP_INFO	dual_sign_device_c	int
OTP_INFO	order_id	decimal(18,0)
OTP_INFO	standing_order_c	int
OTP_INFO	standing_exp_date	string
OTP_INFO	fut_expect_comp_dt	string
OTP_INFO	fut_approx_dt_yn	string
OTP_INFO	stand_interval	string
OTP_INFO	discrete_interval_c	string
OTP_INFO	stand_occur	decimal(18,0)
OTP_INFO	stand_orig_occur	decimal(18,0)
OTP_INFO	performing_dept_id	decimal(18,0)
OTP_INFO	refg_prov_id	string
OTP_INFO	ser_addressid	string
OTP_INFO	refd_to_prov_id	string
OTP_INFO	refd_to_facility_id	decimal(18,0)
OTP_INFO	refd_to_speclty_c	string
OTP_INFO	dept_ref_to_id	decimal(18,0)
OTP_INFO	dept_spec_ref_to_c	string
OTP_INFO	rfl_priority_c	string
OTP_INFO	rfl_type_c	string
OTP_INFO	rsn_for_rfl_c	string
OTP_INFO	rfl_num_vis	decimal(18,0)
OTP_INFO	rfl_expire_dt	string
OTP_INFO	prn_comment	string
OTP_INFO	med_id	decimal(18,0)
OTP_INFO	med_contact_dat	decimal(18,0)
OTP_INFO	med_route_c	int
OTP_INFO	med_quantity	string
OTP_INFO	med_refills	string
OTP_INFO	med_directions	string
OTP_INFO	med_directn_long	string
OTP_INFO	med_start_date	string
OTP_INFO	start_time	timestamp
OTP_INFO	med_end_time	timestamp
OTP_INFO	med_end_date	string
OTP_INFO	disp_as_written_yn	string
OTP_INFO	med_dfl_dscr_frq_yn	string
OTP_INFO	med_dfl_dscr_dos_yn	string
OTP_INFO	med_nf_code_c	int
OTP_INFO	med_comments	string
OTP_INFO	med_num_of_doses	decimal(18,0)
OTP_INFO	med_type_c	int
OTP_INFO	modified_mixture_yn	string
OTP_INFO	med_infusion_type_c	int
OTP_INFO	med_infusion_rate	string
OTP_INFO	med_rate_unit_c	int
OTP_INFO	med_infuse_duration	string
OTP_INFO	med_duration_unit_c	int
OTP_INFO	tpn_site_c	int
OTP_INFO	med_volume	string
OTP_INFO	med_volume_unit_c	int
OTP_INFO	calculate_volume_yn	string
OTP_INFO	mixture_conc_c	int
OTP_INFO	discrete_freq_id	string
OTP_INFO	discrete_dose_min	string
OTP_INFO	disc_dose_unit	string
OTP_INFO	dose_unit_c	int
OTP_INFO	order_time_prior_c	string
OTP_INFO	enc_csn	decimal(18,0)
OTP_INFO	enc_asn	decimal(18,0)
OTP_INFO	order_freq	string
OTP_INFO	otp_tpl_id	decimal(18,0)
OTP_INFO	otp_trg_id	decimal(18,0)
OTP_INFO	discrete_dose_max	string
OTP_INFO	max_dose	decimal(19,4)
OTP_INFO	max_dose_unit_c	int
OTP_INFO	usr_sel_ims_yn	string
OTP_INFO	ovrd_ims_prod_id	decimal(18,0)
OTP_INFO	indication_comments	string
OTP_INFO	med_disp_qty	decimal(19,4)
OTP_INFO	med_disp_unit_c	int
OTP_INFO	max_bsa	decimal(18,5)
OTP_INFO	dl_load_dt	date
OTP_INFO	dl_load_ts	timestamp
OTP_INFO_1	otp_id	decimal(18,0)
OTP_INFO_1	cm_phy_owner_id	string
OTP_INFO_1	cm_log_owner_id	string
OTP_INFO_1	transportation_c	int
OTP_INFO_1	ip_disc_interval_id	string
OTP_INFO_1	ip_standing_count	decimal(18,0)
OTP_INFO_1	ip_stand_cnt_type_c	int
OTP_INFO_1	ip_include_now_c	int
OTP_INFO_1	sched_extra_dose_tm	timestamp
OTP_INFO_1	cost_center_id	decimal(18,0)
OTP_INFO_1	ordering_mode_c	int
OTP_INFO_1	self_admin_yn	string
OTP_INFO_1	pat_supp_med_yn	string
OTP_INFO_1	pat_supplied_doses	decimal(18,0)
OTP_INFO_1	calc_dose_amount	string
OTP_INFO_1	calc_dose_unit_c	int
OTP_INFO_1	dose_calc_info	string
OTP_INFO_1	admin_dose	string
OTP_INFO_1	admin_unit_c	int
OTP_INFO_1	verb_ord_type_c	int
OTP_INFO_1	verb_ord_comm_id	string
OTP_INFO_1	verb_ord_signer_id	string
OTP_INFO_1	verb_ord_msgrcp_id	string
OTP_INFO_1	verb_ord_msg_id	string
OTP_INFO_1	verb_ord_sign_inst	timestamp
OTP_INFO_1	verb_ord_mode_c	int
OTP_INFO_1	ord_prov_id	string
OTP_INFO_1	auth_prov_id	string
OTP_INFO_1	verb_ord_cmt	string
OTP_INFO_1	calc_rate_frm_vd_yn	string
OTP_INFO_1	condition_flag	decimal(18,0)
OTP_INFO_1	med_dose_pp_desc	string
OTP_INFO_1	otp_isolation_c	int
OTP_INFO_1	otp_codestatus_c	string
OTP_INFO_1	codestatus_comment	string
OTP_INFO_1	diet_c	int
OTP_INFO_1	diet_comments	string
OTP_INFO_1	dose_adj_type_c	int
OTP_INFO_1	dose_adj_overrid_yn	string
OTP_INFO_1	efq_ovrd_day_type	int
OTP_INFO_1	efq_ovrd_cycl_len	int
OTP_INFO_1	orx_id	decimal(18,0)
OTP_INFO_1	med_dfl_discrete_yn	string
OTP_INFO_1	csgn_create_dttm	timestamp
OTP_INFO_1	dfi_id	decimal(18,0)
OTP_INFO_1	csgn_rqrd_c	int
OTP_INFO_1	pt_sig_smarttext_id	string
OTP_INFO_1	meds_action_verb_c	int
OTP_INFO_1	prior_auth_needed_yn	string
OTP_INFO_1	unrounded_dose_min	decimal(19,4)
OTP_INFO_1	unrounded_dose_max	decimal(19,4)
OTP_INFO_1	unround_dose_unit_c	int
OTP_INFO_1	last_deviation_dttm	timestamp
OTP_INFO_1	assistance_medical_cond_id	decimal(18,0)
OTP_INFO_1	assistance_eligibility_freetxt	string
OTP_INFO_1	hosp_performed_yn	string
OTP_INFO_1	to_pharmacy_id	decimal(18,0)
OTP_INFO_1	mlsig_sigtype_c	int
OTP_INFO_1	collected_by_user_id	string
OTP_INFO_1	update_reason_c	int
OTP_INFO_1	update_comment	string
OTP_INFO_1	dl_load_dt	date
OTP_INFO_1	dl_load_ts	timestamp
OTP_INFO_1	count_range	string
OTP_INFO_1	count_range_stnd_tp_c	int
OVC_SPECIMENS	container_id	string
OVC_SPECIMENS	line	int
OVC_SPECIMENS	cm_phy_owner_id	string
OVC_SPECIMENS	cm_log_owner_id	string
OVC_SPECIMENS	specimen_id	string
OVC_SPECIMENS	dl_load_dt	date
OVC_SPECIMENS	dl_load_ts	timestamp
PAT_ACCT_CVG	pat_id	string
PAT_ACCT_CVG	line	int
PAT_ACCT_CVG	account_id	decimal(18,0)
PAT_ACCT_CVG	serv_area_id	decimal(18,0)
PAT_ACCT_CVG	account_type_c	int
PAT_ACCT_CVG	type_line_num	int
PAT_ACCT_CVG	account_active_yn	string
PAT_ACCT_CVG	coverage_id	decimal(18,0)
PAT_ACCT_CVG	fin_class	string
PAT_ACCT_CVG	payor_id	decimal(18,0)
PAT_ACCT_CVG	plan_id	decimal(18,0)
PAT_ACCT_CVG	cm_phy_owner_id	string
PAT_ACCT_CVG	cm_log_owner_id	string
PAT_ACCT_CVG	guar_pat_rel	int
PAT_ACCT_CVG	acct_prim_epsd_id	string
PAT_ACCT_CVG	acct_comment	string
PAT_ACCT_CVG	acct_prim_claim_id	decimal(18,0)
PAT_ACCT_CVG	acct_addr_lnk_yn	string
PAT_ACCT_CVG	dl_load_dt	date
PAT_ACCT_CVG	dl_load_ts	timestamp
PAT_ADDL_ADDR_DETAILS	pat_id	string
PAT_ADDL_ADDR_DETAILS	line	int
PAT_ADDL_ADDR_DETAILS	cm_phy_owner_id	string
PAT_ADDL_ADDR_DETAILS	cm_log_owner_id	string
PAT_ADDL_ADDR_DETAILS	address_details_c	int
PAT_ADDL_ADDR_DETAILS	address_details_val	string
PAT_ADDL_ADDR_DETAILS	dl_load_dt	date
PAT_ADDL_ADDR_DETAILS	dl_load_ts	timestamp
PAT_ADDR_CHNG_HX	pat_id	string
PAT_ADDR_CHNG_HX	line	int
PAT_ADDR_CHNG_HX	addr_hx_line1	string
PAT_ADDR_CHNG_HX	addr_hx_line2	string
PAT_ADDR_CHNG_HX	addr_hx_ln_extra	string
PAT_ADDR_CHNG_HX	city_hx	string
PAT_ADDR_CHNG_HX	county_hx_c	string
PAT_ADDR_CHNG_HX	state_hx_c	string
PAT_ADDR_CHNG_HX	zip_hx	string
PAT_ADDR_CHNG_HX	country_hx	string
PAT_ADDR_CHNG_HX	addr_chng_source_c	int
PAT_ADDR_CHNG_HX	eff_start_date	timestamp
PAT_ADDR_CHNG_HX	eff_end_date	timestamp
PAT_ADDR_CHNG_HX	cm_phy_owner_id	string
PAT_ADDR_CHNG_HX	cm_log_owner_id	string
PAT_ADDR_CHNG_HX	prev_house_num	string
PAT_ADDR_CHNG_HX	prev_district_c	int
PAT_ADDR_CHNG_HX	significant_change_yn	string
PAT_ADDR_CHNG_HX	addr_hx_valid_yn	string
PAT_ADDR_CHNG_HX	prev_floor	string
PAT_ADDR_CHNG_HX	prev_unit	string
PAT_ADDR_CHNG_HX	prev_bldg_nam	string
PAT_ADDR_CHNG_HX	country_c	string
PAT_ADDR_CHNG_HX	dl_load_dt	date
PAT_ADDR_CHNG_HX	dl_load_ts	timestamp
PAT_ADDRESS	pat_id	string
PAT_ADDRESS	line	int
PAT_ADDRESS	cm_phy_owner_id	string
PAT_ADDRESS	cm_log_owner_id	string
PAT_ADDRESS	address	string
PAT_ADDRESS	dl_load_dt	date
PAT_ADDRESS	dl_load_ts	timestamp
PAT_ALLERGIES	pat_id	string
PAT_ALLERGIES	line	int
PAT_ALLERGIES	cm_phy_owner_id	string
PAT_ALLERGIES	cm_log_owner_id	string
PAT_ALLERGIES	allergy_record_id	decimal(18,0)
PAT_ALLERGIES	dl_load_dt	date
PAT_ALLERGIES	dl_load_ts	timestamp
PAT_CVG_FILE_ORDER	pat_id	string
PAT_CVG_FILE_ORDER	line	int
PAT_CVG_FILE_ORDER	coverage_id	decimal(18,0)
PAT_CVG_FILE_ORDER	filing_order	int
PAT_CVG_FILE_ORDER	filing_order_cat	string
PAT_CVG_FILE_ORDER	hosp_file_ord	int
PAT_CVG_FILE_ORDER	hosp_file_ord_cat	string
PAT_CVG_FILE_ORDER	cm_phy_owner_id	string
PAT_CVG_FILE_ORDER	cm_log_owner_id	string
PAT_CVG_FILE_ORDER	cvg_addr_link_yn	string
PAT_CVG_FILE_ORDER	rx_cvg_def_order	int
PAT_CVG_FILE_ORDER	dl_load_dt	date
PAT_CVG_FILE_ORDER	dl_load_ts	timestamp
PAT_ENC	pat_id	string
PAT_ENC	pat_enc_date_real	double
PAT_ENC	pat_enc_csn_id	decimal(18,0)
PAT_ENC	contact_date	timestamp
PAT_ENC	enc_type_c	string
PAT_ENC	enc_type_title	string
PAT_ENC	age	double
PAT_ENC	pcp_prov_id	string
PAT_ENC	fin_class_c	string
PAT_ENC	visit_prov_id	string
PAT_ENC	visit_prov_title	string
PAT_ENC	department_id	decimal(18,0)
PAT_ENC	bp_systolic	double
PAT_ENC	bp_diastolic	double
PAT_ENC	temperature	double
PAT_ENC	pulse	int
PAT_ENC	weight	double
PAT_ENC	height	string
PAT_ENC	respirations	int
PAT_ENC	lmp_date	timestamp
PAT_ENC	lmp_other_c	int
PAT_ENC	head_circumference	double
PAT_ENC	enc_closed_yn	string
PAT_ENC	enc_closed_user_id	string
PAT_ENC	enc_close_date	timestamp
PAT_ENC	los_prime_proc_id	decimal(18,0)
PAT_ENC	los_proc_code	string
PAT_ENC	los_modifier1_id	string
PAT_ENC	los_modifier2_id	string
PAT_ENC	los_modifier3_id	string
PAT_ENC	los_modifier4_id	string
PAT_ENC	chkin_indicator_c	int
PAT_ENC	chkin_indicator_dt	timestamp
PAT_ENC	appt_status_c	int
PAT_ENC	appt_block_c	string
PAT_ENC	appt_time	timestamp
PAT_ENC	appt_length	int
PAT_ENC	appt_made_date	timestamp
PAT_ENC	appt_prc_id	string
PAT_ENC	checkin_time	timestamp
PAT_ENC	checkout_time	timestamp
PAT_ENC	arvl_lst_dl_time	timestamp
PAT_ENC	arvl_lst_dl_usr_id	string
PAT_ENC	appt_entry_user_id	string
PAT_ENC	appt_canc_user_id	string
PAT_ENC	appt_cancel_date	timestamp
PAT_ENC	checkin_user_id	string
PAT_ENC	cancel_reason_c	int
PAT_ENC	appt_serial_no	decimal(18,0)
PAT_ENC	hosp_admsn_time	timestamp
PAT_ENC	hosp_dischrg_time	timestamp
PAT_ENC	hosp_admsn_type_c	string
PAT_ENC	noncvred_service_yn	string
PAT_ENC	referral_req_yn	string
PAT_ENC	referral_id	decimal(18,0)
PAT_ENC	account_id	decimal(18,0)
PAT_ENC	coverage_id	decimal(18,0)
PAT_ENC	ar_episode_id	string
PAT_ENC	claim_id	decimal(18,0)
PAT_ENC	primary_loc_id	decimal(18,0)
PAT_ENC	charge_slip_number	string
PAT_ENC	visit_epm_id	decimal(18,0)
PAT_ENC	visit_epp_id	decimal(18,0)
PAT_ENC	visit_fc	string
PAT_ENC	copay_due	decimal(12,2)
PAT_ENC	copay_collected	decimal(12,2)
PAT_ENC	copay_source_c	int
PAT_ENC	copay_type_c	int
PAT_ENC	copay_ref_num	string
PAT_ENC	copay_pmt_expl_c	int
PAT_ENC	update_date	timestamp
PAT_ENC	serv_area_id	decimal(18,0)
PAT_ENC	hsp_account_id	decimal(18,0)
PAT_ENC	adm_for_surg_yn	string
PAT_ENC	surgical_svc_c	string
PAT_ENC	inpatient_data_id	string
PAT_ENC	ip_episode_id	decimal(18,0)
PAT_ENC	appt_qnr_ans_id	string
PAT_ENC	attnd_prov_id	string
PAT_ENC	ordering_prov_text	string
PAT_ENC	es_order_status_c	int
PAT_ENC	external_visit_id	string
PAT_ENC	contact_comment	string
PAT_ENC	outgoing_call_yn	string
PAT_ENC	data_entry_person	string
PAT_ENC	is_walk_in_yn	string
PAT_ENC	cm_ct_owner_id	string
PAT_ENC	referral_source_id	string
PAT_ENC	sign_in_time	timestamp
PAT_ENC	sign_in_user_id	string
PAT_ENC	appt_target_date	timestamp
PAT_ENC	wc_tpl_visit_c	int
PAT_ENC	route_sum_prnt_yn	string
PAT_ENC	consent_type_c	int
PAT_ENC	phone_rem_stat_c	int
PAT_ENC	appt_conf_stat_c	int
PAT_ENC	appt_conf_pers	string
PAT_ENC	appt_conf_inst	timestamp
PAT_ENC	cancel_reason_cmt	string
PAT_ENC	ordering_prov_id	string
PAT_ENC	bmi	decimal(18,2)
PAT_ENC	bsa	decimal(18,2)
PAT_ENC	avs_print_tm	timestamp
PAT_ENC	avs_first_user_id	string
PAT_ENC	enc_med_frz_rsn_c	int
PAT_ENC	wc_tpl_visit_cmt	string
PAT_ENC	hosp_license_c	int
PAT_ENC	accreditation_c	int
PAT_ENC	certification_c	int
PAT_ENC	entity_c	int
PAT_ENC	effective_date_dt	timestamp
PAT_ENC	discharge_date_dt	timestamp
PAT_ENC	effective_dept_id	decimal(18,0)
PAT_ENC	tobacco_use_vrfy_yn	string
PAT_ENC	phon_call_yn	string
PAT_ENC	phon_num_appt	string
PAT_ENC	enc_close_time	timestamp
PAT_ENC	copay_pd_thru	int
PAT_ENC	interpreter_need_yn	string
PAT_ENC	vst_special_needs_c	int
PAT_ENC	intrp_assignment_c	int
PAT_ENC	asgnd_interp_type_c	int
PAT_ENC	interpreter_vend_c	int
PAT_ENC	interpreter_name	string
PAT_ENC	check_in_kiosk_id	string
PAT_ENC	benefit_package_id	decimal(18,0)
PAT_ENC	benefit_comp_id	string
PAT_ENC	ben_adj_table_id	decimal(18,0)
PAT_ENC	ben_adj_formula_id	decimal(18,0)
PAT_ENC	ben_eng_sp_amt	decimal(12,2)
PAT_ENC	ben_adj_copay_amt	decimal(12,2)
PAT_ENC	ben_adj_method_c	int
PAT_ENC	downtime_csn	decimal(18,0)
PAT_ENC	entry_time	timestamp
PAT_ENC	enc_create_user_id	string
PAT_ENC	enc_instant	timestamp
PAT_ENC	ed_arrival_kiosk_id	string
PAT_ENC	effective_date_dttm	timestamp
PAT_ENC	calculated_enc_stat_c	int
PAT_ENC	appt_conf_user_id	string
PAT_ENC	appt_canc_utc_dttm	timestamp
PAT_ENC	appt_canc_dttm	timestamp
PAT_ENC	dl_load_dt	date
PAT_ENC	dl_load_ts	timestamp
PAT_ENC_2	pat_enc_csn_id	decimal(18,0)
PAT_ENC_2	pat_id	string
PAT_ENC_2	pat_enc_date_real	double
PAT_ENC_2	contact_date	timestamp
PAT_ENC_2	cm_ct_owner_id	string
PAT_ENC_2	merge_ct_prv_ext_id	string
PAT_ENC_2	check_in_no_visi_yn	string
PAT_ENC_2	copay_coins_flag	string
PAT_ENC_2	can_let_c	decimal(18,0)
PAT_ENC_2	req_chrt_pull_tm	timestamp
PAT_ENC_2	sup_prov_id	string
PAT_ENC_2	sup_prov_c	string
PAT_ENC_2	sup_prov_rev_tm	timestamp
PAT_ENC_2	meds_request_phr_id	decimal(18,0)
PAT_ENC_2	meds_request_lws_id	string
PAT_ENC_2	meds_request_op_c	int
PAT_ENC_2	phys_bp	string
PAT_ENC_2	vitals_taken_tm	timestamp
PAT_ENC_2	phys_temp_src_c	string
PAT_ENC_2	pat_pain_score_c	string
PAT_ENC_2	pat_pain_loc_c	string
PAT_ENC_2	pat_pain_edu_yn	string
PAT_ENC_2	pat_pain_cmt	string
PAT_ENC_2	pat_pain_scale_cat	string
PAT_ENC_2	smoking_status_c	int
PAT_ENC_2	phys_spo2	int
PAT_ENC_2	sys_gen_los_id	decimal(18,0)
PAT_ENC_2	ref_src_add_id	string
PAT_ENC_2	doc_hx_source_c	int
PAT_ENC_2	appt_let_c	decimal(18,0)
PAT_ENC_2	parent_enc_csn_id	decimal(18,0)
PAT_ENC_2	sync_ip_data_c	int
PAT_ENC_2	apptmt_let_inst	timestamp
PAT_ENC_2	result_let_inst	timestamp
PAT_ENC_2	enc_form_inst	timestamp
PAT_ENC_2	resched_let_inst	timestamp
PAT_ENC_2	follow_let_inst	timestamp
PAT_ENC_2	phys_peak_flow	int
PAT_ENC_2	enc_spec_c	string
PAT_ENC_2	inpatient_flag	string
PAT_ENC_2	sched_from_kiosk_id	string
PAT_ENC_2	check_out_kiosk_id	string
PAT_ENC_2	ld_status_yn	string
PAT_ENC_2	adt_pat_class_c	string
PAT_ENC_2	other_block_id	decimal(18,0)
PAT_ENC_2	other_block_type_c	int
PAT_ENC_2	frst_clin_acss_dttm	timestamp
PAT_ENC_2	orig_enc_type_c	string
PAT_ENC_2	bill_num	string
PAT_ENC_2	comm_user_context_c	string
PAT_ENC_2	ip_doc_contact_csn	decimal(18,0)
PAT_ENC_2	temp_pt_his_c	int
PAT_ENC_2	ref_src_add_prov_id	string
PAT_ENC_2	primary_procont_id	string
PAT_ENC_2	primary_team_id	decimal(18,0)
PAT_ENC_2	research_study_id	string
PAT_ENC_2	mcir_vaccine_code_c	int
PAT_ENC_2	visit_pos_id	decimal(18,0)
PAT_ENC_2	no_interp_rsn_c	int
PAT_ENC_2	cvg_add_dt	timestamp
PAT_ENC_2	chts_to_pull_sel_yn	string
PAT_ENC_2	farm_worker_c	int
PAT_ENC_2	kiosk_hh_quest_id	string
PAT_ENC_2	kiosk_accompany_c	string
PAT_ENC_2	enc_verification_id	decimal(18,0)
PAT_ENC_2	d_enc_chgs_drpd_yn	string
PAT_ENC_2	hsp_acct_advisor_yn	string
PAT_ENC_2	hsp_act_adv_user_id	string
PAT_ENC_2	hsp_acct_adv_dttm	timestamp
PAT_ENC_2	visit_verified_yn	string
PAT_ENC_2	verif_visit_dt	timestamp
PAT_ENC_2	verif_date_init_dt	timestamp
PAT_ENC_2	verif_user_id	string
PAT_ENC_2	enc_lact_stat_c	int
PAT_ENC_2	pat_lact_cmnt	string
PAT_ENC_2	cosigner_user_id	string
PAT_ENC_2	cosign_msg_id	string
PAT_ENC_2	cosign_rev_ins_dttm	timestamp
PAT_ENC_2	chart_forms_set_id	decimal(18,0)
PAT_ENC_2	scan_contact_info	string
PAT_ENC_2	par_dict_counter	int
PAT_ENC_2	is_los_update_c	int
PAT_ENC_2	primary_dx_name	string
PAT_ENC_2	form_id_counter	int
PAT_ENC_2	consnt_rev_user_id	string
PAT_ENC_2	visit_payor_id	decimal(18,0)
PAT_ENC_2	visit_plan_id	decimal(18,0)
PAT_ENC_2	socio_src_c	int
PAT_ENC_2	tel_enc_msg_rgrding	string
PAT_ENC_2	enc_ar_int_stat_c	int
PAT_ENC_2	msg_priority_c	int
PAT_ENC_2	research_enc_flg_c	int
PAT_ENC_2	fam_spouse_name	string
PAT_ENC_2	msg_caller_name	string
PAT_ENC_2	consent_exp_date	timestamp
PAT_ENC_2	cv_acc4_pat_resp_yn	string
PAT_ENC_2	family_mem_prefix_c	int
PAT_ENC_2	avs_refused_dttm	timestamp
PAT_ENC_2	avs_last_print_dttm	timestamp
PAT_ENC_2	med_list_update_dttm	timestamp
PAT_ENC_2	avs_refused_dt_dttm	timestamp
PAT_ENC_2	dl_load_dt	date
PAT_ENC_2	dl_load_ts	timestamp
PAT_ENC_4	pat_enc_csn_id	decimal(18,0)
PAT_ENC_4	pat_id	string
PAT_ENC_4	pat_enc_date_real	double
PAT_ENC_4	contact_date	timestamp
PAT_ENC_4	cm_ct_owner_id	string
PAT_ENC_4	unav_time_rsn_c	int
PAT_ENC_4	ovbk_ovr_user_id	string
PAT_ENC_4	canc_chkin_user_id	string
PAT_ENC_4	research_id	string
PAT_ENC_4	resched_from_dttm	timestamp
PAT_ENC_4	family_size	int
PAT_ENC_4	family_income	decimal(18,2)
PAT_ENC_4	visit_number	string
PAT_ENC_4	pat_cnct_ind_c	string
PAT_ENC_4	dental_student_id	string
PAT_ENC_4	loc_visit_id	decimal(18,0)
PAT_ENC_4	copay_not_covered_c	int
PAT_ENC_4	copay_coll_flag_yn	string
PAT_ENC_4	copay_coll_person	string
PAT_ENC_4	copay_waive_rsn_c	int
PAT_ENC_4	copay_min_value	decimal(18,2)
PAT_ENC_4	copay_receipt_num	string
PAT_ENC_4	ben_adj_coins_amt	decimal(18,2)
PAT_ENC_4	ben_adj_deduct_amt	decimal(18,2)
PAT_ENC_4	pat_homeless_yn	string
PAT_ENC_4	pat_homeless_typ_c	string
PAT_ENC_4	percentage_of_fpl	decimal(18,2)
PAT_ENC_4	rfl_req_plan	int
PAT_ENC_4	msg_received_dttm	timestamp
PAT_ENC_4	called_in_from_c	int
PAT_ENC_4	tobacco_use_vrfy_yn	string
PAT_ENC_4	cr_tx_type_c	int
PAT_ENC_4	orig_enc_csn	decimal(18,0)
PAT_ENC_4	health_info_roi_id	string
PAT_ENC_4	disch_instr_req_yn	string
PAT_ENC_4	disch_instr_roi_id	string
PAT_ENC_4	noshow_ph_rslt_c	int
PAT_ENC_4	phys_bp_comments	string
PAT_ENC_4	phys_temp_comments	string
PAT_ENC_4	phys_tempsrc_comnts	string
PAT_ENC_4	phys_pulse_comments	string
PAT_ENC_4	phys_weight_comnts	string
PAT_ENC_4	phys_height_comnts	string
PAT_ENC_4	phys_resp_comments	string
PAT_ENC_4	phys_spo2_comments	string
PAT_ENC_4	phys_pf_comments	string
PAT_ENC_4	interprt_asgn_cmt	string
PAT_ENC_4	pat_housing_stat_c	int
PAT_ENC_4	bcra_age	int
PAT_ENC_4	bcra_menarche_age_c	int
PAT_ENC_4	bcra_fst_livbirth_c	int
PAT_ENC_4	bcra_fst_deg_rel_c	int
PAT_ENC_4	bcra_num_biopsy_c	int
PAT_ENC_4	bcra_atyp_hyplsa_c	int
PAT_ENC_4	bcra_race_c	int
PAT_ENC_4	do_not_dflt_phrm_yn	string
PAT_ENC_4	vis_new_to_sys_yn	string
PAT_ENC_4	vis_new_to_dep_yn	string
PAT_ENC_4	vis_new_to_prov_yn	string
PAT_ENC_4	vis_new_to_spec_yn	string
PAT_ENC_4	vis_new_to_serv_area_yn	string
PAT_ENC_4	color_flag	string
PAT_ENC_4	lb_enc_start_dt	timestamp
PAT_ENC_4	lb_enc_end_dt	timestamp
PAT_ENC_4	waiting_list_id	decimal(18,0)
PAT_ENC_4	submitter_id	decimal(18,0)
PAT_ENC_4	bill_to_submitter_c	int
PAT_ENC_4	submitter_acct_id	decimal(18,0)
PAT_ENC_4	dutch_lbz_mainpx_id	decimal(18,0)
PAT_ENC_4	dutch_lbz_curstat_c	int
PAT_ENC_4	admin_cat_code_c	int
PAT_ENC_4	uk_resident_12m_yn	string
PAT_ENC_4	stage_2_outcome_c	int
PAT_ENC_4	stage_2_date	timestamp
PAT_ENC_4	cab_ubrn	string
PAT_ENC_4	cab_usrn	string
PAT_ENC_4	appt_creation_utc	timestamp
PAT_ENC_4	appt_arrival_minutes	int
PAT_ENC_4	appt_arrival_dttm	timestamp
PAT_ENC_4	dutch_lbz_enc_typ_c	int
PAT_ENC_4	all_meds_actd_on_yn	string
PAT_ENC_4	extmed_reconcild_yn	string
PAT_ENC_4	lb_blng_enc_srvc_dt	timestamp
PAT_ENC_4	echkin_status_c	int
PAT_ENC_4	pb_visit_har_id	decimal(18,0)
PAT_ENC_4	appt_nudge_status_c	int
PAT_ENC_4	appt_nudge_strt_off	int
PAT_ENC_4	appt_nudge_len_off	int
PAT_ENC_4	export_to_iris_c	int
PAT_ENC_4	ref_hosp_id	decimal(18,0)
PAT_ENC_4	technical_referral_id	decimal(18,0)
PAT_ENC_4	cr_client_ref_idnt	string
PAT_ENC_4	cr_benefit_ref_idnt	string
PAT_ENC_4	cr_message_english	string
PAT_ENC_4	cr_message_spanish	string
PAT_ENC_4	cr_query_sent_utc_dttm	timestamp
PAT_ENC_4	cr_resp_recvd_utc_dttm	timestamp
PAT_ENC_4	cr_query_error	string
PAT_ENC_4	copay_reduction_amt	decimal(18,2)
PAT_ENC_4	vis_new_to_loc_yn	string
PAT_ENC_4	is_acdnt_related_yn	string
PAT_ENC_4	dl_load_dt	date
PAT_ENC_4	dl_load_ts	timestamp
PAT_ENC_4	rfl_req_ben_plan_id	decimal(18,0)
PAT_ENC_6	pat_enc_csn_id	bigint
PAT_ENC_6	pat_id	string
PAT_ENC_6	pat_enc_date_real	double
PAT_ENC_6	contact_date	timestamp
PAT_ENC_6	cm_ct_owner_id	string
PAT_ENC_6	linked_enc_csn	string
PAT_ENC_6	patient_id_method_c	string
PAT_ENC_6	patient_id_method_text	string
PAT_ENC_6	lmp_precision_c	int
PAT_ENC_6	planned_bill_area_id	string
PAT_ENC_6	avs_print_insulin_yn	string
PAT_ENC_6	bcra_brca_gene_mut_c	int
PAT_ENC_6	svc_target_effort_yn	string
PAT_ENC_6	outpat_visit_grp_c	string
PAT_ENC_6	psych_arrival_c	string
PAT_ENC_6	plan_recur_treat_yn	string
PAT_ENC_6	hus_visit_type_c	string
PAT_ENC_6	social_srvc_area_c	string
PAT_ENC_6	ext_ltc_pat_yn	string
PAT_ENC_6	veteran_enc_med_cvg_c	string
PAT_ENC_6	veteran_billing_code_c	string
PAT_ENC_6	appt_expected_date	timestamp
PAT_ENC_6	ed_ref_callbak_d_id	string
PAT_ENC_6	extmed_rec_yr_yn	string
PAT_ENC_6	extprob_rec_yr_yn	string
PAT_ENC_6	extalgy_rec_yr_yn	string
PAT_ENC_6	appt_letter_msg_priority_c	string
PAT_ENC_6	rfv_used_to_sched_c	int
PAT_ENC_6	bmi_percentile	double
PAT_ENC_6	bmi_percentile_hgc_id	int
PAT_ENC_6	spec_bill_svc_id	string
PAT_ENC_6	kanta_pld_sttng_yn	string
PAT_ENC_6	kanta_pld_user_id	string
PAT_ENC_6	kanta_pld_dttm	string
PAT_ENC_6	visit_type_added_by_form_yn	string
PAT_ENC_6	gail_lifetime_risk	double
PAT_ENC_6	gail_5_yr_risk	double
PAT_ENC_6	creation_ord_id	string
PAT_ENC_6	ext_tx_status_c	string
PAT_ENC_6	ext_tx_status_cmt	string
PAT_ENC_6	ext_accm_status_c	string
PAT_ENC_6	ext_accm_status_cmt	string
PAT_ENC_6	fin_out_mtch_org_id	string
PAT_ENC_6	fin_out_org_loc_id	string
PAT_ENC_6	fin_out_org_dep_id	string
PAT_ENC_6	appt_letter_bat_print_utc_dttm	timestamp
PAT_ENC_6	sg_at_risk_ind_c	string
PAT_ENC_6	sg_fc_status_c	string
PAT_ENC_6	myc_sched_hm_topic_id	int
PAT_ENC_6	sg_moh_urgency_c	string
PAT_ENC_6	sg_named_referral_yn	string
PAT_ENC_6	sg_pat_request_yn	string
PAT_ENC_6	sg_treatment_prog_c	string
PAT_ENC_6	sg_appt_rationale_c	string
PAT_ENC_6	late_cancel_yn	string
PAT_ENC_6	elig_queried_yn	string
PAT_ENC_6	elig_num_plans	int
PAT_ENC_6	elig_plan_removed_yn	string
PAT_ENC_6	elig_auto_verify_yn	string
PAT_ENC_6	elig_plan_select_yn	string
PAT_ENC_6	self_arr_attempt_c	int
PAT_ENC_6	evisit_rfv_c	int
PAT_ENC_6	evisit_yn	string
PAT_ENC_6	evisit_tlh_allowed_subloc_c	int
PAT_ENC_6	evisit_tlh_allowed_loc_c	int
PAT_ENC_6	ride_to_status_c	string
PAT_ENC_6	ride_from_status_c	string
PAT_ENC_6	ride_to_comment	string
PAT_ENC_6	ride_from_comment	string
PAT_ENC_6	appt_auth_status_c	int
PAT_ENC_6	fi_thl_enc_follow_up_ident	string
PAT_ENC_6	evisit_new_status_c	int
PAT_ENC_6	last_chkin_user_id	string
PAT_ENC_6	last_signin_user_id	string
PAT_ENC_6	last_chkout_user_id	string
PAT_ENC_6	telehealth_mode_c	int
PAT_ENC_6	appt_paged_dttm	timestamp
PAT_ENC_6	to_visit_ride_source_c	string
PAT_ENC_6	from_visit_ride_source_c	string
PAT_ENC_6	appt_scheduling_mode_c	int
PAT_ENC_6	lab_resp_user_id	string
PAT_ENC_6	ext_meds_upd_inst_utc_dttm	timestamp
PAT_ENC_6	intf_primary_pat_enc_csn_id	bigint
PAT_ENC_6	veteran_coverage_enc_yn	string
PAT_ENC_6	visit_due_date	string
PAT_ENC_6	override_bcra_num_biopsy_c	int
PAT_ENC_6	override_bcra_race_c	int
PAT_ENC_6	override_gail_factor_user_id	string
PAT_ENC_6	override_gail_factor_dttm	timestamp
PAT_ENC_6	tlh_aprv_subloc_c	int
PAT_ENC_6	tlh_aprv_loc_c	int
PAT_ENC_6	adjud_to_pharmacy_coverage_yn	string
PAT_ENC_6	dl_load_dt	date
PAT_ENC_6	dl_load_ts	timestamp
PAT_ENC_6	enc_close_utc_dttm	timestamp
PAT_ENC_6	split_filing_order_yn	string
PAT_ENC_7	pat_enc_csn_id	decimal(18,0)
PAT_ENC_7	pat_id	string
PAT_ENC_7	pat_enc_date_real	double
PAT_ENC_7	contact_date	timestamp
PAT_ENC_7	cm_ct_owner_id	string
PAT_ENC_7	notify_rep_admsn_c	int
PAT_ENC_7	rep_notified_c	int
PAT_ENC_7	notify_rep_comments	string
PAT_ENC_7	notify_pcp_admsn_c	int
PAT_ENC_7	pcp_notified_c	int
PAT_ENC_7	notify_pcp_comments	string
PAT_ENC_7	roc_planning_pat_enc_csn_id	decimal(18,0)
PAT_ENC_7	num_prev_epsd_c	int
PAT_ENC_7	pat_quesr_last_reasgn_utc_dttm	timestamp
PAT_ENC_7	could_dir_sched_c	int
PAT_ENC_7	could_open_sched_c	int
PAT_ENC_7	could_tkt_sched_c	int
PAT_ENC_7	spec_ord_rslt_not_auto_rls_yn	string
PAT_ENC_7	appointment_search_start_date	timestamp
PAT_ENC_7	recently_at_school_c	int
PAT_ENC_7	vap_proposal_dttm	timestamp
PAT_ENC_7	vap_proposal_user_id	string
PAT_ENC_7	vap_proposal_override_yn	string
PAT_ENC_7	vap_consented_amt	decimal(18,2)
PAT_ENC_7	vap_source_c	int
PAT_ENC_7	vap_proposed_amt	decimal(18,2)
PAT_ENC_7	vap_source_rule_msg	string
PAT_ENC_7	lmp_comment	string
PAT_ENC_7	checkin_aud_dttm	timestamp
PAT_ENC_7	checkout_aud_dttm	timestamp
PAT_ENC_7	signin_aud_dttm	timestamp
PAT_ENC_7	contact_num	int
PAT_ENC_7	abn_required_yn	string
PAT_ENC_7	is_abn_signed_c	string
PAT_ENC_7	msp_is_medicare_hmo_c	string
PAT_ENC_7	reg_comments_date	timestamp
PAT_ENC_7	auto_msg_disabled_yn	string
PAT_ENC_7	dont_auto_link_yn	string
PAT_ENC_7	rsn_for_no_inc_msg_c	int
PAT_ENC_7	has_hormone_data_yn	string
PAT_ENC_7	nlp_capd_disable_utc_dttm	timestamp
PAT_ENC_7	echkin_forall_eligible_yn	string
PAT_ENC_7	meds_request_lws_id	string
PAT_ENC_7	dl_load_dt	date
PAT_ENC_7	dl_load_ts	timestamp
PAT_ENC_7	pend_loc_record_id	decimal(18,0)
PAT_ENC_7	evisit_submitted_dttm	timestamp
PAT_ENC_7	evisit_turnaround_in_minutes	int
PAT_ENC_7	self_arr_allow_c	int
PAT_ENC_7	arr_allow_err_c	int
PAT_ENC_7	pregnancy_intention_c	int
PAT_ENC_7	pregnancy_counseled_yn	varchar(1)
PAT_ENC_7	birth_control_counseled_yn	varchar(1)
PAT_ENC_7	rsn_no_bcm_counseling_c	int
PAT_ENC_7	intake_rsn_no_contraceptive_c	int
PAT_ENC_7	contraceptive_delivery_c	int
PAT_ENC_7	exit_rsn_no_contraceptive_c	int
PAT_ENC_7	is_vap_declined_yn	varchar(1)
PAT_ENC_7	enc_auth_utc_dttm	timestamp
PAT_ENC_7	enc_auth_dttm	timestamp
PAT_ENC_7	enc_time_appt_auth_status_c	int
PAT_ENC_7	incl_prior_auth_mtrc_yn	varchar(1)
PAT_ENC_7	precert_authorization_status_c	int
PAT_ENC_7	enc_time_precert_auth_status_c	int
PAT_ENC_7	appt_pat_time_zone_c	int
PAT_ENC_7	appt_start_pat_tz_dttm	timestamp
PAT_ENC_7	appt_arrival_pat_tz_dttm	timestamp
PAT_ENC_7	is_video_visit_yn	varchar(1)
PAT_ENC_7	is_video_visit_successful_yn	varchar(1)
PAT_ENC_7	video_visit_failure_reason_c	int
PAT_ENC_7	calculated_telehealth_mode_c	int
PAT_ENC_7	episode_update_eff_date	timestamp
PAT_ENC_7	episode_upd_creat_rsn_c	int
PAT_ENC_7	echkin_cutoff_date	timestamp
PAT_ENC_7	visit_msg_decline_yn	varchar(1)
PAT_ENC_7	bill_for_denial_yn	varchar(1)
PAT_ENC_7	myc_epic_linksource_c	int
PAT_ENC_7	cad_eod_processed_yn	varchar(1)
PAT_ENC_7	odvv_pat_wait_minutes	int
PAT_ENC_7	or_admit_grp_enc_date	timestamp
PAT_ENC_7	myc_web_builder_uci	int
PAT_ENC_7	could_online_sched_version	decimal(18,1)
PAT_ENC_AMBIENT_SESSIONS	pat_enc_csn_id	decimal(18,0)
PAT_ENC_AMBIENT_SESSIONS	line	int
PAT_ENC_AMBIENT_SESSIONS	pat_id	string
PAT_ENC_AMBIENT_SESSIONS	pat_enc_date_real	double
PAT_ENC_AMBIENT_SESSIONS	contact_date	timestamp
PAT_ENC_AMBIENT_SESSIONS	cm_ct_owner_id	string
PAT_ENC_AMBIENT_SESSIONS	ambient_session_ident	string
PAT_ENC_AMBIENT_SESSIONS	dl_load_dt	date
PAT_ENC_AMBIENT_SESSIONS	dl_load_ts	timestamp
PAT_ENC_AMBIENT_SESSIONS	device_local_ident	string
PAT_ENC_AMBIENT_SESSIONS	create_device_ident	string
PAT_ENC_CURR_MEDS	pat_id	string
PAT_ENC_CURR_MEDS	pat_enc_date_real	double
PAT_ENC_CURR_MEDS	line	int
PAT_ENC_CURR_MEDS	pat_enc_csn_id	decimal(18,0)
PAT_ENC_CURR_MEDS	contact_date	timestamp
PAT_ENC_CURR_MEDS	current_med_id	decimal(18,0)
PAT_ENC_CURR_MEDS	is_active_yn	string
PAT_ENC_CURR_MEDS	update_date	timestamp
PAT_ENC_CURR_MEDS	medication_id	decimal(18,0)
PAT_ENC_CURR_MEDS	cm_ct_owner_id	string
PAT_ENC_CURR_MEDS	add_to_list_tm	timestamp
PAT_ENC_CURR_MEDS	dl_load_dt	date
PAT_ENC_CURR_MEDS	dl_load_ts	timestamp
PAT_ENC_DX	pat_id	string
PAT_ENC_DX	pat_enc_date_real	double
PAT_ENC_DX	line	int
PAT_ENC_DX	contact_date	timestamp
PAT_ENC_DX	pat_enc_csn_id	decimal(18,0)
PAT_ENC_DX	dx_id	decimal(18,0)
PAT_ENC_DX	icd9_code	string
PAT_ENC_DX	annotation	string
PAT_ENC_DX	dx_qualifier_c	string
PAT_ENC_DX	primary_dx_yn	string
PAT_ENC_DX	comments	string
PAT_ENC_DX	cm_ct_owner_id	string
PAT_ENC_DX	dx_chronic_yn	string
PAT_ENC_DX	enc_icd_code	string
PAT_ENC_DX	dx_stage_id	decimal(18,0)
PAT_ENC_DX	update_date	timestamp
PAT_ENC_DX	dx_unique	string
PAT_ENC_DX	dx_ed_yn	string
PAT_ENC_DX	dx_link_prob_id	decimal(18,0)
PAT_ENC_DX	dl_load_dt	date
PAT_ENC_DX	dl_load_ts	timestamp
PAT_ENC_FORM_ANS	pat_enc_csn_id	decimal(18,0)
PAT_ENC_FORM_ANS	line	int
PAT_ENC_FORM_ANS	pat_id	string
PAT_ENC_FORM_ANS	pat_enc_date_real	double
PAT_ENC_FORM_ANS	contact_date	timestamp
PAT_ENC_FORM_ANS	cm_ct_owner_id	string
PAT_ENC_FORM_ANS	qf_lqf_id	string
PAT_ENC_FORM_ANS	qf_hqa_id	string
PAT_ENC_FORM_ANS	qf_type_c	int
PAT_ENC_FORM_ANS	qf_emp_id	string
PAT_ENC_FORM_ANS	qf_role_c	string
PAT_ENC_FORM_ANS	qf_ser_id	string
PAT_ENC_FORM_ANS	qf_ser_type_c	string
PAT_ENC_FORM_ANS	qf_cosign_emp_id	string
PAT_ENC_FORM_ANS	qf_cosign_role_c	string
PAT_ENC_FORM_ANS	qf_cosign_ser_id	string
PAT_ENC_FORM_ANS	qf_cosgn_ser_typ_c	string
PAT_ENC_FORM_ANS	qf_prev_addnm_id	string
PAT_ENC_FORM_ANS	qf_next_addnm_id	string
PAT_ENC_FORM_ANS	qf_hno_csn	decimal(18,0)
PAT_ENC_FORM_ANS	qf_status_c	int
PAT_ENC_FORM_ANS	qf_stt_chng_emp_id	string
PAT_ENC_FORM_ANS	qf_stat_chng_inst	timestamp
PAT_ENC_FORM_ANS	dl_load_dt	date
PAT_ENC_FORM_ANS	dl_load_ts	timestamp
PAT_ENC_HOSP_PROB	pat_id	string
PAT_ENC_HOSP_PROB	pat_enc_date_real	double
PAT_ENC_HOSP_PROB	line	int
PAT_ENC_HOSP_PROB	contact_date	timestamp
PAT_ENC_HOSP_PROB	pat_enc_csn_id	decimal(18,0)
PAT_ENC_HOSP_PROB	problem_list_id	decimal(18,0)
PAT_ENC_HOSP_PROB	principal_prob_yn	string
PAT_ENC_HOSP_PROB	cm_ct_owner_id	string
PAT_ENC_HOSP_PROB	dl_load_dt	date
PAT_ENC_HOSP_PROB	dl_load_ts	timestamp
PAT_ENC_HSP	pat_id	string
PAT_ENC_HSP	pat_enc_date_real	double
PAT_ENC_HSP	pat_enc_csn_id	decimal(18,0)
PAT_ENC_HSP	adt_contact	int
PAT_ENC_HSP	adt_initial	string
PAT_ENC_HSP	adt_pat_class_c	string
PAT_ENC_HSP	adt_billing_type_c	int
PAT_ENC_HSP	adt_patient_stat_c	int
PAT_ENC_HSP	level_of_care_c	string
PAT_ENC_HSP	pending_disch_time	timestamp
PAT_ENC_HSP	disch_code_c	int
PAT_ENC_HSP	adt_athcrt_stat_c	int
PAT_ENC_HSP	adt_last_rvw_dt	timestamp
PAT_ENC_HSP	adt_next_rvw_dt	timestamp
PAT_ENC_HSP	preadm_undo_rsn_c	int
PAT_ENC_HSP	exp_admission_time	timestamp
PAT_ENC_HSP	exp_len_of_stay	int
PAT_ENC_HSP	exp_discharge_date	timestamp
PAT_ENC_HSP	admit_category_c	int
PAT_ENC_HSP	admit_source_c	string
PAT_ENC_HSP	type_of_room_c	string
PAT_ENC_HSP	rsn_for_room_c	int
PAT_ENC_HSP	type_of_bed_c	string
PAT_ENC_HSP	rsn_for_bed_c	string
PAT_ENC_HSP	belong_claim_no	string
PAT_ENC_HSP	belong_recv_time	timestamp
PAT_ENC_HSP	belong_recv_pers	string
PAT_ENC_HSP	belong_location	string
PAT_ENC_HSP	delivery_type_c	string
PAT_ENC_HSP	labor_status_c	int
PAT_ENC_HSP	er_injury	string
PAT_ENC_HSP	adt_arrival_time	timestamp
PAT_ENC_HSP	adt_arrival_sts_c	int
PAT_ENC_HSP	hosp_admsn_time	timestamp
PAT_ENC_HSP	admit_conf_stat_c	int
PAT_ENC_HSP	hosp_disch_time	timestamp
PAT_ENC_HSP	disch_conf_stat_c	int
PAT_ENC_HSP	discharge_prov_id	string
PAT_ENC_HSP	admission_prov_id	string
PAT_ENC_HSP	hosp_admsn_type_c	string
PAT_ENC_HSP	department_id	decimal(18,0)
PAT_ENC_HSP	adt_serv_area_id	decimal(18,0)
PAT_ENC_HSP	room_id	string
PAT_ENC_HSP	bed_id	string
PAT_ENC_HSP	hosp_serv_c	string
PAT_ENC_HSP	means_of_depart_c	int
PAT_ENC_HSP	disch_disp_c	string
PAT_ENC_HSP	disch_dest_c	string
PAT_ENC_HSP	transfer_from_c	int
PAT_ENC_HSP	pat_contact_mpi_no	string
PAT_ENC_HSP	hsp_account_id	decimal(18,0)
PAT_ENC_HSP	means_of_arrv_c	string
PAT_ENC_HSP	bill_num_type_c	int
PAT_ENC_HSP	bill_num	string
PAT_ENC_HSP	relig_affil_yn	string
PAT_ENC_HSP	acuity_level_c	string
PAT_ENC_HSP	pat_escorted_by_c	int
PAT_ENC_HSP	hospist_needed_yn	string
PAT_ENC_HSP	accommodation_c	string
PAT_ENC_HSP	accom_reason_c	int
PAT_ENC_HSP	adm_event_id	decimal(18,0)
PAT_ENC_HSP	dis_event_id	decimal(18,0)
PAT_ENC_HSP	inpatient_data_id	string
PAT_ENC_HSP	ip_episode_id	decimal(18,0)
PAT_ENC_HSP	pvt_hsp_enc_c	int
PAT_ENC_HSP	contact_date	timestamp
PAT_ENC_HSP	ed_episode_id	decimal(18,0)
PAT_ENC_HSP	ed_disposition_c	string
PAT_ENC_HSP	ed_disp_time	timestamp
PAT_ENC_HSP	followup_prov_id	string
PAT_ENC_HSP	prov_cont_info	string
PAT_ENC_HSP	ed_area_of_care_id	decimal(18,0)
PAT_ENC_HSP	cm_ct_owner_id	string
PAT_ENC_HSP	oshpd_admsn_src_c	int
PAT_ENC_HSP	oshpd_licensure_c	int
PAT_ENC_HSP	oshpd_route_c	int
PAT_ENC_HSP	inp_adm_date	timestamp
PAT_ENC_HSP	copy_to_pcp_yn	string
PAT_ENC_HSP	adoption_case_yn	string
PAT_ENC_HSP	preop_teaching_c	int
PAT_ENC_HSP	preop_prn_eval_c	int
PAT_ENC_HSP	preop_ph_screen_c	int
PAT_ENC_HSP	labor_act_birth_c	int
PAT_ENC_HSP	labor_feed_type_c	int
PAT_ENC_HSP	er_badge_number	string
PAT_ENC_HSP	proc_serv_c	int
PAT_ENC_HSP	cancel_user_id	string
PAT_ENC_HSP	ed_departure_time	timestamp
PAT_ENC_HSP	triage_datetime	timestamp
PAT_ENC_HSP	triage_status_c	int
PAT_ENC_HSP	belong_rel_pers	string
PAT_ENC_HSP	belong_rel_date	timestamp
PAT_ENC_HSP	belong_store_loc_c	int
PAT_ENC_HSP	eddisp_edit_user_id	string
PAT_ENC_HSP	eddisp_edit_inst	timestamp
PAT_ENC_HSP	inp_adm_event_id	decimal(18,0)
PAT_ENC_HSP	inp_adm_event_date	timestamp
PAT_ENC_HSP	inp_dwngrd_evnt_id	decimal(18,0)
PAT_ENC_HSP	inp_dwngrd_date	timestamp
PAT_ENC_HSP	inp_dwngrd_evnt_dt	timestamp
PAT_ENC_HSP	op_adm_date	timestamp
PAT_ENC_HSP	emer_adm_date	timestamp
PAT_ENC_HSP	op_adm_event_id	decimal(18,0)
PAT_ENC_HSP	emer_adm_event_id	decimal(18,0)
PAT_ENC_HSP	prereg_source_c	int
PAT_ENC_HSP	hov_conf_status_c	int
PAT_ENC_HSP	relig_needs_visit_c	int
PAT_ENC_HSP	instant_of_entry_tm	timestamp
PAT_ENC_HSP	discharge_cat_c	int
PAT_ENC_HSP	exp_discharge_time	timestamp
PAT_ENC_HSP	bill_attend_prov_id	string
PAT_ENC_HSP	ob_ld_laboring_yn	string
PAT_ENC_HSP	ob_ld_labor_tm	timestamp
PAT_ENC_HSP	triage_id_tag	string
PAT_ENC_HSP	ed_fu_edit_user_id	string
PAT_ENC_HSP	ed_fu_edit_inst	timestamp
PAT_ENC_HSP	triage_id_tag_cmt	string
PAT_ENC_HSP	referring_dept_id	decimal(18,0)
PAT_ENC_HSP	tplnt_bill_stat_c	int
PAT_ENC_HSP	actl_delivry_meth_c	string
PAT_ENC_HSP	prenatal_care_c	int
PAT_ENC_HSP	ambulance_code_c	int
PAT_ENC_HSP	mse_date	timestamp
PAT_ENC_HSP	admit_prov_text	string
PAT_ENC_HSP	attend_prov_text	string
PAT_ENC_HSP	prov_prim_text	string
PAT_ENC_HSP	prov_prim_text_phon	string
PAT_ENC_HSP	hospital_area_id	decimal(18,0)
PAT_ENC_HSP	admit_addr_id	string
PAT_ENC_HSP	chief_complaint_c	string
PAT_ENC_HSP	need_fin_clr_yn	string
PAT_ENC_HSP	mu_hosp_admsn_time	timestamp
PAT_ENC_HSP	dl_load_dt	date
PAT_ENC_HSP	dl_load_ts	timestamp
PAT_ENC_HSP_2	pat_enc_csn_id	decimal(18,0)
PAT_ENC_HSP_2	pat_id	string
PAT_ENC_HSP_2	pat_enc_date_real	double
PAT_ENC_HSP_2	contact_date	timestamp
PAT_ENC_HSP_2	cm_ct_owner_id	string
PAT_ENC_HSP_2	ex_dis_dt_entr_dttm	timestamp
PAT_ENC_HSP_2	ex_dis_tm_entr_dttm	timestamp
PAT_ENC_HSP_2	contract_reg_flag	string
PAT_ENC_HSP_2	contract_code_c	int
PAT_ENC_HSP_2	accepts_blood_c	int
PAT_ENC_HSP_2	ed_arrival_details	string
PAT_ENC_HSP_2	cons_sedation_c	string
PAT_ENC_HSP_2	restraint_seclus_c	string
PAT_ENC_HSP_2	hsptl_attnd_prov_id	string
PAT_ENC_HSP_2	hosp_admsn_status_c	string
PAT_ENC_HSP_2	multi_preg_yn	string
PAT_ENC_HSP_2	disaster_num	string
PAT_ENC_HSP_2	exp_dis_user_id	string
PAT_ENC_HSP_2	legacy_adt_enc_yn	string
PAT_ENC_HSP_2	src_pattern_csn_id	decimal(18,0)
PAT_ENC_HSP_2	mu_adv_dir_flo_yn	string
PAT_ENC_HSP_2	police_badge_num	string
PAT_ENC_HSP_2	police_report_num	string
PAT_ENC_HSP_2	police_precinct_num	string
PAT_ENC_HSP_2	relig_affil_vis_c	int
PAT_ENC_HSP_2	adm_src_pos_id	decimal(18,0)
PAT_ENC_HSP_2	dis_dest_pos_id	decimal(18,0)
PAT_ENC_HSP_2	survey_opt_out_yn	string
PAT_ENC_HSP_2	enc_closed_or_completed_date	timestamp
PAT_ENC_HSP_2	bedside_activation_dttm	timestamp
PAT_ENC_HSP_2	ki_ed_arr_dttm	timestamp
PAT_ENC_HSP_2	ed_dispo_pat_cond_c	int
PAT_ENC_HSP_2	adoption_type_c	int
PAT_ENC_HSP_2	pri_problem_id	decimal(18,0)
PAT_ENC_HSP_2	expected_dischrg_approx_time_c	int
PAT_ENC_HSP_2	hsp_adm_event_id	decimal(18,0)
PAT_ENC_HSP_2	hsp_dis_event_id	decimal(18,0)
PAT_ENC_HSP_2	disch_milest_kickoff_utc_dttm	timestamp
PAT_ENC_HSP_2	disch_milest_kickoff_user_id	string
PAT_ENC_HSP_2	disch_milest_auto_managed_yn	string
PAT_ENC_HSP_2	predicted_los	decimal(18,2)
PAT_ENC_HSP_2	exp_los_upd_src_c	int
PAT_ENC_HSP_2	bedside_activation_loc_dttm	timestamp
PAT_ENC_HSP_2	ed_depart_utc_dttm	timestamp
PAT_ENC_HSP_2	adt_arrival_utc_dttm	timestamp
PAT_ENC_HSP_2	hosp_disch_utc_dttm	timestamp
PAT_ENC_HSP_2	hosp_admsn_utc_dttm	timestamp
PAT_ENC_HSP_2	inp_admsn_utc_dttm	timestamp
PAT_ENC_HSP_2	ed_historical_yn	string
PAT_ENC_HSP_2	ed_enc_src_c	int
PAT_ENC_HSP_2	med_rem_on_admsn_yn	string
PAT_ENC_HSP_2	bedside_tv_activation_utc_dttm	timestamp
PAT_ENC_HSP_2	bedside_tv_activation_loc_dttm	timestamp
PAT_ENC_HSP_2	patient_task_completion_rate	int
PAT_ENC_HSP_2	start_med_rem_dischg_yn	string
PAT_ENC_HSP_2	expected_discharge_unknown_yn	string
PAT_ENC_HSP_2	dual_admission_csn	decimal(18,0)
PAT_ENC_HSP_2	dl_load_dt	date
PAT_ENC_HSP_2	dl_load_ts	timestamp
PAT_ENC_HSP_2	loa_pat_enc_csn_id	decimal(18,0)
PAT_ENC_HSP_2	initial_adt_pat_stat_c	int
PAT_ENC_HSP_2	notification_sent_first_ip_yn	string
PAT_ENC_HSP_2	notification_sent_obs_admsn_yn	string
PAT_ENC_HSP_2	ib_alert_length_of_stay_msg_id	string
PAT_ENC_HSP_2	initial_admit_conf_stat_c	int
PAT_ENC_HSP_2	transfer_comments	string
PAT_ENC_HSP_2	med_readiness_dttm	timestamp
PAT_ENC_HSP_2	med_readiness_timefram_c	int
PAT_ENC_HSP_2	med_readiness_yn	varchar(1)
PAT_ENC_HSP_2	med_readiness_inst_entry_dttm	timestamp
PAT_ENC_HSP_2	med_readiness_user_id	varchar(18)
PAT_ENC_HSP_2	med_readiness_source_c	int
PAT_ENC_HSP_2	expected_disch_disp_c	int
PAT_ENC_HSP_2	exp_disch_disp_user_id	varchar(18)
PAT_ENC_HSP_2	exp_disch_disp_entry_utc_dttm	timestamp
PAT_ENC_HSP_2	primary_linked_pat_enc_csn_id	decimal(18,0)
PAT_ENC_HSP_2	bedside_wb_activate_utc_dttm	timestamp
PAT_ENC_HSP_2	bedside_wb_activate_local_dttm	timestamp
PAT_ENC_HSP_2	todo_adm_disclaimer_active_yn	string
PAT_ENC_LETTERS	pat_enc_csn_id	decimal(18,0)
PAT_ENC_LETTERS	line	int
PAT_ENC_LETTERS	pat_id	string
PAT_ENC_LETTERS	pat_enc_date_real	double
PAT_ENC_LETTERS	contact_date	timestamp
PAT_ENC_LETTERS	cm_ct_owner_id	string
PAT_ENC_LETTERS	ltr_status_c	int
PAT_ENC_LETTERS	letter_creat_dt	timestamp
PAT_ENC_LETTERS	letter_hno_id	string
PAT_ENC_LETTERS	letter_from_id	string
PAT_ENC_LETTERS	letter_rout_cmt_id	string
PAT_ENC_LETTERS	letter_reason_c	string
PAT_ENC_LETTERS	letter_reason_cmt	string
PAT_ENC_LETTERS	resolved_c	string
PAT_ENC_LETTERS	ltr_status_chg_tm	timestamp
PAT_ENC_LETTERS	ltr_stat_ch_usr_id	string
PAT_ENC_LETTERS	letter_envelop_siz	string
PAT_ENC_LETTERS	letter_delvry_addr	string
PAT_ENC_LETTERS	letter_return_addr	string
PAT_ENC_LETTERS	letter_template_id	string
PAT_ENC_LETTERS	letter_workingdays	int
PAT_ENC_LETTERS	dl_load_dt	date
PAT_ENC_LETTERS	dl_load_ts	timestamp
PAT_ENC_LETTERS	letter_action_group_id	decimal(18,0)
PAT_ENC_LNK_CASE	pat_enc_csn_id	decimal(18,0)
PAT_ENC_LNK_CASE	line	int
PAT_ENC_LNK_CASE	pat_id	string
PAT_ENC_LNK_CASE	pat_enc_date_real	double
PAT_ENC_LNK_CASE	contact_date	timestamp
PAT_ENC_LNK_CASE	cm_ct_owner_id	string
PAT_ENC_LNK_CASE	linked_case_id	string
PAT_ENC_LNK_CASE	dl_load_dt	date
PAT_ENC_LNK_CASE	dl_load_ts	timestamp
PAT_ENC_NO_SHOW	pat_enc_csn_id	decimal(18,0)
PAT_ENC_NO_SHOW	line	int
PAT_ENC_NO_SHOW	pat_id	string
PAT_ENC_NO_SHOW	pat_enc_date_real	double
PAT_ENC_NO_SHOW	contact_date	timestamp
PAT_ENC_NO_SHOW	cm_ct_owner_id	string
PAT_ENC_NO_SHOW	no_show_action_c	string
PAT_ENC_NO_SHOW	no_show_outcome_c	string
PAT_ENC_NO_SHOW	no_show_comment	string
PAT_ENC_NO_SHOW	no_show_user_id	string
PAT_ENC_NO_SHOW	no_show_action_date	timestamp
PAT_ENC_NO_SHOW	no_show_action_time	timestamp
PAT_ENC_NO_SHOW	dl_load_dt	date
PAT_ENC_NO_SHOW	dl_load_ts	timestamp
PAT_ENC_RSN_VISIT	pat_id	string
PAT_ENC_RSN_VISIT	pat_enc_date_real	double
PAT_ENC_RSN_VISIT	pat_enc_csn_id	decimal(18,0)
PAT_ENC_RSN_VISIT	line	int
PAT_ENC_RSN_VISIT	contact_date	timestamp
PAT_ENC_RSN_VISIT	enc_reason_id	decimal(18,0)
PAT_ENC_RSN_VISIT	enc_reason_name	string
PAT_ENC_RSN_VISIT	enc_reason_other	string
PAT_ENC_RSN_VISIT	comments	string
PAT_ENC_RSN_VISIT	cm_ct_owner_id	string
PAT_ENC_RSN_VISIT	rfv_onset_dt	timestamp
PAT_ENC_RSN_VISIT	body_loc_id	decimal(18,0)
PAT_ENC_RSN_VISIT	dl_load_dt	date
PAT_ENC_RSN_VISIT	dl_load_ts	timestamp
PAT_ENC_STAT_HX	pat_enc_csn_id	decimal(18,0)
PAT_ENC_STAT_HX	line	int
PAT_ENC_STAT_HX	pat_id	string
PAT_ENC_STAT_HX	pat_enc_date_real	double
PAT_ENC_STAT_HX	contact_date	timestamp
PAT_ENC_STAT_HX	cm_ct_owner_id	string
PAT_ENC_STAT_HX	update_user_id	string
PAT_ENC_STAT_HX	update_time	timestamp
PAT_ENC_STAT_HX	updated_enc_stat_c	int
PAT_ENC_STAT_HX	updated_conf_stat_c	int
PAT_ENC_STAT_HX	update_reason_ept_c	int
PAT_ENC_STAT_HX	update_reason_adt_c	string
PAT_ENC_STAT_HX	update_event_id	decimal(18,0)
PAT_ENC_STAT_HX	dl_load_dt	date
PAT_ENC_STAT_HX	dl_load_ts	timestamp
PAT_EPISODE	pat_id	string
PAT_EPISODE	line	int
PAT_EPISODE	cm_phy_owner_id	string
PAT_EPISODE	cm_log_owner_id	string
PAT_EPISODE	episode_id	decimal(18,0)
PAT_EPISODE	dl_load_dt	date
PAT_EPISODE	dl_load_ts	timestamp
PAT_HX_REVIEW	pat_enc_csn_id	decimal(18,0)
PAT_HX_REVIEW	line_count	int
PAT_HX_REVIEW	pat_id	string
PAT_HX_REVIEW	pat_enc_date_real	double
PAT_HX_REVIEW	contact_date	timestamp
PAT_HX_REVIEW	cm_ct_owner_id	string
PAT_HX_REVIEW	hx_reviewed_user_id	string
PAT_HX_REVIEW	hx_reviewed_date	timestamp
PAT_HX_REVIEW	hx_reviewed_instant	timestamp
PAT_HX_REVIEW	dl_load_dt	date
PAT_HX_REVIEW	dl_load_ts	timestamp
PAT_LIST	pat_id	string
PAT_LIST	line	int
PAT_LIST	list_id	string
PAT_LIST	cm_phy_owner_id	string
PAT_LIST	cm_log_owner_id	string
PAT_LIST	dl_load_dt	date
PAT_LIST	dl_load_ts	timestamp
PAT_LIST_INFO	list_id	string
PAT_LIST_INFO	list_description	string
PAT_LIST_INFO	record_status_c	int
PAT_LIST_INFO	list_type_c	int
PAT_LIST_INFO	master_list_id	string
PAT_LIST_INFO	list_subtype_c	int
PAT_LIST_INFO	list_owner	string
PAT_LIST_INFO	list_creator_id	string
PAT_LIST_INFO	display_name	string
PAT_LIST_INFO	pda_report_id	string
PAT_LIST_INFO	default_report_id	string
PAT_LIST_INFO	system_list_yn	string
PAT_LIST_INFO	cm_phy_owner_id	string
PAT_LIST_INFO	cm_log_owner_id	string
PAT_LIST_INFO	use_comp_sec_yn	string
PAT_LIST_INFO	avail_to_all_yn	string
PAT_LIST_INFO	login_list_yn	string
PAT_LIST_INFO	last_prop_mod_dttm	timestamp
PAT_LIST_INFO	last_addrem_dttm	timestamp
PAT_LIST_INFO	col_head_chg	int
PAT_LIST_INFO	system_list_grp_c	string
PAT_LIST_INFO	auto_mylst_disp_nam	string
PAT_LIST_INFO	linked_template_id	string
PAT_LIST_INFO	last_sync_updt_dttm	timestamp
PAT_LIST_INFO	reminder_list_yn	string
PAT_LIST_INFO	spr_rich_feat_yn	string
PAT_LIST_INFO	parent_list_id	string
PAT_LIST_INFO	dl_load_dt	date
PAT_LIST_INFO	dl_load_ts	timestamp
PAT_MERGE_HISTORY	pat_id	string
PAT_MERGE_HISTORY	line	int
PAT_MERGE_HISTORY	cm_phy_owner_id	string
PAT_MERGE_HISTORY	cm_log_owner_id	string
PAT_MERGE_HISTORY	patient_mrg_hist	string
PAT_MERGE_HISTORY	dl_load_dt	date
PAT_MERGE_HISTORY	dl_load_ts	timestamp
PAT_MRN_HX	pat_id	string
PAT_MRN_HX	line	int
PAT_MRN_HX	cm_phy_owner_id	string
PAT_MRN_HX	cm_log_owner_id	string
PAT_MRN_HX	mrn_hx	string
PAT_MRN_HX	mrn_hx_change_inst	timestamp
PAT_MRN_HX	mrn_hx_change_staf	string
PAT_MRN_HX	mrn_hx_pat_name	string
PAT_MRN_HX	mrn_hx_dob	timestamp
PAT_MRN_HX	mrn_hx_alias	string
PAT_MRN_HX	mrn_hx_loc_prim_id	string
PAT_MRN_HX	mrn_hx_loc_perm_id	string
PAT_MRN_HX	date_mrn_change	timestamp
PAT_MRN_HX	unmrg_mrgevent_id	decimal(18,0)
PAT_MRN_HX	unmrg_mptsource_id	string
PAT_MRN_HX	unmrg_mpttarget_id	string
PAT_MRN_HX	unmrg_unmerged_yn	string
PAT_MRN_HX	unmrg_preumgmpt_id	string
PAT_MRN_HX	unmrg_instant	timestamp
PAT_MRN_HX	unmrg_humrpt_id	decimal(18,0)
PAT_MRN_HX	unmrg_staff	string
PAT_MRN_HX	mrn_hx_empl	string
PAT_MRN_HX	ptntl_unmrge_usr_id	string
PAT_MRN_HX	potentl_unmrge_dttm	timestamp
PAT_MRN_HX	mark_for_unmerge_c	int
PAT_MRN_HX	dl_load_dt	date
PAT_MRN_HX	dl_load_ts	timestamp
PAT_MRN_HX	partition_dt	date
PAT_MYC_PRXY_ACSS	pat_id	string
PAT_MYC_PRXY_ACSS	line	int
PAT_MYC_PRXY_ACSS	proxy_pat_id	string
PAT_MYC_PRXY_ACSS	myc_prxy_relatn_c	int
PAT_MYC_PRXY_ACSS	from_date	timestamp
PAT_MYC_PRXY_ACSS	to_date	timestamp
PAT_MYC_PRXY_ACSS	access_ecl_id	string
PAT_MYC_PRXY_ACSS	cm_phy_owner_id	string
PAT_MYC_PRXY_ACSS	cm_log_owner_id	string
PAT_MYC_PRXY_ACSS	myc_proxy_cmt	string
PAT_MYC_PRXY_ACSS	proxy_relation_id	string
PAT_MYC_PRXY_ACSS	proxy_wpr_id	string
PAT_MYC_PRXY_ACSS	proxy_status_c	int
PAT_MYC_PRXY_ACSS	proxy_profile_id	string
PAT_MYC_PRXY_ACSS	exp_notified_date	timestamp
PAT_MYC_PRXY_ACSS	proxy_lst_acss_dt	timestamp
PAT_MYC_PRXY_ACSS	prxy_entered_rel_c	string
PAT_MYC_PRXY_ACSS	proxy_preferences_id	decimal(18,0)
PAT_MYC_PRXY_ACSS	proxy_access_avail_utc_dttm	timestamp
PAT_MYC_PRXY_ACSS	proxy_lst_acss_utc_dttm	timestamp
PAT_MYC_PRXY_ACSS	dl_load_dt	date
PAT_MYC_PRXY_ACSS	dl_load_ts	timestamp
PAT_MYC_PRXY_ACSS	proxy_access_source_c	int
PAT_MYC_PRXY_ACSS	myc_prxy_rel_status_c	int
PAT_MYC_PRXY_ACSS	confrm_attempt_cnt	int
PAT_MYC_PRXY_ACSS	prxy_acss_manually_modified_yn	string
PAT_NATIVE_ORG	pat_id	string
PAT_NATIVE_ORG	line	int
PAT_NATIVE_ORG	cm_phy_owner_id	string
PAT_NATIVE_ORG	cm_log_owner_id	string
PAT_NATIVE_ORG	org_record_id	decimal(18,0)
PAT_NATIVE_ORG	dl_load_dt	date
PAT_NATIVE_ORG	dl_load_ts	timestamp
PAT_OCCUPN_HX	pat_enc_csn_id	decimal(18,0)
PAT_OCCUPN_HX	line	int
PAT_OCCUPN_HX	pat_id	string
PAT_OCCUPN_HX	pat_enc_date_real	double
PAT_OCCUPN_HX	contact_date	timestamp
PAT_OCCUPN_HX	cm_ct_owner_id	string
PAT_OCCUPN_HX	hx_occupn	string
PAT_OCCUPN_HX	hx_employer_id	string
PAT_OCCUPN_HX	hx_occupn_comment	string
PAT_OCCUPN_HX	history_source_c	int
PAT_OCCUPN_HX	dl_load_dt	date
PAT_OCCUPN_HX	dl_load_ts	timestamp
PAT_OCCUPN_HX	hx_industry_c	int
PAT_OCCUPN_HX	hx_occupn_start_date	timestamp
PAT_OCCUPN_HX	hx_occupn_end_date	timestamp
PAT_OCCUPN_HX	hx_occ_c	int
PAT_OR_ADM_LINK	pat_enc_csn_id	decimal(18,0)
PAT_OR_ADM_LINK	pat_id	string
PAT_OR_ADM_LINK	pat_enc_date_real	double
PAT_OR_ADM_LINK	cm_ct_owner_id	string
PAT_OR_ADM_LINK	or_link_csn	decimal(18,0)
PAT_OR_ADM_LINK	or_link_inp_id	string
PAT_OR_ADM_LINK	or_share_periop_yn	string
PAT_OR_ADM_LINK	or_sum_blocks_id	decimal(18,0)
PAT_OR_ADM_LINK	or_src_visit_csn	decimal(18,0)
PAT_OR_ADM_LINK	or_caselog_id	string
PAT_OR_ADM_LINK	update_date	timestamp
PAT_OR_ADM_LINK	or_med_rev_hsb_id	decimal(18,0)
PAT_OR_ADM_LINK	case_id	string
PAT_OR_ADM_LINK	log_id	string
PAT_OR_ADM_LINK	pxpass_id	decimal(18,0)
PAT_OR_ADM_LINK	dl_load_dt	date
PAT_OR_ADM_LINK	dl_load_ts	timestamp
PAT_PCP	pat_id	string
PAT_PCP	line	int
PAT_PCP	change_date	timestamp
PAT_PCP	pcp_prov_id	string
PAT_PCP	eff_date	timestamp
PAT_PCP	term_date	timestamp
PAT_PCP	user_id	string
PAT_PCP	change_req_by_c	int
PAT_PCP	switch_reason_c	int
PAT_PCP	pcp_type_c	int
PAT_PCP	cm_phy_owner_id	string
PAT_PCP	cm_log_owner_id	string
PAT_PCP	deleted_yn	string
PAT_PCP	specialty_c	string
PAT_PCP	results_c	int
PAT_PCP	admit_notify_yn	string
PAT_PCP	pcp_message_yn	string
PAT_PCP	relationship_c	string
PAT_PCP	other_name	string
PAT_PCP	other_address	string
PAT_PCP	other_phone	string
PAT_PCP	other_pager	string
PAT_PCP	other_fax	string
PAT_PCP	other_email	string
PAT_PCP	pcp_hx_comments	string
PAT_PCP	pcp_address_id	string
PAT_PCP	dl_load_dt	date
PAT_PCP	dl_load_ts	timestamp
PAT_REL_ADDR	pat_id	string
PAT_REL_ADDR	group_line	int
PAT_REL_ADDR	value_line	int
PAT_REL_ADDR	cm_phy_owner_id	string
PAT_REL_ADDR	cm_log_owner_id	string
PAT_REL_ADDR	pat_rel_address	string
PAT_REL_ADDR	dl_load_dt	date
PAT_REL_ADDR	dl_load_ts	timestamp
PAT_RELATIONSHIP_LIST	pat_relationship_id	decimal(18,0)
PAT_RELATIONSHIP_LIST	cm_phy_owner_id	string
PAT_RELATIONSHIP_LIST	cm_log_owner_id	string
PAT_RELATIONSHIP_LIST	record_status_c	int
PAT_RELATIONSHIP_LIST	pat_id	string
PAT_RELATIONSHIP_LIST	pat_contact_pat_id	string
PAT_RELATIONSHIP_LIST	pat_level_relationship_yn	string
PAT_RELATIONSHIP_LIST	ssn	string
PAT_RELATIONSHIP_LIST	name	string
PAT_RELATIONSHIP_LIST	gender_c	int
PAT_RELATIONSHIP_LIST	birth_date	timestamp
PAT_RELATIONSHIP_LIST	house_num	string
PAT_RELATIONSHIP_LIST	city	string
PAT_RELATIONSHIP_LIST	state_c	string
PAT_RELATIONSHIP_LIST	zip_code	string
PAT_RELATIONSHIP_LIST	district_c	int
PAT_RELATIONSHIP_LIST	county_c	string
PAT_RELATIONSHIP_LIST	country_c	string
PAT_RELATIONSHIP_LIST	occupation	string
PAT_RELATIONSHIP_LIST	interp_needed_yn	string
PAT_RELATIONSHIP_LIST	hearing_impaired_yn	string
PAT_RELATIONSHIP_LIST	visually_impaired_yn	string
PAT_RELATIONSHIP_LIST	spec_need_impair_c	int
PAT_RELATIONSHIP_LIST	record_creation_date	timestamp
PAT_RELATIONSHIP_LIST	preferred_language_c	string
PAT_RELATIONSHIP_LIST	display_sequence	int
PAT_RELATIONSHIP_LIST	social_closeness_c	int
PAT_RELATIONSHIP_LIST	same_household_yn	string
PAT_RELATIONSHIP_LIST	support_network_yn	string
PAT_RELATIONSHIP_LIST	custody_c	int
PAT_RELATIONSHIP_LIST	guardian_yn	string
PAT_RELATIONSHIP_LIST	protection_order_yn	string
PAT_RELATIONSHIP_LIST	last_rev_dttm	timestamp
PAT_RELATIONSHIP_LIST	last_rev_user_id	string
PAT_RELATIONSHIP_LIST	notify_on_admsn_yn	string
PAT_RELATIONSHIP_LIST	legal_relation_c	int
PAT_RELATIONSHIP_LIST	actv_hlthcr_agent_yn	string
PAT_RELATIONSHIP_LIST	generic_cat_1_c	string
PAT_RELATIONSHIP_LIST	generic_cat_2_c	string
PAT_RELATIONSHIP_LIST	generic_cat_3_c	string
PAT_RELATIONSHIP_LIST	generic_cat_4_c	string
PAT_RELATIONSHIP_LIST	generic_string_1	string
PAT_RELATIONSHIP_LIST	generic_string_2	string
PAT_RELATIONSHIP_LIST	generic_string_3	string
PAT_RELATIONSHIP_LIST	generic_string_4	string
PAT_RELATIONSHIP_LIST	auth_letter_recipient_yn	string
PAT_RELATIONSHIP_LIST	send_letters_by_default_yn	string
PAT_RELATIONSHIP_LIST	competency_code_c	int
PAT_RELATIONSHIP_LIST	limitation_code_c	int
PAT_RELATIONSHIP_LIST	responsibility_code_c	int
PAT_RELATIONSHIP_LIST	authority_code_c	int
PAT_RELATIONSHIP_LIST	business_ident	string
PAT_RELATIONSHIP_LIST	order_issued_yn	string
PAT_RELATIONSHIP_LIST	pending_pat_legal_relation_c	int
PAT_RELATIONSHIP_LIST	acp_upd_rejection_reason_c	int
PAT_RELATIONSHIP_LIST	acp_upd_rejection_reason_text	string
PAT_RELATIONSHIP_LIST	acp_upd_mychart_user_id	string
PAT_RELATIONSHIP_LIST	impact_of_relationship_c	int
PAT_RELATIONSHIP_LIST	pat_relationship_record_name	string
PAT_RELATIONSHIP_LIST	order_issued_task_c	int
PAT_RELATIONSHIP_LIST	creation_source_c	int
PAT_RELATIONSHIP_LIST	sg_nricfin_type_c	int
PAT_RELATIONSHIP_LIST	sg_other_ident	string
PAT_RELATIONSHIP_LIST	sg_other_id_type_c	int
PAT_RELATIONSHIP_LIST	living_status_c	string
PAT_RELATIONSHIP_LIST	pat_contact_row_type_c	int
PAT_RELATIONSHIP_LIST	org_facility_id	decimal(18,0)
PAT_RELATIONSHIP_LIST	org_relig_affl_id	string
PAT_RELATIONSHIP_LIST	org_website	string
PAT_RELATIONSHIP_LIST	org_fax_number	string
PAT_RELATIONSHIP_LIST	org_primary_contact	string
PAT_RELATIONSHIP_LIST	org_primary_contact_phone	string
PAT_RELATIONSHIP_LIST	org_department_id	decimal(18,0)
PAT_RELATIONSHIP_LIST	mypt_id	string
PAT_RELATIONSHIP_LIST	freetext_comment	string
PAT_RELATIONSHIP_LIST	uuid	string
PAT_RELATIONSHIP_LIST	finland_guard_dir_c	int
PAT_RELATIONSHIP_LIST	finland_legal_res_yn	string
PAT_RELATIONSHIP_LIST	finland_res_start_date	timestamp
PAT_RELATIONSHIP_LIST	finland_res_end_date	timestamp
PAT_RELATIONSHIP_LIST	finland_court_order_c	int
PAT_RELATIONSHIP_LIST	primary_or_first_phone	string
PAT_RELATIONSHIP_LIST	finland_guardianship_free_text	string
PAT_RELATIONSHIP_LIST	emerg_contact_yn	string
PAT_RELATIONSHIP_LIST	dl_load_dt	date
PAT_RELATIONSHIP_LIST	dl_load_ts	timestamp
PAT_RELATIONSHIP_LIST	show_video_invite_yn	string
PAT_RELATIONSHIPS	pat_id	string
PAT_RELATIONSHIPS	line	int
PAT_RELATIONSHIPS	cm_phy_owner_id	string
PAT_RELATIONSHIPS	cm_log_owner_id	string
PAT_RELATIONSHIPS	pat_rel_name	string
PAT_RELATIONSHIPS	pat_rel_address	string
PAT_RELATIONSHIPS	pat_rel_city	string
PAT_RELATIONSHIPS	pat_rel_state_c	string
PAT_RELATIONSHIPS	pat_rel_zip	string
PAT_RELATIONSHIPS	pat_rel_county_c	string
PAT_RELATIONSHIPS	pat_rel_country_c	string
PAT_RELATIONSHIPS	pat_rel_home_phone	string
PAT_RELATIONSHIPS	pat_rel_work_phone	string
PAT_RELATIONSHIPS	pat_rel_mobile_phne	string
PAT_RELATIONSHIPS	pat_rel_lgl_guar_yn	string
PAT_RELATIONSHIPS	pat_rel_rec_link_id	string
PAT_RELATIONSHIPS	pat_rel_relation_c	string
PAT_RELATIONSHIPS	pat_rel_prim_ph_c	string
PAT_RELATIONSHIPS	pat_rel_gen_str_1	string
PAT_RELATIONSHIPS	pat_rel_gen_str_2	string
PAT_RELATIONSHIPS	pat_rel_gen_str_3	string
PAT_RELATIONSHIPS	pat_rel_gen_str_4	string
PAT_RELATIONSHIPS	pat_rel_gen_cat_1_c	string
PAT_RELATIONSHIPS	pat_rel_gen_cat_2_c	string
PAT_RELATIONSHIPS	pat_rel_gen_cat_3_c	string
PAT_RELATIONSHIPS	pat_rel_gen_cat_4_c	string
PAT_RELATIONSHIPS	pat_rel_house_num	string
PAT_RELATIONSHIPS	pat_rel_district_c	int
PAT_RELATIONSHIPS	pat_rel_hearing_yn	string
PAT_RELATIONSHIPS	pat_rel_visually_yn	string
PAT_RELATIONSHIPS	pat_rel_imp_needs_c	int
PAT_RELATIONSHIPS	pat_rel_spoken_c	string
PAT_RELATIONSHIPS	pat_rel_written_c	string
PAT_RELATIONSHIPS	pat_rel_pref_lang_c	string
PAT_RELATIONSHIPS	pat_rel_interpret_yn	string
PAT_RELATIONSHIPS	pat_rel_spl_needs_c	int
PAT_RELATIONSHIPS	pat_rel_notify_yn	string
PAT_RELATIONSHIPS	pat_rel_interpre_yn	string
PAT_RELATIONSHIPS	pat_legal_rel_c	int
PAT_RELATIONSHIPS	pat_rel_act_agnt_yn	string
PAT_RELATIONSHIPS	pat_rel_uuid	string
PAT_RELATIONSHIPS	pat_rel_email	string
PAT_RELATIONSHIPS	pat_rel_rla_id	decimal(18,0)
PAT_RELATIONSHIPS	dl_load_dt	date
PAT_RELATIONSHIPS	dl_load_ts	timestamp
PAT_SEXUAL_ORIENTATION	pat_id	string
PAT_SEXUAL_ORIENTATION	line	int
PAT_SEXUAL_ORIENTATION	cm_phy_owner_id	string
PAT_SEXUAL_ORIENTATION	cm_log_owner_id	string
PAT_SEXUAL_ORIENTATION	sexual_orientatn_c	int
PAT_SEXUAL_ORIENTATION	dl_load_dt	date
PAT_SEXUAL_ORIENTATION	dl_load_ts	timestamp
PAT_SPEC_CMTS	pat_id	string
PAT_SPEC_CMTS	line	int
PAT_SPEC_CMTS	cm_phy_owner_id	string
PAT_SPEC_CMTS	cm_log_owner_id	string
PAT_SPEC_CMTS	specialty_com_id	string
PAT_SPEC_CMTS	dl_load_dt	date
PAT_SPEC_CMTS	dl_load_ts	timestamp
PAT_SURG_DATA	pat_enc_csn_id	decimal(18,0)
PAT_SURG_DATA	pat_id	string
PAT_SURG_DATA	pat_enc_date_real	double
PAT_SURG_DATA	contact_date	timestamp
PAT_SURG_DATA	cm_ct_owner_id	string
PAT_SURG_DATA	cs_surg_surgeon_id	string
PAT_SURG_DATA	cs_surg_proc_id	string
PAT_SURG_DATA	cs_surg_location_id	decimal(18,0)
PAT_SURG_DATA	cs_surg_case_stat_c	int
PAT_SURG_DATA	cs_surg_log_stat_c	int
PAT_SURG_DATA	cs_surg_eap_id	decimal(18,0)
PAT_SURG_DATA	cs_surg_proc_frtxt	string
PAT_SURG_DATA	cs_surg_proc_lat_c	int
PAT_SURG_DATA	cs_surg_sched_dttm	timestamp
PAT_SURG_DATA	cs_surg_proc_cmt	string
PAT_SURG_DATA	cs_surg_not_perf_yn	string
PAT_SURG_DATA	cs_surg_case_class_c	int
PAT_SURG_DATA	cs_surg_case_hidden_yn	string
PAT_SURG_DATA	dl_load_dt	date
PAT_SURG_DATA	dl_load_ts	timestamp
PAT_UCN_CONVERT	pat_enc_csn_id	decimal(18,0)
PAT_UCN_CONVERT	line	int
PAT_UCN_CONVERT	pat_id	string
PAT_UCN_CONVERT	pat_enc_date_real	double
PAT_UCN_CONVERT	contact_date	timestamp
PAT_UCN_CONVERT	cm_ct_owner_id	string
PAT_UCN_CONVERT	linked_ucn_notes_id	string
PAT_UCN_CONVERT	dl_load_dt	date
PAT_UCN_CONVERT	dl_load_ts	timestamp
PATIENT	pat_id	string
PATIENT	pat_name	string
PATIENT	add_line_1	string
PATIENT	add_line_2	string
PATIENT	city	string
PATIENT	state_c	string
PATIENT	county_c	string
PATIENT	country_c	string
PATIENT	zip	string
PATIENT	home_phone	string
PATIENT	work_phone	string
PATIENT	email_address	string
PATIENT	restricted_yn	string
PATIENT	pat_status	string
PATIENT	birth_date	timestamp
PATIENT	sex	string
PATIENT	ethnic_group_c	int
PATIENT	marital_status_c	int
PATIENT	religion_c	int
PATIENT	language_c	string
PATIENT	ssn	string
PATIENT	reg_date	timestamp
PATIENT	reg_status_c	string
PATIENT	epiccare_pat_yn	string
PATIENT	medicare_num	string
PATIENT	medicaid_num	string
PATIENT	power_of_attrny_yn	string
PATIENT	power_of_attrny_dt	timestamp
PATIENT	adv_directive_yn	string
PATIENT	adv_directive_date	timestamp
PATIENT	def_fin_class_c	string
PATIENT	fin_status_c	int
PATIENT	cur_pcp_prov_id	string
PATIENT	claim_alert_c	int
PATIENT	cur_prim_loc_id	decimal(18,0)
PATIENT	legal_status_c	int
PATIENT	veteran_status_c	string
PATIENT	mother_pat_id	string
PATIENT	father_pat_id	string
PATIENT	birth_loc_id	decimal(18,0)
PATIENT	birth_status_c	int
PATIENT	birth_wrist_band	string
PATIENT	ped_birth_len	string
PATIENT	ped_birth_wt	string
PATIENT	ped_apgar_one	string
PATIENT	ped_apgar_two	string
PATIENT	ped_apgar_ten	string
PATIENT	ped_comment	string
PATIENT	ped_mult_birth_ord	int
PATIENT	ped_mult_birth_tot	int
PATIENT	epic_pat_id	string
PATIENT	rec_create_date	timestamp
PATIENT	create_user_id	string
PATIENT	prim_cvg_id	decimal(18,0)
PATIENT	prim_epm_id	decimal(18,0)
PATIENT	prim_epp_id	decimal(18,0)
PATIENT	prim_fc	string
PATIENT	perm_chart_loc_c	int
PATIENT	cur_chart_loc_c	int
PATIENT	pat_mrn_id	string
PATIENT	death_date	timestamp
PATIENT	update_date	timestamp
PATIENT	eob_flag_yn	string
PATIENT	rec_create_pat_id	string
PATIENT	organ_donor_yn	string
PATIENT	tmp_addr_line_1	string
PATIENT	tmp_addr_line_2	string
PATIENT	tmp_city	string
PATIENT	tmp_state_c	string
PATIENT	tmp_country_c	string
PATIENT	tmp_zip	string
PATIENT	tmp_home_phone	string
PATIENT	tmp_county_c	string
PATIENT	tmp_addr_start_dt	timestamp
PATIENT	tmp_addr_end_dt	timestamp
PATIENT	tmp_care_of_person	string
PATIENT	is_mail_blocked_yn	string
PATIENT	is_phone_remndr_yn	string
PATIENT	case_spvsr_user_id	string
PATIENT	pat_last_name	string
PATIENT	pat_first_name	string
PATIENT	pat_middle_name	string
PATIENT	pat_title_c	string
PATIENT	pat_name_suffix_c	int
PATIENT	special_status_c	int
PATIENT	lang_care_c	string
PATIENT	lang_writ_c	string
PATIENT	proxy_pat_yn	string
PATIENT	proxy_name	string
PATIENT	proxy_phone	string
PATIENT	proxy_pack_yn	string
PATIENT	employer_id	string
PATIENT	empy_status_c	int
PATIENT	cm_phy_owner_id	string
PATIENT	cm_log_owner_id	string
PATIENT	alrgy_upd_date	timestamp
PATIENT	alrgy_upd_user_id	string
PATIENT	guardian_name	string
PATIENT	pref_clin_zip	string
PATIENT	pref_pcp_sex_c	string
PATIENT	pref_pcp_spec_c	string
PATIENT	pref_pcp_lang_c	string
PATIENT	country_of_orig_c	string
PATIENT	comm_pref_ltr_c	int
PATIENT	ped_birth_head_cir	string
PATIENT	ped_dischrg_wt	string
PATIENT	ped_cesarean_yn	string
PATIENT	ped_gest_age	string
PATIENT	ped_nour_meth_c	int
PATIENT	ped_delivr_meth_c	string
PATIENT	ped_multi_birth_yn	string
PATIENT	edd_dt	timestamp
PATIENT	edd_entered_dt	timestamp
PATIENT	edd_cmt	string
PATIENT	intrptr_needed_yn	string
PATIENT	pcp_don_chart_yn	string
PATIENT	pat_has_iol_yn	string
PATIENT	species_c	string
PATIENT	ped_birth_labor	string
PATIENT	ped_hosp_days	string
PATIENT	ped_hosp_name	string
PATIENT	ped_hosp_location	string
PATIENT	meds_last_rev_tm	timestamp
PATIENT	meds_lst_rev_usr_id	string
PATIENT	self_verif_date	timestamp
PATIENT	self_verif_statu_yn	string
PATIENT	self_ec_verif_date	timestamp
PATIENT	self_ec_verif_st_yn	string
PATIENT	last_myc_asked_date	timestamp
PATIENT	empr_id_cmt	string
PATIENT	house_num	string
PATIENT	district_c	int
PATIENT	pat_status_c	string
PATIENT	meds_last_rev_csn	decimal(18,0)
PATIENT	sex_c	string
PATIENT	record_state_c	int
PATIENT	dl_load_dt	date
PATIENT	dl_load_ts	timestamp
PATIENT_2	pat_id	string
PATIENT_2	cm_phy_owner_id	string
PATIENT_2	cm_log_owner_id	string
PATIENT_2	record_type_6_c	int
PATIENT_2	birth_tm	timestamp
PATIENT_2	death_tm	timestamp
PATIENT_2	fax	string
PATIENT_2	citizenship_c	string
PATIENT_2	med_hx_note_id	string
PATIENT_2	is_adopted_yn	string
PATIENT_2	hearing_impaired_yn	string
PATIENT_2	visually_impaire_yn	string
PATIENT_2	birth_hospital	string
PATIENT_2	alrgy_upd_inst	timestamp
PATIENT_2	birth_city	string
PATIENT_2	birth_st_c	string
PATIENT_2	ob_conversion_yn	string
PATIENT_2	school_c	int
PATIENT_2	referral_source_id	string
PATIENT_2	ambrx_dosing_weight	double
PATIENT_2	ambrx_dose_wt_inst	timestamp
PATIENT_2	pat_name_record_id	string
PATIENT_2	tmp_house_num	string
PATIENT_2	tmp_district_c	int
PATIENT_2	comm_method_c	int
PATIENT_2	foster_child_yn	string
PATIENT_2	conf_pat_real_name	string
PATIENT_2	pat_conf_nm_rec_id	string
PATIENT_2	active_ier_id	string
PATIENT_2	oth_city	string
PATIENT_2	oth_zip	string
PATIENT_2	oth_phone	string
PATIENT_2	oth_email	string
PATIENT_2	oth_contact_person	string
PATIENT_2	oth_house_number	string
PATIENT_2	oth_district_c	int
PATIENT_2	oth_county_c	string
PATIENT_2	oth_country_c	string
PATIENT_2	oth_start_date	timestamp
PATIENT_2	oth_end_date	timestamp
PATIENT_2	def_address_c	string
PATIENT_2	oth_state_c	string
PATIENT_2	maiden_name	string
PATIENT_2	empr_city	string
PATIENT_2	empr_state_c	string
PATIENT_2	empr_zip	string
PATIENT_2	empr_country_c	string
PATIENT_2	empr_phone	string
PATIENT_2	bill_instruct_c	int
PATIENT_2	pat_assist_c	int
PATIENT_2	bill_comment	string
PATIENT_2	temp_pat_flag_c	int
PATIENT_2	eob_address_c	int
PATIENT_2	temp_name_yn	string
PATIENT_2	empr_house_num	string
PATIENT_2	empr_district_c	int
PATIENT_2	chart_abstd_yn	string
PATIENT_2	mother_height	decimal(18,2)
PATIENT_2	father_height	decimal(18,2)
PATIENT_2	pat_verification_id	decimal(18,0)
PATIENT_2	alrgy_rev_stat_c	int
PATIENT_2	alrgy_rev_cmt	string
PATIENT_2	reverse_natl_id	string
PATIENT_2	adv_dir_rev_dt	timestamp
PATIENT_2	adv_dir_rev_user_id	string
PATIENT_2	living_arrange_c	int
PATIENT_2	driver_lic_exp_date	timestamp
PATIENT_2	last_access_date	timestamp
PATIENT_2	ped_comment	string
PATIENT_2	dl_load_dt	date
PATIENT_2	dl_load_ts	timestamp
PATIENT_3	pat_id	string
PATIENT_3	cm_phy_owner_id	string
PATIENT_3	cm_log_owner_id	string
PATIENT_3	lact_stat_cur_c	int
PATIENT_3	lact_stat_inst_dttm	timestamp
PATIENT_3	lact_stat_csn	decimal(18,0)
PATIENT_3	lact_stat_user_id	string
PATIENT_3	hm_plan_disp_flag	string
PATIENT_3	ambulatory_status_c	string
PATIENT_3	occupation	string
PATIENT_3	advanced_dir_yn	string
PATIENT_3	abst_dt	timestamp
PATIENT_3	rec_create_dept_id	decimal(18,0)
PATIENT_3	alrgy_rev_reas_c	int
PATIENT_3	home_rec_subscrd_yn	string
PATIENT_3	ept_unrslved_dat_yn	string
PATIENT_3	external_access	decimal(18,2)
PATIENT_3	ext_acc_date	timestamp
PATIENT_3	master_pat_yn	string
PATIENT_3	allow_half_pills_yn	string
PATIENT_3	appt_rem_tm_c	int
PATIENT_3	appt_rem_mech_c	int
PATIENT_3	rcv_msgs_c	int
PATIENT_3	kiosk_last_use_dttm	timestamp
PATIENT_3	kiosk_last_use_r_c	int
PATIENT_3	kiosk_last_use_k_id	string
PATIENT_3	kiosk_last_use_data	string
PATIENT_3	mother_maiden_name	string
PATIENT_3	mother_first_name	string
PATIENT_3	hmt_due_status_dttm	timestamp
PATIENT_3	l_growth_chart_used	string
PATIENT_3	alrg_last_upda_dttm	timestamp
PATIENT_3	pat_arch_status_c	int
PATIENT_3	ki_photo_upd_dt	timestamp
PATIENT_3	ped_birth_len_num	decimal(18,1)
PATIENT_3	ped_birth_wt_num	decimal(18,2)
PATIENT_3	ped_birth_hd_cr_num	decimal(18,1)
PATIENT_3	ped_dischrg_wgt_num	decimal(18,2)
PATIENT_3	ped_apgar_one_c	int
PATIENT_3	ped_apgar_five_c	int
PATIENT_3	ped_apgar_ten_c	int
PATIENT_3	ped_gest_age_num	int
PATIENT_3	unos_prim_cod_c	int
PATIENT_3	unos_prim_cod_sp	string
PATIENT_3	unos_ctrb_cod1_c	int
PATIENT_3	unos_cntb_cod1_sp	string
PATIENT_3	unos_ctrb_cod2_c	int
PATIENT_3	unos_cntb_cod2_sp	string
PATIENT_3	nb_del_rec_id	decimal(18,0)
PATIENT_3	notif_pat_email_yn	string
PATIENT_3	notif_pat_sched_yn	string
PATIENT_3	notif_pat_canc_yn	string
PATIENT_3	notif_pat_missed_yn	string
PATIENT_3	notif_pat_chng_yn	string
PATIENT_3	how_notif_pat_c	int
PATIENT_3	case_super_prog_c	string
PATIENT_3	imm_confidential_yn	string
PATIENT_3	cvg_verif_user_id	string
PATIENT_3	first_appt_dept_id	decimal(18,0)
PATIENT_3	preferred_name	string
PATIENT_3	last_verified_by_id	string
PATIENT_3	learn_assmt_id	decimal(18,0)
PATIENT_3	curr_loc_id	decimal(18,0)
PATIENT_3	pcod_cause_dx_id	decimal(18,0)
PATIENT_3	pcod_rec_user_id	string
PATIENT_3	pcod_inst_rec_dttm	timestamp
PATIENT_3	empl_id_num	string
PATIENT_3	school_phone	string
PATIENT_3	contract_id	decimal(18,0)
PATIENT_3	auto_pt_wo_ind_yn	string
PATIENT_3	auto_pt_wo_from_dt	timestamp
PATIENT_3	auto_pt_wo_to_dt	timestamp
PATIENT_3	cvg_last_verify_dt	timestamp
PATIENT_3	prim_fin_cl_c	string
PATIENT_3	mc_member_only_c	int
PATIENT_3	spot_upd_user_id	string
PATIENT_3	spot_upd_dttm	timestamp
PATIENT_3	is_test_pat_yn	string
PATIENT_3	gyn_hx_cmt_note_id	string
PATIENT_3	gyn_hx_menarche_age	int
PATIENT_3	gyn_hx_fst_preg_age	int
PATIENT_3	gyn_hx_mo_brstfdg	int
PATIENT_3	gyn_hx_menopaus_age	int
PATIENT_3	comp_appts_count	int
PATIENT_3	noshow_appts_count	int
PATIENT_3	family_grouper	string
PATIENT_3	fetus_yn	string
PATIENT_3	dent_class_c	string
PATIENT_3	dent_last_user_id	string
PATIENT_3	dent_inst_dttm	timestamp
PATIENT_3	english_fluency_c	int
PATIENT_3	form_confidence_c	int
PATIENT_3	branch_of_service_c	int
PATIENT_3	military_rank_c	int
PATIENT_3	fmp_c	int
PATIENT_3	pat_cat_c	int
PATIENT_3	mil_component_c	int
PATIENT_3	asgn_mil_unit_id	decimal(18,0)
PATIENT_3	mil_pay_grade_c	int
PATIENT_3	temp_mil_unit_id	decimal(18,0)
PATIENT_3	ped_gest_age_days	int
PATIENT_3	ped_birth_hd_circum	decimal(18,3)
PATIENT_3	dl_load_dt	date
PATIENT_3	dl_load_ts	timestamp
PATIENT_3	last_used_growth_chart_id	decimal(18,0)
PATIENT_4	pat_id	string
PATIENT_4	cm_phy_owner_id	string
PATIENT_4	cm_log_owner_id	string
PATIENT_4	interprt_needed_cmt	string
PATIENT_4	dent_comment	string
PATIENT_4	ept_log_date	timestamp
PATIENT_4	esrd_g_start_dt	timestamp
PATIENT_4	esrd_b_start_dt	timestamp
PATIENT_4	esrd_p_start_dt	timestamp
PATIENT_4	cms_op_esrd_train_h	int
PATIENT_4	cms_op_esrd_train_p	int
PATIENT_4	language_c_cmt	string
PATIENT_4	foh_id	decimal(18,0)
PATIENT_4	txp_pat_yn	string
PATIENT_4	blind_yn	string
PATIENT_4	deaf_yn	string
PATIENT_4	empr_county_c	string
PATIENT_4	research_id	string
PATIENT_4	dob_fmt_c	int
PATIENT_4	alrgy_rev_ept_csn	decimal(18,0)
PATIENT_4	occupation_c	int
PATIENT_4	industry_c	int
PATIENT_4	education_level_c	int
PATIENT_4	loc_education_c	int
PATIENT_4	parent_edu_level_c	int
PATIENT_4	parent_loc_edu_c	int
PATIENT_4	res_of_state_c	string
PATIENT_4	us_citizen_yn	string
PATIENT_4	permanent_resident_yn	string
PATIENT_4	no_email_reason_c	int
PATIENT_4	cntry_subdiv_code_c	int
PATIENT_4	pds_nhs_num_err	string
PATIENT_4	bsn_dob_fmt_c	int
PATIENT_4	race_coll_mthd_c	int
PATIENT_4	pds_nhs_stat_ind_c	string
PATIENT_4	send_sms_yn	string
PATIENT_4	pat_no_comm_pref_c	int
PATIENT_4	fst_live_birth_age	int
PATIENT_4	rsh_pref_c	int
PATIENT_4	rsh_pref_utc_dttm	timestamp
PATIENT_4	rsh_pref_user_id	string
PATIENT_4	kiosk_workstation_last_used_id	string
PATIENT_4	external_death_date	timestamp
PATIENT_4	death_data_import_date	timestamp
PATIENT_4	death_loc_c	int
PATIENT_4	birth_dt_inacc_yn	string
PATIENT_4	death_dt_inacc_yn	string
PATIENT_4	indigenous_stat_c	int
PATIENT_4	locality	string
PATIENT_4	carer_availability_c	int
PATIENT_4	carer_residency_c	int
PATIENT_4	carer_rel_to_pat_c	string
PATIENT_4	accommodation_type_c	int
PATIENT_4	nemsms_enroll_yn	string
PATIENT_4	nemsms_enroll_utc_dttm	timestamp
PATIENT_4	extract_status_c	int
PATIENT_4	ihs_enrollment_num	string
PATIENT_4	ihs_beneficiary_class_c	int
PATIENT_4	ihs_primary_tribe_c	int
PATIENT_4	ihs_residence_since_date	timestamp
PATIENT_4	ihs_prim_tribe_blood_quantum_c	int
PATIENT_4	ihs_community_of_residence_c	int
PATIENT_4	ihs_service_eligibility_c	int
PATIENT_4	gender_identity_c	int
PATIENT_4	pat_living_stat_c	int
PATIENT_4	is_fetal_demise_yn	string
PATIENT_4	error_newborn_yn	string
PATIENT_4	medsync_is_participant_yn	string
PATIENT_4	medsync_recurrence	int
PATIENT_4	medsync_refilldate_date	timestamp
PATIENT_4	refillmgmt_note_id	string
PATIENT_4	current_job_start_date	timestamp
PATIENT_4	sex_asgn_at_birth_c	int
PATIENT_4	death_info_source_c	int
PATIENT_4	veteran_dental_cvg_level_c	int
PATIENT_4	veteran_is_combat_covered_yn	string
PATIENT_4	veteran_combat_exp_date	timestamp
PATIENT_4	veteran_priority_group_c	int
PATIENT_4	veteran_enrollment_status_c	int
PATIENT_4	pat_address_zip_code_id	string
PATIENT_4	blood_reqts_utc_dttm	timestamp
PATIENT_4	blood_reqts_user_id	string
PATIENT_4	legacy_hicn	string
PATIENT_4	preferences_id	decimal(18,0)
PATIENT_4	addr_chg_user_id	string
PATIENT_4	addr_chg_instant_dttm	timestamp
PATIENT_4	addr_chg_source	string
PATIENT_4	rx_pref_delivery_mthd_c	int
PATIENT_4	rx_is_auto_refill_yn	string
PATIENT_4	rx_auto_refill_phr_id	decimal(18,0)
PATIENT_4	auto_name_yn	string
PATIENT_4	vtj_last_query_utc_dttm	timestamp
PATIENT_4	bill_municipality_c	int
PATIENT_4	edd_basis_ob_dt_event_c	int
PATIENT_4	last_major_dem_upd_dttm	timestamp
PATIENT_4	last_major_dem_upd_utc_dttm	timestamp
PATIENT_4	rsh_pref_mypt_id	string
PATIENT_4	neph_esrd_start_dt	timestamp
PATIENT_4	neph_pcrf_lpl_id	decimal(18,0)
PATIENT_4	neph_2728_verify_yn	string
PATIENT_4	dl_load_dt	date
PATIENT_4	dl_load_ts	timestamp
PATIENT_4	cos_is_sequestered_c	int
PATIENT_5	pat_id	string
PATIENT_5	cm_phy_owner_id	string
PATIENT_5	cm_log_owner_id	string
PATIENT_5	physical_impaired_c	int
PATIENT_5	memory_impaired_c	int
PATIENT_5	speech_impaired_c	int
PATIENT_5	disabled_veteran_c	int
PATIENT_5	va_recognized_c	int
PATIENT_5	hearing_impaired_c	int
PATIENT_5	visually_impaired_c	int
PATIENT_5	difficulty_dress_bathe_c	int
PATIENT_5	difficulty_with_errand_c	int
PATIENT_5	addr_start_date	timestamp
PATIENT_5	corrsp_city	string
PATIENT_5	corrsp_state_c	string
PATIENT_5	corrsp_zip	string
PATIENT_5	corrsp_county_c	string
PATIENT_5	corrsp_country_c	string
PATIENT_5	corrsp_start_date	timestamp
PATIENT_5	corrsp_end_date	timestamp
PATIENT_5	sc_first_home_mun_date	timestamp
PATIENT_5	sc_perm_form_of_res_c	int
PATIENT_5	sc_grounds_for_res_perm_c	int
PATIENT_5	sc_res_permit_valid_to_date	timestamp
PATIENT_5	sc_qualfd_for_ara_housing_yn	string
PATIENT_5	sc_type_of_relationship_c	int
PATIENT_5	social_care_passport_type_c	int
PATIENT_5	social_care_passport_exp_date	timestamp
PATIENT_5	corrsp_house_num	string
PATIENT_5	corrsp_district_c	int
PATIENT_5	rsh_prefs_answer_id	string
PATIENT_5	rsh_prefs_answer_date	timestamp
PATIENT_5	rx_auto_refill_deliv_mthd_c	int
PATIENT_5	pat_creat_wkflw_c	int
PATIENT_5	utility_run_ident	int
PATIENT_5	pat_photo	string
PATIENT_5	pend_pat_photo	string
PATIENT_5	type_and_scr_elig_yn	string
PATIENT_5	sg_doc_id	string
PATIENT_5	sg_doc_type_c	int
PATIENT_5	sg_doc_expiry_date	timestamp
PATIENT_5	sg_social_priority_yn	string
PATIENT_5	permanent_addr_is_valid_c	int
PATIENT_5	permanent_addr_valid_mthd_c	int
PATIENT_5	permanent_addr_valid_utc_dttm	timestamp
PATIENT_5	permanent_addr_valid_user_id	string
PATIENT_5	tmp_addr_is_valid_c	int
PATIENT_5	tmp_addr_valid_mthd_c	int
PATIENT_5	tmp_addr_valid_utc_dttm	timestamp
PATIENT_5	tmp_addr_valid_user_id	string
PATIENT_5	corrsp_addr_is_valid_c	int
PATIENT_5	corrsp_addr_valid_mthd_c	int
PATIENT_5	corrsp_addr_valid_utc_dttm	timestamp
PATIENT_5	corrsp_addr_valid_user_id	string
PATIENT_5	permanent_addr_valid_dttm	timestamp
PATIENT_5	tmp_addr_valid_dttm	timestamp
PATIENT_5	corrsp_addr_valid_dttm	timestamp
PATIENT_5	neph_pcrf_dx_id	decimal(18,0)
PATIENT_5	rsn_no_pat_rel_c	int
PATIENT_5	yaq_infoqry_last_resp_utc_dttm	timestamp
PATIENT_5	yaq_addrqry_last_resp_utc_dttm	timestamp
PATIENT_5	yaq_infoqry_last_err_c	string
PATIENT_5	yaq_addrqry_last_err_c	string
PATIENT_5	res_sponsor	string
PATIENT_5	iqama_valid_yn	string
PATIENT_5	employed_in_healthcare_yn	string
PATIENT_5	congregate_care_resident_yn	string
PATIENT_5	reg_birth_mom_natl_ident	string
PATIENT_5	seen_domestic_travel_alert_yn	string
PATIENT_5	consent_ability_yn	string
PATIENT_5	school_district_num	string
PATIENT_5	pat_addr_is_undeliv_yn	string
PATIENT_5	migration_type_c	int
PATIENT_5	migrant_country_c	string
PATIENT_5	biomtrc_enroll_stat_c	int
PATIENT_5	biomtrc_ki_last_asked_date	timestamp
PATIENT_5	death_info_instance_id	string
PATIENT_5	ki_self_guar_acct_verif_date	timestamp
PATIENT_5	ki_self_guar_acct_verif_sts_c	int
PATIENT_5	school_name	string
PATIENT_5	school_district_free_text	string
PATIENT_5	role_at_school_c	int
PATIENT_5	travel_verif_by_pat_utc_dttm	timestamp
PATIENT_5	preferred_form_address	string
PATIENT_5	pat_academic_degree_c	string
PATIENT_5	preferred_name_type_c	int
PATIENT_5	pat_phonetic_name	string
PATIENT_5	pat_retirement_date	timestamp
PATIENT_5	spouse_retirement_date	timestamp
PATIENT_5	drivers_license_num	string
PATIENT_5	drivers_license_state_c	string
PATIENT_5	employment_hire_date	timestamp
PATIENT_5	employer_fax	string
PATIENT_5	work_phone	string
PATIENT_5	h1b_work_visa_yn	string
PATIENT_5	student_visa_yn	string
PATIENT_5	birth_county_c	string
PATIENT_5	corresp_contact	string
PATIENT_5	cur_inp_summary_block_id	decimal(18,0)
PATIENT_5	ahcic_num	string
PATIENT_5	dl_load_dt	date
PATIENT_5	dl_load_ts	timestamp
PATIENT_ADDRESS	id	bigint
PATIENT_ADDRESS	pat_id	string
PATIENT_ADDRESS	add_line_1	string
PATIENT_ADDRESS	add_line_2	string
PATIENT_ADDRESS	city	string
PATIENT_ADDRESS	state	string
PATIENT_ADDRESS	county	string
PATIENT_ADDRESS	zip	string
PATIENT_ADDRESS	object_id	int
PATIENT_ADDRESS	pat_id_address_hash	bigint
PATIENT_ADDRESS	geo_data	string
PATIENT_ADDRESS_ARCGIS	full_address	string
PATIENT_ADDRESS_ARCGIS	lat_long	string
PATIENT_ADDRESS_ARCGIS	score	string
PATIENT_ADDRESS_ARCGIS	attributes	string
PATIENT_ADDRESS_ARCGIS	data	string
PATIENT_ADDRESS_GEO_CENSUS	pat_id	string
PATIENT_ADDRESS_GEO_CENSUS	pat_id_address_hash	bigint
PATIENT_ADDRESS_GEO_CENSUS	full_address	string
PATIENT_ADDRESS_GEO_CENSUS	cleansed_address	string
PATIENT_ADDRESS_GEO_CENSUS	add_line_1	string
PATIENT_ADDRESS_GEO_CENSUS	add_line_2	string
PATIENT_ADDRESS_GEO_CENSUS	city	string
PATIENT_ADDRESS_GEO_CENSUS	state	string
PATIENT_ADDRESS_GEO_CENSUS	county	string
PATIENT_ADDRESS_GEO_CENSUS	zip	string
PATIENT_ADDRESS_GEO_CENSUS	country	string
PATIENT_ADDRESS_GEO_CENSUS	STATEFP	string
PATIENT_ADDRESS_GEO_CENSUS	COUNTYFP	string
PATIENT_ADDRESS_GEO_CENSUS	TRACTCE	string
PATIENT_ADDRESS_GEO_CENSUS	BLKGRPCE	string
PATIENT_ADDRESS_GEO_CENSUS	NAMELSAD	string
PATIENT_ADDRESS_GEO_CENSUS	GEOID	string
PATIENT_ADDRESS_GEO_CENSUS	GEOIDFQ	string
PATIENT_ADDRESS_GEO_CENSUS	MTFCC	string
PATIENT_ADDRESS_GEO_CENSUS	FUNCSTAT	string
PATIENT_ADDRESS_GEO_CENSUS	ALAND	bigint
PATIENT_ADDRESS_GEO_CENSUS	AWATER	bigint
PATIENT_ADDRESS_GEO_CENSUS	latitude	double
PATIENT_ADDRESS_GEO_CENSUS	longitude	double
PATIENT_ADDRESS_GEO_CENSUS	INTPTLAT	string
PATIENT_ADDRESS_GEO_CENSUS	INTPTLON	string
PATIENT_ADDRESS_GEO_CENSUS	geo_data	string
PATIENT_ADDRESS_GEO_CENSUS	geometry_wkt	string
PATIENT_ADDRESS_GEO_CENSUS	h3_index	bigint
PATIENT_ADDRESS_GEO_CENSUS	h3_cells	array<bigint>
PATIENT_ADDRESS_GEO_CENSUS	from_date	date
PATIENT_ADDRESS_GEO_CENSUS	to_date	date
PATIENT_ADDRESS_GEO_CENSUS	current_address	boolean
PATIENT_ADDRESS_GEO_CONGRESSIONAL_DISTRICT_MO	pat_id	string
PATIENT_ADDRESS_GEO_CONGRESSIONAL_DISTRICT_MO	full_address	string
PATIENT_ADDRESS_GEO_CONGRESSIONAL_DISTRICT_MO	add_line_1	string
PATIENT_ADDRESS_GEO_CONGRESSIONAL_DISTRICT_MO	add_line_2	string
PATIENT_ADDRESS_GEO_CONGRESSIONAL_DISTRICT_MO	city	string
PATIENT_ADDRESS_GEO_CONGRESSIONAL_DISTRICT_MO	state	string
PATIENT_ADDRESS_GEO_CONGRESSIONAL_DISTRICT_MO	county	string
PATIENT_ADDRESS_GEO_CONGRESSIONAL_DISTRICT_MO	zip	string
PATIENT_ADDRESS_GEO_CONGRESSIONAL_DISTRICT_MO	country	string
PATIENT_ADDRESS_GEO_CONGRESSIONAL_DISTRICT_MO	latitude	double
PATIENT_ADDRESS_GEO_CONGRESSIONAL_DISTRICT_MO	longitude	double
PATIENT_ADDRESS_GEO_CONGRESSIONAL_DISTRICT_MO	pat_id_address_hash	bigint
PATIENT_ADDRESS_GEO_CONGRESSIONAL_DISTRICT_MO	from_date	date
PATIENT_ADDRESS_GEO_CONGRESSIONAL_DISTRICT_MO	to_date	date
PATIENT_ADDRESS_GEO_CONGRESSIONAL_DISTRICT_MO	current_address	boolean
PATIENT_ADDRESS_GEO_CONGRESSIONAL_DISTRICT_MO	geo_data	string
PATIENT_ADDRESS_GEO_CONGRESSIONAL_DISTRICT_MO	h3_index	bigint
PATIENT_ADDRESS_GEO_CONGRESSIONAL_DISTRICT_MO	STATEFP	string
PATIENT_ADDRESS_GEO_CONGRESSIONAL_DISTRICT_MO	CD119FP	string
PATIENT_ADDRESS_GEO_CONGRESSIONAL_DISTRICT_MO	GEOID	string
PATIENT_ADDRESS_GEO_CONGRESSIONAL_DISTRICT_MO	GEOIDFQ	string
PATIENT_ADDRESS_GEO_CONGRESSIONAL_DISTRICT_MO	NAMELSAD	string
PATIENT_ADDRESS_GEO_CONGRESSIONAL_DISTRICT_MO	LSAD	string
PATIENT_ADDRESS_GEO_CONGRESSIONAL_DISTRICT_MO	CDSESSN	string
PATIENT_ADDRESS_GEO_CONGRESSIONAL_DISTRICT_MO	MTFCC	string
PATIENT_ADDRESS_GEO_CONGRESSIONAL_DISTRICT_MO	FUNCSTAT	string
PATIENT_ADDRESS_GEO_CONGRESSIONAL_DISTRICT_MO	ALAND	bigint
PATIENT_ADDRESS_GEO_CONGRESSIONAL_DISTRICT_MO	AWATER	bigint
PATIENT_ADDRESS_GEO_CONGRESSIONAL_DISTRICT_MO	INTPTLAT	string
PATIENT_ADDRESS_GEO_CONGRESSIONAL_DISTRICT_MO	INTPTLON	string
PATIENT_ADDRESS_GEO_CONGRESSIONAL_DISTRICT_MO	geometry_wkt	string
PATIENT_ADDRESS_GEO_CONGRESSIONAL_DISTRICT_MO	h3_cells	array<bigint>
PATIENT_ADDRESS_GEO_DISTRICT_MO	pat_id	string
PATIENT_ADDRESS_GEO_DISTRICT_MO	full_address	string
PATIENT_ADDRESS_GEO_DISTRICT_MO	add_line_1	string
PATIENT_ADDRESS_GEO_DISTRICT_MO	add_line_2	string
PATIENT_ADDRESS_GEO_DISTRICT_MO	city	string
PATIENT_ADDRESS_GEO_DISTRICT_MO	state	string
PATIENT_ADDRESS_GEO_DISTRICT_MO	county	string
PATIENT_ADDRESS_GEO_DISTRICT_MO	zip	string
PATIENT_ADDRESS_GEO_DISTRICT_MO	country	string
PATIENT_ADDRESS_GEO_DISTRICT_MO	latitude	double
PATIENT_ADDRESS_GEO_DISTRICT_MO	longitude	double
PATIENT_ADDRESS_GEO_DISTRICT_MO	pat_id_address_hash	bigint
PATIENT_ADDRESS_GEO_DISTRICT_MO	from_date	date
PATIENT_ADDRESS_GEO_DISTRICT_MO	to_date	date
PATIENT_ADDRESS_GEO_DISTRICT_MO	current_address	boolean
PATIENT_ADDRESS_GEO_DISTRICT_MO	geo_data	string
PATIENT_ADDRESS_GEO_DISTRICT_MO	h3_index	bigint
PATIENT_ADDRESS_GEO_DISTRICT_MO	STATEFP	string
PATIENT_ADDRESS_GEO_DISTRICT_MO	SLDUST	string
PATIENT_ADDRESS_GEO_DISTRICT_MO	GEOID	string
PATIENT_ADDRESS_GEO_DISTRICT_MO	GEOIDFQ	string
PATIENT_ADDRESS_GEO_DISTRICT_MO	NAMELSAD	string
PATIENT_ADDRESS_GEO_DISTRICT_MO	LSAD	string
PATIENT_ADDRESS_GEO_DISTRICT_MO	LSY	string
PATIENT_ADDRESS_GEO_DISTRICT_MO	MTFCC	string
PATIENT_ADDRESS_GEO_DISTRICT_MO	FUNCSTAT	string
PATIENT_ADDRESS_GEO_DISTRICT_MO	ALAND	bigint
PATIENT_ADDRESS_GEO_DISTRICT_MO	AWATER	bigint
PATIENT_ADDRESS_GEO_DISTRICT_MO	INTPTLAT	string
PATIENT_ADDRESS_GEO_DISTRICT_MO	INTPTLON	string
PATIENT_ADDRESS_GEO_DISTRICT_MO	geometry_wkt	string
PATIENT_ADDRESS_GEO_DISTRICT_MO	h3_cells	array<bigint>
PATIENT_ADDRESS_GEO_LEGISLATIVE_DISTRICT_MO	pat_id	string
PATIENT_ADDRESS_GEO_LEGISLATIVE_DISTRICT_MO	full_address	string
PATIENT_ADDRESS_GEO_LEGISLATIVE_DISTRICT_MO	add_line_1	string
PATIENT_ADDRESS_GEO_LEGISLATIVE_DISTRICT_MO	add_line_2	string
PATIENT_ADDRESS_GEO_LEGISLATIVE_DISTRICT_MO	city	string
PATIENT_ADDRESS_GEO_LEGISLATIVE_DISTRICT_MO	state	string
PATIENT_ADDRESS_GEO_LEGISLATIVE_DISTRICT_MO	county	string
PATIENT_ADDRESS_GEO_LEGISLATIVE_DISTRICT_MO	zip	string
PATIENT_ADDRESS_GEO_LEGISLATIVE_DISTRICT_MO	country	string
PATIENT_ADDRESS_GEO_LEGISLATIVE_DISTRICT_MO	latitude	double
PATIENT_ADDRESS_GEO_LEGISLATIVE_DISTRICT_MO	longitude	double
PATIENT_ADDRESS_GEO_LEGISLATIVE_DISTRICT_MO	pat_id_address_hash	bigint
PATIENT_ADDRESS_GEO_LEGISLATIVE_DISTRICT_MO	from_date	date
PATIENT_ADDRESS_GEO_LEGISLATIVE_DISTRICT_MO	to_date	date
PATIENT_ADDRESS_GEO_LEGISLATIVE_DISTRICT_MO	current_address	boolean
PATIENT_ADDRESS_GEO_LEGISLATIVE_DISTRICT_MO	geo_data	string
PATIENT_ADDRESS_GEO_LEGISLATIVE_DISTRICT_MO	h3_index	bigint
PATIENT_ADDRESS_GEO_LEGISLATIVE_DISTRICT_MO	STATEFP	string
PATIENT_ADDRESS_GEO_LEGISLATIVE_DISTRICT_MO	SLDUST	string
PATIENT_ADDRESS_GEO_LEGISLATIVE_DISTRICT_MO	GEOID	string
PATIENT_ADDRESS_GEO_LEGISLATIVE_DISTRICT_MO	GEOIDFQ	string
PATIENT_ADDRESS_GEO_LEGISLATIVE_DISTRICT_MO	NAMELSAD	string
PATIENT_ADDRESS_GEO_LEGISLATIVE_DISTRICT_MO	LSAD	string
PATIENT_ADDRESS_GEO_LEGISLATIVE_DISTRICT_MO	LSY	string
PATIENT_ADDRESS_GEO_LEGISLATIVE_DISTRICT_MO	MTFCC	string
PATIENT_ADDRESS_GEO_LEGISLATIVE_DISTRICT_MO	FUNCSTAT	string
PATIENT_ADDRESS_GEO_LEGISLATIVE_DISTRICT_MO	ALAND	bigint
PATIENT_ADDRESS_GEO_LEGISLATIVE_DISTRICT_MO	AWATER	bigint
PATIENT_ADDRESS_GEO_LEGISLATIVE_DISTRICT_MO	INTPTLAT	string
PATIENT_ADDRESS_GEO_LEGISLATIVE_DISTRICT_MO	INTPTLON	string
PATIENT_ADDRESS_GEO_LEGISLATIVE_DISTRICT_MO	geometry_wkt	string
PATIENT_ADDRESS_GEO_LEGISLATIVE_DISTRICT_MO	h3_cells	array<bigint>
PATIENT_ADDRESS_STAGE	id	bigint
PATIENT_ADDRESS_STAGE	pat_id	string
PATIENT_ADDRESS_STAGE	add_line_1	string
PATIENT_ADDRESS_STAGE	add_line_2	string
PATIENT_ADDRESS_STAGE	city	string
PATIENT_ADDRESS_STAGE	state	string
PATIENT_ADDRESS_STAGE	county	string
PATIENT_ADDRESS_STAGE	zip	string
PATIENT_ENC_VIDEO_VISIT	pat_enc_csn_id	bigint
PATIENT_ENC_VIDEO_VISIT	pat_id	string
PATIENT_ENC_VIDEO_VISIT	pat_enc_date_real	double
PATIENT_ENC_VIDEO_VISIT	contact_date	timestamp
PATIENT_ENC_VIDEO_VISIT	cm_ct_owner_id	string
PATIENT_ENC_VIDEO_VISIT	pat_enc_lvl_video_visit_id	int
PATIENT_ENC_VIDEO_VISIT	th_mode_vv_chg_user_id	string
PATIENT_ENC_VIDEO_VISIT	th_mode_vv_chg_reason	string
PATIENT_ENC_VIDEO_VISIT	th_mode_vv_chg_utc_dttm	timestamp
PATIENT_ENC_VIDEO_VISIT	video_visits_for_all_yn	string
PATIENT_ENC_VIDEO_VISIT	dl_load_dt	date
PATIENT_ENC_VIDEO_VISIT	dl_load_ts	timestamp
PATIENT_EXT_DEATH_DATE_HX	pat_id	string
PATIENT_EXT_DEATH_DATE_HX	line	int
PATIENT_EXT_DEATH_DATE_HX	cm_phy_owner_id	string
PATIENT_EXT_DEATH_DATE_HX	cm_log_owner_id	string
PATIENT_EXT_DEATH_DATE_HX	ext_rpt_death_date	timestamp
PATIENT_EXT_DEATH_DATE_HX	dl_load_dt	date
PATIENT_EXT_DEATH_DATE_HX	dl_load_ts	timestamp
PATIENT_MYC	pat_id	string
PATIENT_MYC	pat_access_code	string
PATIENT_MYC	pat_access_code_tm	timestamp
PATIENT_MYC	pat_access_stat_c	int
PATIENT_MYC	mychart_status_c	int
PATIENT_MYC	recv_email_yn	string
PATIENT_MYC	accesscode_stat_c	int
PATIENT_MYC	deact_acct_yn	string
PATIENT_MYC	code_for_proxy_yn	string
PATIENT_MYC	mychart_exp_date	timestamp
PATIENT_MYC	mypt_id	string
PATIENT_MYC	last_merge_from	string
PATIENT_MYC	alt_webste_stat_c	int
PATIENT_MYC	cm_phy_owner_id	string
PATIENT_MYC	cm_log_owner_id	string
PATIENT_MYC	myc_pat_type_c	int
PATIENT_MYC	dem_verif_dt	timestamp
PATIENT_MYC	ins_verif_dt	timestamp
PATIENT_MYC	failed_attempts	int
PATIENT_MYC	r_e_l_pat_verif_dt	timestamp
PATIENT_MYC	myc_defer_dttm	timestamp
PATIENT_MYC	meds_pat_verif_dt	timestamp
PATIENT_MYC	alrgy_pat_verif_dt	timestamp
PATIENT_MYC	prob_pat_verif_dt	timestamp
PATIENT_MYC	pcp_pat_verif_dt	timestamp
PATIENT_MYC	hca_pat_verif_dt	timestamp
PATIENT_MYC	inst_actv_code	string
PATIENT_MYC	inst_actv_utc_dttm	timestamp
PATIENT_MYC	notif_tm_zne_c	int
PATIENT_MYC	pat_myc3_enr_stat_c	int
PATIENT_MYC	last_labs_view_dttm	timestamp
PATIENT_MYC	last_qnr_score_utc_dttm	timestamp
PATIENT_MYC	dl_load_dt	date
PATIENT_MYC	dl_load_ts	timestamp
PATIENT_MYC	pat_myc_last_qnr_resp_utc_dttm	timestamp
PATIENT_MYC	pref_phr_verif_inst_utc_dttm	timestamp
PATIENT_MYC	pref_phr_verif_audit_context_c	int
PATIENT_MYC	pref_phr_verif_user_id	string
PATIENT_MYC	pref_phr_verif_mypt_id	string
PATIENT_MYC	default_pref_name_yn	string
PATIENT_RACE	pat_id	string
PATIENT_RACE	line	int
PATIENT_RACE	patient_race_c	int
PATIENT_RACE	cm_phy_owner_id	string
PATIENT_RACE	cm_log_owner_id	string
PATIENT_RACE	dl_load_dt	date
PATIENT_RACE	dl_load_ts	timestamp
PATIENT_TYPE	pat_id	string
PATIENT_TYPE	line	int
PATIENT_TYPE	patient_type_c	string
PATIENT_TYPE	cm_phy_owner_id	string
PATIENT_TYPE	cm_log_owner_id	string
PATIENT_TYPE	dl_load_dt	date
PATIENT_TYPE	dl_load_ts	timestamp
PNEG_MED_HX	pat_enc_csn_id	decimal(18,0)
PNEG_MED_HX	line	int
PNEG_MED_HX	pat_id	string
PNEG_MED_HX	pat_enc_date_real	double
PNEG_MED_HX	contact_date	timestamp
PNEG_MED_HX	cm_ct_owner_id	string
PNEG_MED_HX	pneg_med_hx_id	decimal(18,0)
PNEG_MED_HX	pneg_med_hx_dt	timestamp
PNEG_MED_HX	pneg_med_hx_cmt	string
PNEG_MED_HX	pneg_med_hx_anno	string
PNEG_MED_HX	hx_lnk_enc_csn	decimal(18,0)
PNEG_MED_HX	pneg_med_hx_src_c	int
PNEG_MED_HX	dl_load_dt	date
PNEG_MED_HX	dl_load_ts	timestamp
PRB_TEMP_GOAL_TEMP	template_problem_id	decimal(18,0)
PRB_TEMP_GOAL_TEMP	contact_date_real	double
PRB_TEMP_GOAL_TEMP	line	int
PRB_TEMP_GOAL_TEMP	contact_date	timestamp
PRB_TEMP_GOAL_TEMP	cm_phy_owner_id	string
PRB_TEMP_GOAL_TEMP	cm_log_owner_id	string
PRB_TEMP_GOAL_TEMP	cm_ct_owner_id	string
PRB_TEMP_GOAL_TEMP	goal_template_id	decimal(18,0)
PRB_TEMP_GOAL_TEMP	dl_load_dt	date
PRB_TEMP_GOAL_TEMP	dl_load_ts	timestamp
PRB_TEMP_INFO	template_problem_id	decimal(18,0)
PRB_TEMP_INFO	cm_phy_owner_id	string
PRB_TEMP_INFO	cm_log_owner_id	string
PRB_TEMP_INFO	template_prob_name	string
PRB_TEMP_INFO	template_type_id	string
PRB_TEMP_INFO	record_status_c	int
PRB_TEMP_INFO	is_autogenerated_yn	string
PRB_TEMP_INFO	dl_load_dt	date
PRB_TEMP_INFO	dl_load_ts	timestamp
PROB_GOALS	problem_id	string
PROB_GOALS	line	int
PROB_GOALS	goal_id	string
PROB_GOALS	cm_phy_owner_id	string
PROB_GOALS	cm_log_owner_id	string
PROB_GOALS	dl_load_dt	date
PROB_GOALS	dl_load_ts	timestamp
PROBLEM	problem_id	string
PROBLEM	type_problem_id	string
PROBLEM	created_date	timestamp
PROBLEM	deleted_date	timestamp
PROBLEM	del_reason_c	int
PROBLEM	discipline_c	int
PROBLEM	ip_disc_type_id	string
PROBLEM	cm_phy_owner_id	string
PROBLEM	cm_log_owner_id	string
PROBLEM	display_name	string
PROBLEM	rec_archived_yn	string
PROBLEM	problem_description_hno_id	string
PROBLEM	patient_id	string
PROBLEM	alert_csn_id	decimal(18,0)
PROBLEM	hh_episode_id	decimal(18,0)
PROBLEM	child_last_added_dttm	timestamp
PROBLEM	is_autogenerated_yn	string
PROBLEM	treatment_disc_grp_c	int
PROBLEM	dl_load_dt	date
PROBLEM	dl_load_ts	timestamp
PROBLEM_LIST	problem_list_id	decimal(18,0)
PROBLEM_LIST	pat_id	string
PROBLEM_LIST	dx_id	decimal(18,0)
PROBLEM_LIST	icd9_code	string
PROBLEM_LIST	description	string
PROBLEM_LIST	noted_date	timestamp
PROBLEM_LIST	resolved_date	timestamp
PROBLEM_LIST	date_of_entry	timestamp
PROBLEM_LIST	entry_user_id	string
PROBLEM_LIST	status	string
PROBLEM_LIST	class_of_problem	string
PROBLEM_LIST	priority	string
PROBLEM_LIST	update_date	timestamp
PROBLEM_LIST	cm_phy_owner_id	string
PROBLEM_LIST	cm_log_owner_id	string
PROBLEM_LIST	dx_external_id	string
PROBLEM_LIST	problem_cmt	string
PROBLEM_LIST	chronic_yn	string
PROBLEM_LIST	show_in_myc_yn	string
PROBLEM_LIST	problem_ept_csn	decimal(18,0)
PROBLEM_LIST	principal_pl_yn	string
PROBLEM_LIST	hospital_pl_yn	string
PROBLEM_LIST	problem_status_c	int
PROBLEM_LIST	class_of_problem_c	int
PROBLEM_LIST	priority_c	int
PROBLEM_LIST	overview_note_id	string
PROBLEM_LIST	stage_id	decimal(18,0)
PROBLEM_LIST	problem_type_c	int
PROBLEM_LIST	chron_med_id	decimal(18,0)
PROBLEM_LIST	chron_med_strt_date	timestamp
PROBLEM_LIST	is_present_on_adm_c	int
PROBLEM_LIST	rec_archived_yn	string
PROBLEM_LIST	creating_order_id	decimal(18,0)
PROBLEM_LIST	no_stage_reason_c	int
PROBLEM_LIST	no_stage_comment	string
PROBLEM_LIST	no_stage_user_id	string
PROBLEM_LIST	no_stage_dttm	timestamp
PROBLEM_LIST	treat_summ_status_c	int
PROBLEM_LIST	noted_end_date	timestamp
PROBLEM_LIST	external_problem_ident	string
PROBLEM_LIST	rel_goals_problem_list_csn_id	decimal(18,0)
PROBLEM_LIST	rel_goals_inst_dttm	timestamp
PROBLEM_LIST	entry_host_module_c	int
PROBLEM_LIST	dl_load_dt	date
PROBLEM_LIST	dl_load_ts	timestamp
PROBLEM_LIST	prob_stage_status_c	int
PROBLEM_LIST	diag_start_date	timestamp
PROBLEM_LIST	diag_end_date	timestamp
PROBLEM_LIST_HX	problem_list_id	decimal(18,0)
PROBLEM_LIST_HX	line	int
PROBLEM_LIST_HX	hx_problem_id	decimal(18,0)
PROBLEM_LIST_HX	hx_description	string
PROBLEM_LIST_HX	hx_date_noted	timestamp
PROBLEM_LIST_HX	hx_date_resolved	timestamp
PROBLEM_LIST_HX	hx_comment	string
PROBLEM_LIST_HX	hx_date_of_entry	timestamp
PROBLEM_LIST_HX	hx_entry_user_id	string
PROBLEM_LIST_HX	hx_status	string
PROBLEM_LIST_HX	hx_level_urgency	string
PROBLEM_LIST_HX	hx_priority	string
PROBLEM_LIST_HX	hx_mychart_yn	string
PROBLEM_LIST_HX	cm_phy_owner_id	string
PROBLEM_LIST_HX	cm_log_owner_id	string
PROBLEM_LIST_HX	hx_chronic_yn	string
PROBLEM_LIST_HX	hx_principal_yn	string
PROBLEM_LIST_HX	hx_is_hosp_yn	string
PROBLEM_LIST_HX	hx_problem_ept_csn	decimal(18,0)
PROBLEM_LIST_HX	hx_status_c	int
PROBLEM_LIST_HX	hx_level_urgency_c	int
PROBLEM_LIST_HX	hx_priority_c	int
PROBLEM_LIST_HX	hx_entry_inst	timestamp
PROBLEM_LIST_HX	hx_problem_poa_c	int
PROBLEM_LIST_HX	hx_stage_id	decimal(18,0)
PROBLEM_LIST_HX	hx_noted_end_date	timestamp
PROBLEM_LIST_HX	hx_host_module_c	int
PROBLEM_LIST_HX	dl_load_dt	date
PROBLEM_LIST_HX	dl_load_ts	timestamp
PROBLEM_LIST_HX	merge_prob_type_c	int
PROBLEM_LIST_HX	hx_diag_start_date	timestamp
PROBLEM_LIST_HX	hx_diag_end_date	timestamp
PROC_SPECIMEN_SRC	proc_id	decimal(18,0)
PROC_SPECIMEN_SRC	line	int
PROC_SPECIMEN_SRC	cm_phy_owner_id	string
PROC_SPECIMEN_SRC	cm_log_owner_id	string
PROC_SPECIMEN_SRC	specimen_source_c	int
PROC_SPECIMEN_SRC	dl_load_dt	date
PROC_SPECIMEN_SRC	dl_load_ts	timestamp
PROVTEAM_REC_INFO	id	decimal(18,0)
PROVTEAM_REC_INFO	cm_phy_owner_id	string
PROVTEAM_REC_INFO	cm_log_owner_id	string
PROVTEAM_REC_INFO	record_name	string
PROVTEAM_REC_INFO	record_status_c	int
PROVTEAM_REC_INFO	record_type_c	int
PROVTEAM_REC_INFO	current_contact	decimal(18,0)
PROVTEAM_REC_INFO	record_creation_dt	timestamp
PROVTEAM_REC_INFO	instant_of_upd_tm	timestamp
PROVTEAM_REC_INFO	dl_load_dt	date
PROVTEAM_REC_INFO	dl_load_ts	timestamp
PT_GOALS_INFO	goal_id	string
PT_GOALS_INFO	cm_phy_owner_id	string
PT_GOALS_INFO	cm_log_owner_id	string
PT_GOALS_INFO	user_id	string
PT_GOALS_INFO	goal_template_id	decimal(18,0)
PT_GOALS_INFO	goal_template_dat	decimal(18,2)
PT_GOALS_INFO	pat_id	string
PT_GOALS_INFO	create_inst_dttm	timestamp
PT_GOALS_INFO	goal_usage_c	int
PT_GOALS_INFO	rec_val_complian_yn	string
PT_GOALS_INFO	most_recent_value	string
PT_GOALS_INFO	recent_value_i_dttm	timestamp
PT_GOALS_INFO	rec_value_chec_dttm	timestamp
PT_GOALS_INFO	amb_goal_type_c	int
PT_GOALS_INFO	rec_archived_yn	string
PT_GOALS_INFO	myc_create_user_id	string
PT_GOALS_INFO	goal_status_c	int
PT_GOALS_INFO	dl_load_dt	date
PT_GOALS_INFO	dl_load_ts	timestamp
QM_GEN_INFO	registry_data_id	decimal(18,0)
QM_GEN_INFO	registry_type_c	int
QM_GEN_INFO	pat_id	string
QM_GEN_INFO	pat_date	timestamp
QM_GEN_INFO	qm_sum_measure_csn	decimal(18,0)
QM_GEN_INFO	qm_year	int
QM_GEN_INFO	qm_prov_and_tin	string
QM_GEN_INFO	qm_enc_prov_id	string
QM_GEN_INFO	qm_tin	string
QM_GEN_INFO	qm_ehr_record_yn	string
QM_GEN_INFO	qm_sum_msr_ver_id	decimal(18,0)
QM_GEN_INFO	sum_qm_cnct_num	int
QM_GEN_INFO	ed_arrival_dttm	timestamp
QM_GEN_INFO	ed_departure_dttm	timestamp
QM_GEN_INFO	ed_decision_dttm	timestamp
QM_GEN_INFO	ed_admit_dep_id	decimal(18,0)
QM_GEN_INFO	om_prov_id	string
QM_GEN_INFO	om_measure_id	decimal(18,0)
QM_GEN_INFO	cm_phy_owner_id	string
QM_GEN_INFO	cm_log_owner_id	string
QM_GEN_INFO	uds_grantee_c	int
QM_GEN_INFO	uds_grant_c	int
QM_GEN_INFO	om_department_id	decimal(18,0)
QM_GEN_INFO	om_fact_date	timestamp
QM_GEN_INFO	om_rev_loc_id	decimal(18,0)
QM_GEN_INFO	log_id	string
QM_GEN_INFO	qm_enc_end_tim_dttm	timestamp
QM_GEN_INFO	reporting_rev_loc_id	decimal(18,0)
QM_GEN_INFO	ed_depart_dep_id	decimal(18,0)
QM_GEN_INFO	last_update_dttm	timestamp
QM_GEN_INFO	ed_arrival_dep_id	decimal(18,0)
QM_GEN_INFO	ed_arr_rev_loc_id	decimal(18,0)
QM_GEN_INFO	eh_qm_disch_dep_id	decimal(18,0)
QM_GEN_INFO	acuity_system_id	decimal(18,0)
QM_GEN_INFO	eh_qm_arr_dep_id	decimal(18,0)
QM_GEN_INFO	or_loc_id	decimal(18,0)
QM_GEN_INFO	cm_ed_arrival_dttm	timestamp
QM_GEN_INFO	cm_ed_depart_dttm	timestamp
QM_GEN_INFO	cm_ed_decision_dttm	timestamp
QM_GEN_INFO	cm_ed_depart_dep_id	decimal(18,0)
QM_GEN_INFO	qm_attr_type_c	int
QM_GEN_INFO	qm_attr_record_id	string
QM_GEN_INFO	qm_gen_attr_src	string
QM_GEN_INFO	qrda_sex_c	string
QM_GEN_INFO	qrda_race_c	string
QM_GEN_INFO	qrda_ethnicity_c	string
QM_GEN_INFO	qrda_payer_c	string
QM_GEN_INFO	qm_enc_dept_id	decimal(18,0)
QM_GEN_INFO	om_sum_stage_c	int
QM_GEN_INFO	block_id	decimal(18,0)
QM_GEN_INFO	order_id	decimal(18,0)
QM_GEN_INFO	pred_department_id	decimal(18,0)
QM_GEN_INFO	note_id	string
QM_GEN_INFO	episode_id	decimal(18,0)
QM_GEN_INFO	current_status_c	int
QM_GEN_INFO	record_status_2_c	int
QM_GEN_INFO	registry_id	decimal(18,0)
QM_GEN_INFO	registry_ovride_context	string
QM_GEN_INFO	ib_msg_id	string
QM_GEN_INFO	anchor_episode_id	decimal(18,0)
QM_GEN_INFO	pb_fol_id	decimal(18,0)
QM_GEN_INFO	bucket_id	decimal(18,0)
QM_GEN_INFO	is_form_in_editable_status_yn	string
QM_GEN_INFO	hsp_account_id	decimal(18,0)
QM_GEN_INFO	referral_id	decimal(18,0)
QM_GEN_INFO	auth_request_id	decimal(18,0)
QM_GEN_INFO	auth_request_csn_id	decimal(18,0)
QM_GEN_INFO	dl_load_dt	date
QM_GEN_INFO	dl_load_ts	timestamp
QM_GEN_INFO	relevant_date	timestamp
QM_GEN_INFO	anchor_hsp_account_id	decimal(18,0)
QM_GEN_INFO	anchor_prov_id	string
QM_GEN_INFO	anchor_poc_id	decimal(18,0)
QM_GEN_INFO	anchor_referral_id	decimal(18,0)
QM_GEN_INFO	anchor_note_id	string
QM_GEN_INFO	anchor_fin_asst_tracker_id	decimal(18,0)
QM_GEN_INFO	anchor_department_id	decimal(18,0)
QM_GEN_INFO	anchor_order_id	decimal(18,0)
QM_GEN_INFO	current_status_user_id	string
QM_GEN_INFO	current_status_dttm	timestamp
QM_GEN_INFO	parent_registry_data_id	decimal(18,0)
QM_GEN_INFO	criteria_review_id	decimal(18,0)
QM_GEN_INFO	external_status_rdi_c	int
QM_GEN_INFO	external_status_local_dttm	timestamp
QM_GEN_INFO	external_status_error_message	string
QM_GEN_INFO	child_rdi_pat_id	string
QM_GEN_INFO	child_rdi_pat_enc_csn_id	decimal(18,0)
QM_GEN_INFO	lab_case_id	decimal(18,0)
QM_GEN_INFO	lab_specimen_id	string
QM_GEN_INFO	lab_result_id	string
QM_GEN_INFO	qm_ext_ident_bundle_id	decimal(18,0)
QM_GEN_INFO	identity_event_record_id	string
RDI_PAT_CSN	registry_data_id	decimal(18,0)
RDI_PAT_CSN	line	int
RDI_PAT_CSN	cm_phy_owner_id	string
RDI_PAT_CSN	cm_log_owner_id	string
RDI_PAT_CSN	pat_csn	decimal(18,0)
RDI_PAT_CSN	update_date	timestamp
RDI_PAT_CSN	dl_load_dt	date
RDI_PAT_CSN	dl_load_ts	timestamp
REFERRAL	referral_id	decimal(18,0)
REFERRAL	external_id_num	string
REFERRAL	pat_id	string
REFERRAL	pcp_prov_id	string
REFERRAL	entry_date	timestamp
REFERRAL	rfl_status_c	int
REFERRAL	referring_prov_id	string
REFERRAL	vendor_id	string
REFERRAL	referral_prov_id	string
REFERRAL	prov_spec_c	string
REFERRAL	rfl_type_c	string
REFERRAL	rsn_for_rfl_c	string
REFERRAL	rfl_class_c	string
REFERRAL	auth_vis_period	int
REFERRAL	auth_period_type_c	int
REFERRAL	auth_num_periods	int
REFERRAL	auth_num_of_visits	decimal(10,2)
REFERRAL	admission_date	timestamp
REFERRAL	discharge_date	timestamp
REFERRAL	estimated_days	int
REFERRAL	override_days	int
REFERRAL	start_date	timestamp
REFERRAL	exp_date	timestamp
REFERRAL	pend_to	string
REFERRAL	pend_rsn_c	int
REFERRAL	deny_rsn_c	int
REFERRAL	serv_area_id	decimal(18,0)
REFERRAL	coverage_id	decimal(18,0)
REFERRAL	num_proc	decimal(18,0)
REFERRAL	svc_date_real	double
REFERRAL	carrier_id	string
REFERRAL	payor_id	decimal(18,0)
REFERRAL	plan_id	decimal(18,0)
REFERRAL	serv_date	timestamp
REFERRAL	retro_flag_yn	string
REFERRAL	ibnr	decimal(12,2)
REFERRAL	auto_approved_date	timestamp
REFERRAL	auth_rsn_c	string
REFERRAL	refd_by_loc_pos_id	decimal(18,0)
REFERRAL	refd_to_loc_pos_id	decimal(18,0)
REFERRAL	refd_to_dept_id	decimal(18,0)
REFERRAL	refd_to_spec_c	string
REFERRAL	priority_c	string
REFERRAL	total_price	decimal(12,2)
REFERRAL	total_payable	decimal(12,2)
REFERRAL	patient_amount	decimal(12,2)
REFERRAL	expect_to_pay	decimal(12,2)
REFERRAL	ibnr_pay_until_dt	timestamp
REFERRAL	case_rate_yn	string
REFERRAL	prim_loc_id	decimal(18,0)
REFERRAL	med_type_c	int
REFERRAL	acute_amount	decimal(12,2)
REFERRAL	chronic_amount	decimal(12,2)
REFERRAL	pat_amount	decimal(12,2)
REFERRAL	update_date	timestamp
REFERRAL	rfl_lob_id	string
REFERRAL	actual_num_visits	decimal(10,2)
REFERRAL	sched_num_visits	decimal(10,2)
REFERRAL	request_num_visits	decimal(10,2)
REFERRAL	guideline_days	decimal(8,2)
REFERRAL	ovrd_admit_date	timestamp
REFERRAL	ovrd_discharge_dt	timestamp
REFERRAL	disp_val_c	int
REFERRAL	disp_rsn_c	int
REFERRAL	disp_eaf_id	decimal(18,0)
REFERRAL	cm_phy_owner_id	string
REFERRAL	cm_log_owner_id	string
REFERRAL	refd_by_dept_id	decimal(18,0)
REFERRAL	close_rsn_c	string
REFERRAL	record_status_c	int
REFERRAL	sched_status_c	int
REFERRAL	sched_by_date	timestamp
REFERRAL	preauth_req_c	int
REFERRAL	not_collctd_rsn_c	int
REFERRAL	preauth_defer_dt	timestamp
REFERRAL	processed_rsn_c	int
REFERRAL	preauth_chg_emp_id	string
REFERRAL	preauth_chngd_dttm	timestamp
REFERRAL	auth_num	string
REFERRAL	pre_cert_num	string
REFERRAL	non_pref_prov_rsn_c	int
REFERRAL	ext_ref_date	timestamp
REFERRAL	eow_id	string
REFERRAL	ib_status_explan	string
REFERRAL	req_vis_per_period	int
REFERRAL	req_period_type_c	int
REFERRAL	req_num_of_periods	int
REFERRAL	ref_from_eci_id	string
REFERRAL	prev_ref_frm_eci_id	string
REFERRAL	eow_on_eci_id	string
REFERRAL	ref_to_prov_addr_id	string
REFERRAL	ref_to_eci_id	string
REFERRAL	decision_date	timestamp
REFERRAL	num_clms_expected	int
REFERRAL	rfl_statchg_rsn_c	string
REFERRAL	rfl_sens_c	int
REFERRAL	total_est_days	decimal(18,2)
REFERRAL	total_override_days	decimal(18,2)
REFERRAL	total_convtd_days	decimal(18,2)
REFERRAL	amt_clms_adjudictd	decimal(18,2)
REFERRAL	amt_clms_paid	decimal(18,2)
REFERRAL	adj_vendor_id	string
REFERRAL	adj_member_group_id	string
REFERRAL	adj_net_status_c	string
REFERRAL	no_claims_paid	decimal(18,2)
REFERRAL	cvg_refresh_date	timestamp
REFERRAL	entry_source_c	int
REFERRAL	is_copy	decimal(18,0)
REFERRAL	suppress_exp_war_yn	string
REFERRAL	adjud_serv_area_id	decimal(18,0)
REFERRAL	prev_ref_to_eci_id	string
REFERRAL	dl_load_dt	date
REFERRAL	dl_load_ts	timestamp
REFERRAL_DX	referral_id	decimal(18,0)
REFERRAL_DX	line	int
REFERRAL_DX	dx_id	decimal(18,0)
REFERRAL_DX	cm_phy_owner_id	string
REFERRAL_DX	cm_log_owner_id	string
REFERRAL_DX	dx_text	string
REFERRAL_DX	dx_code_type_c	int
REFERRAL_DX	dl_load_dt	date
REFERRAL_DX	dl_load_ts	timestamp
REFERRAL_ORDER_ID	referral_id	decimal(18,0)
REFERRAL_ORDER_ID	line	int
REFERRAL_ORDER_ID	cm_phy_owner_id	string
REFERRAL_ORDER_ID	cm_log_owner_id	string
REFERRAL_ORDER_ID	order_id	decimal(18,0)
REFERRAL_ORDER_ID	dl_load_dt	date
REFERRAL_ORDER_ID	dl_load_ts	timestamp
REFERRAL_PX	referral_id	decimal(18,0)
REFERRAL_PX	line	int
REFERRAL_PX	px_id	decimal(18,0)
REFERRAL_PX	units_requested	int
REFERRAL_PX	units_approved	int
REFERRAL_PX	total_price	decimal(18,2)
REFERRAL_PX	net_payable	decimal(18,2)
REFERRAL_PX	patient_portion	decimal(18,2)
REFERRAL_PX	prov_id	string
REFERRAL_PX	auth_req_yn	string
REFERRAL_PX	covered	string
REFERRAL_PX	cm_phy_owner_id	string
REFERRAL_PX	cm_log_owner_id	string
REFERRAL_PX	revenue_code_id	decimal(18,0)
REFERRAL_PX	modifier1_id	string
REFERRAL_PX	modifier2_id	string
REFERRAL_PX	modifier3_id	string
REFERRAL_PX	modifier4_id	string
REFERRAL_PX	req_per_period	int
REFERRAL_PX	req_freq_c	int
REFERRAL_PX	req_periods	int
REFERRAL_PX	appr_per_period	int
REFERRAL_PX	appr_freq_c	int
REFERRAL_PX	appr_periods	int
REFERRAL_PX	dl_load_dt	date
REFERRAL_PX	dl_load_ts	timestamp
REFERRAL_SOURCE	referring_prov_id	string
REFERRAL_SOURCE	referring_prov_nam	string
REFERRAL_SOURCE	prov_type	string
REFERRAL_SOURCE	first_prov_spec	string
REFERRAL_SOURCE	first_serv_area_id	decimal(18,0)
REFERRAL_SOURCE	ssn	string
REFERRAL_SOURCE	office_phone	string
REFERRAL_SOURCE	doctor_degree	string
REFERRAL_SOURCE	verified_yn	string
REFERRAL_SOURCE	epic_ref_source_id	string
REFERRAL_SOURCE	ref_provider_id	string
REFERRAL_SOURCE	cm_phy_owner_id	string
REFERRAL_SOURCE	cm_log_owner_id	string
REFERRAL_SOURCE	city	string
REFERRAL_SOURCE	state_c	string
REFERRAL_SOURCE	zip_code	string
REFERRAL_SOURCE	county_c	string
REFERRAL_SOURCE	country_c	string
REFERRAL_SOURCE	house_num	string
REFERRAL_SOURCE	district_c	int
REFERRAL_SOURCE	upin_num	string
REFERRAL_SOURCE	ref_prov_type_c	string
REFERRAL_SOURCE	provider_type_c	int
REFERRAL_SOURCE	dl_load_dt	date
REFERRAL_SOURCE	dl_load_ts	timestamp
REFERRAL_SPEC	referring_prov_id	string
REFERRAL_SPEC	line	int
REFERRAL_SPEC	cm_phy_owner_id	string
REFERRAL_SPEC	cm_log_owner_id	string
REFERRAL_SPEC	rfl_specialty_c	string
REFERRAL_SPEC	dl_load_dt	date
REFERRAL_SPEC	dl_load_ts	timestamp
REG_DATA_HX_MEMBERSHIP	record_id	decimal(18,0)
REG_DATA_HX_MEMBERSHIP	contact_date_real	double
REG_DATA_HX_MEMBERSHIP	line	int
REG_DATA_HX_MEMBERSHIP	contact_date	timestamp
REG_DATA_HX_MEMBERSHIP	registry_id	decimal(18,0)
REG_DATA_HX_MEMBERSHIP	change_instant_utc_dttm	timestamp
REG_DATA_HX_MEMBERSHIP	status_c	int
REG_DATA_HX_MEMBERSHIP	status_reason_c	int
REG_DATA_HX_MEMBERSHIP	dl_load_dt	date
REG_DATA_HX_MEMBERSHIP	dl_load_ts	timestamp
REG_DATA_HX_METRICS	rdt_id	decimal(18,0)
REG_DATA_HX_METRICS	contact_date_real	double
REG_DATA_HX_METRICS	line	int
REG_DATA_HX_METRICS	contact_date	timestamp
REG_DATA_HX_METRICS	hx_met_id	string
REG_DATA_HX_METRICS	hx_met_last_upd_dttm	timestamp
REG_DATA_HX_METRICS	hx_met_string_val	string
REG_DATA_HX_METRICS	hx_met_val_desc_c	int
REG_DATA_HX_METRICS	hx_met_unit	string
REG_DATA_HX_METRICS	hx_linked_date	timestamp
REG_DATA_HX_METRICS	hx_met_date_desc_c	int
REG_DATA_HX_METRICS	hx_assoc_ini	string
REG_DATA_HX_METRICS	hx_assoc_item	string
REG_DATA_HX_METRICS	hx_assoc_id	string
REG_DATA_HX_METRICS	hx_assoc_comments	string
REG_DATA_HX_METRICS	dl_load_dt	date
REG_DATA_HX_METRICS	dl_load_ts	timestamp
REGISTRY_DATA_INFO	record_id	decimal(18,0)
REGISTRY_DATA_INFO	cm_phy_owner_id	string
REGISTRY_DATA_INFO	cm_log_owner_id	string
REGISTRY_DATA_INFO	record_status_c	int
REGISTRY_DATA_INFO	networked_id	string
REGISTRY_DATA_INFO	record_creation_dt	timestamp
REGISTRY_DATA_INFO	instant_of_upd_tm	timestamp
REGISTRY_DATA_INFO	related_ini	string
REGISTRY_DATA_INFO	networked_csn	decimal(18,0)
REGISTRY_DATA_INFO	rdt_type_c	int
REGISTRY_DATA_INFO	linked_ini	string
REGISTRY_DATA_INFO	linked_id	string
REGISTRY_DATA_INFO	dl_load_dt	date
REGISTRY_DATA_INFO	dl_load_ts	timestamp
REGISTRY_DATA_INFO	data_period_date	timestamp
REGISTRY_DATA_INFO	external_dedup_document_id	decimal(22,0)
REGISTRY_DATA_INFO	linked_pat_id	string
REGISTRY_DATA_INFO	pat_enc_ref_ident	string
REGISTRY_DATA_INFO	ext_anesthesia_data_ref_ident	string
REGISTRY_DATA_INFO	ext_surgery_reg_met_ref_ident	string
REPORT_DETAILS	lrp_id	string
REPORT_DETAILS	cm_phy_owner_id	string
REPORT_DETAILS	cm_log_owner_id	string
REPORT_DETAILS	report_name	string
REPORT_DETAILS	record_state_c	int
REPORT_DETAILS	temp_name_edit	string
REPORT_DETAILS	html_report_yn	string
REPORT_DETAILS	stylesheet_c	int
REPORT_DETAILS	page_suppress_yn	string
REPORT_DETAILS	gen_setup_ppt_id	decimal(18,0)
REPORT_DETAILS	rpt_comp_ppt_id	decimal(18,0)
REPORT_DETAILS	align_left_right_yn	string
REPORT_DETAILS	time_sensitive_yn	string
REPORT_DETAILS	synopsis_dept_c	int
REPORT_DETAILS	synopsis_view_title	string
REPORT_DETAILS	default_report	string
REPORT_DETAILS	printer_class_c	string
REPORT_DETAILS	before_run_setup_id	decimal(18,0)
REPORT_DETAILS	rpt_content_type_c	int
REPORT_DETAILS	synopsis_hide_mr_yn	string
REPORT_DETAILS	synop_show_grid_yn	string
REPORT_DETAILS	synopsis_header_id	decimal(18,0)
REPORT_DETAILS	lrp_base_template_id	string
REPORT_DETAILS	dl_load_dt	date
REPORT_DETAILS	dl_load_ts	timestamp
REQ_SPECIMEN	requisition_id	decimal(18,0)
REQ_SPECIMEN	line	int
REQ_SPECIMEN	req_specimen_id	string
REQ_SPECIMEN	cm_log_owner_id	string
REQ_SPECIMEN	cm_phy_owner_id	string
REQ_SPECIMEN	dl_load_dt	date
REQ_SPECIMEN	dl_load_ts	timestamp
RES_COMPONENTS	result_id	string
RES_COMPONENTS	res_type_id	string
RES_COMPONENTS	line	int
RES_COMPONENTS	lab_id	string
RES_COMPONENTS	res_specimen_id	string
RES_COMPONENTS	component_id	decimal(18,0)
RES_COMPONENTS	component_grp_c	int
RES_COMPONENTS	component_result	string
RES_COMPONENTS	component_value	string
RES_COMPONENTS	component_units	string
RES_COMPONENTS	component_abn_c	string
RES_COMPONENTS	component_delta_yn	string
RES_COMPONENTS	component_nrml_lo	string
RES_COMPONENTS	component_nrml_hi	string
RES_COMPONENTS	component_cmt	string
RES_COMPONENTS	component_mthd_id	string
RES_COMPONENTS	component_range	string
RES_COMPONENTS	component_inst	timestamp
RES_COMPONENTS	component_lab_id	string
RES_COMPONENTS	component_report_yn	string
RES_COMPONENTS	cm_phy_owner_id	string
RES_COMPONENTS	cm_log_owner_id	string
RES_COMPONENTS	comp_smrtxt_comm_id	string
RES_COMPONENTS	compon_st_value_id	string
RES_COMPONENTS	compon_dilution	string
RES_COMPONENTS	compon_linear_yn	string
RES_COMPONENTS	compon_data_req_c	int
RES_COMPONENTS	compon_rpt_set_by_c	int
RES_COMPONENTS	compon_reportable_c	int
RES_COMPONENTS	cmp_review_type_c	int
RES_COMPONENTS	cmp_rscrn_selmeth_c	int
RES_COMPONENTS	cmp_screen_dt	timestamp
RES_COMPONENTS	comp_csrvwr_user_id	string
RES_COMPONENTS	com_report_system_c	int
RES_COMPONENTS	com_report_rule_id	string
RES_COMPONENTS	com_rpt_field_c	int
RES_COMPONENTS	cmp_editing_user_id	string
RES_COMPONENTS	comp_instr_verflg_c	int
RES_COMPONENTS	comp_val_stat_c	int
RES_COMPONENTS	comp_verif_status_c	int
RES_COMPONENTS	comp_verif_dttm	timestamp
RES_COMPONENTS	comp_verif_lab_id	string
RES_COMPONENTS	comp_verif_user_id	string
RES_COMPONENTS	comp_interp_set_c	int
RES_COMPONENTS	comp_value_num	decimal(18,10)
RES_COMPONENTS	usr_ovrd_abnrml_id	string
RES_COMPONENTS	usr_ovrd_rep_flg_id	string
RES_COMPONENTS	ovride_abnrml_yn	string
RES_COMPONENTS	ovride_rep_flag_yn	string
RES_COMPONENTS	comp_res_utc_dttm	timestamp
RES_COMPONENTS	comp_delta_res_id	string
RES_COMPONENTS	comp_instr_verflg	string
RES_COMPONENTS	cmp_verif_utc_dttm	timestamp
RES_COMPONENTS	comp_meth_set_by_c	int
RES_COMPONENTS	comp_po_lab_id	decimal(18,0)
RES_COMPONENTS	comp_lnc_record_id	decimal(18,0)
RES_COMPONENTS	comp_accredited_yn	string
RES_COMPONENTS	usr_ovrd_accr_st_user_id	string
RES_COMPONENTS	ovride_accr_stat_yn	string
RES_COMPONENTS	comp_uncertain_meas	string
RES_COMPONENTS	cmp_linearity_set_by_c	int
RES_COMPONENTS	comp_network_concept_ident	string
RES_COMPONENTS	comp_disp_range_set_by_c	int
RES_COMPONENTS	comp_instr_prof_ident	string
RES_COMPONENTS	compon_tag_ln	int
RES_COMPONENTS	cmp_add_user_id	string
RES_COMPONENTS	cmp_add_dttm	timestamp
RES_COMPONENTS	cmp_add_utc_dttm	timestamp
RES_COMPONENTS	comp_norm_lo_ineq_c	int
RES_COMPONENTS	comp_norm_hi_ineq_c	int
RES_COMPONENTS	dl_load_dt	date
RES_COMPONENTS	dl_load_ts	timestamp
RES_DB_MAIN	result_id	string
RES_DB_MAIN	res_type_id	string
RES_DB_MAIN	lab_id	string
RES_DB_MAIN	res_val_status_c	int
RES_DB_MAIN	res_test_id	string
RES_DB_MAIN	res_specimen_id	string
RES_DB_MAIN	res_spec_no_rel	string
RES_DB_MAIN	res_ept_pat_id	string
RES_DB_MAIN	res_typ_of_res_c	int
RES_DB_MAIN	res_gw_result_id	string
RES_DB_MAIN	res_ow_result_id	string
RES_DB_MAIN	res_tech_id	string
RES_DB_MAIN	res_abnormal_c	string
RES_DB_MAIN	res_nrpt_flg_c	int
RES_DB_MAIN	res_batch_audit	string
RES_DB_MAIN	res_inst_ordered_tm	timestamp
RES_DB_MAIN	res_inst_validtd_tm	timestamp
RES_DB_MAIN	res_inst_unval_tm	timestamp
RES_DB_MAIN	res_num_repeat	int
RES_DB_MAIN	res_epic_prov_id	string
RES_DB_MAIN	res_order_id	decimal(18,0)
RES_DB_MAIN	res_test_mthd_id	string
RES_DB_MAIN	res_verify_lab_id	string
RES_DB_MAIN	res_rqg_pat_id	decimal(18,0)
RES_DB_MAIN	cm_phy_owner_id	string
RES_DB_MAIN	cm_log_owner_id	string
RES_DB_MAIN	current_action_id	decimal(18,0)
RES_DB_MAIN	res_smart_text_id	string
RES_DB_MAIN	slide_review_rpt_yn	string
RES_DB_MAIN	diff_reported_c	int
RES_DB_MAIN	reportable_c	int
RES_DB_MAIN	report_to_hu_yn	string
RES_DB_MAIN	diff_count_rstrc_c	int
RES_DB_MAIN	rpt_per_100_cell_yn	string
RES_DB_MAIN	scale_factor_wbcs	int
RES_DB_MAIN	diff_cell_count_evt	int
RES_DB_MAIN	main_rptd_yn	string
RES_DB_MAIN	auto_res_start_dttm	timestamp
RES_DB_MAIN	multi_comp_com_dt_c	int
RES_DB_MAIN	cat_ini	string
RES_DB_MAIN	cat_item	decimal(18,0)
RES_DB_MAIN	cat_discrimination	string
RES_DB_MAIN	culture_growth_c	int
RES_DB_MAIN	res_by_ext_lab_yn	string
RES_DB_MAIN	stain_bill_yn	string
RES_DB_MAIN	sci_notatn_fmt_c	int
RES_DB_MAIN	sci_notatn_ord_mag	int
RES_DB_MAIN	resulting_lab_id	string
RES_DB_MAIN	test_line	int
RES_DB_MAIN	qc_out_of_ctrl_yn	string
RES_DB_MAIN	diff_type_rptd_c	int
RES_DB_MAIN	dont_report_test_yn	string
RES_DB_MAIN	cosign_minor_edt_yn	string
RES_DB_MAIN	cosign_major_edt_yn	string
RES_DB_MAIN	auto_start_utc_dttm	timestamp
RES_DB_MAIN	inst_ord_utc_dttm	timestamp
RES_DB_MAIN	linked_cbc_test_id	string
RES_DB_MAIN	ext_ver_utc_dttm	timestamp
RES_DB_MAIN	rand_refx_fired_yn	string
RES_DB_MAIN	type_of_data_c	int
RES_DB_MAIN	res_excl_cds_flag_c	int
RES_DB_MAIN	res_excl_cds_src_c	int
RES_DB_MAIN	res_excl_cds_user_id	string
RES_DB_MAIN	perf_org_lab_id	decimal(18,0)
RES_DB_MAIN	req_cosigner_user_id	string
RES_DB_MAIN	validation_date	timestamp
RES_DB_MAIN	spec_type_container_type_id	string
RES_DB_MAIN	var_update_utc_dttm	timestamp
RES_DB_MAIN	dl_load_dt	date
RES_DB_MAIN	dl_load_ts	timestamp
RES_DB_MAIN	crit_push_outcome_c	int
RES_DB_MAIN	test_instrument_prof_ident	string
RES_DB_MAIN	comp_cmt_c	int
RES_VAL_DATA_RM	result_id	string
RES_VAL_DATA_RM	group_line	int
RES_VAL_DATA_RM	value_line	int
RES_VAL_DATA_RM	cm_phy_owner_id	string
RES_VAL_DATA_RM	cm_log_owner_id	string
RES_VAL_DATA_RM	mult_ln_val_storage	string
RES_VAL_DATA_RM	mult_ln_val_stg_raw	string
RES_VAL_DATA_RM	dl_load_dt	date
RES_VAL_DATA_RM	dl_load_ts	timestamp
RES_VAL_PTR_RM	result_id	string
RES_VAL_PTR_RM	group_line	int
RES_VAL_PTR_RM	value_line	int
RES_VAL_PTR_RM	cm_phy_owner_id	string
RES_VAL_PTR_RM	cm_log_owner_id	string
RES_VAL_PTR_RM	cmp_multiline_value	decimal(18,0)
RES_VAL_PTR_RM	dl_load_dt	date
RES_VAL_PTR_RM	dl_load_ts	timestamp
RES_VLD_AUDIT	result_id	string
RES_VLD_AUDIT	res_type_id	string
RES_VLD_AUDIT	line	int
RES_VLD_AUDIT	lab_id	string
RES_VLD_AUDIT	res_specimen_id	string
RES_VLD_AUDIT	res_vld_status_c	int
RES_VLD_AUDIT	res_unvld_rsn_c	int
RES_VLD_AUDIT	res_vld_user	string
RES_VLD_AUDIT	res_vld_instant	timestamp
RES_VLD_AUDIT	res_unvld_rslt	string
RES_VLD_AUDIT	cm_phy_owner_id	string
RES_VLD_AUDIT	cm_log_owner_id	string
RES_VLD_AUDIT	res_unvld_rsn_com	string
RES_VLD_AUDIT	res_verify_utc_dttm	timestamp
RES_VLD_AUDIT	res_unvld_result_id	string
RES_VLD_AUDIT	unvalidation_type_c	int
RES_VLD_AUDIT	dl_load_dt	date
RES_VLD_AUDIT	dl_load_ts	timestamp
RESULT_SYNOPTIC	result_id	string
RESULT_SYNOPTIC	line	int
RESULT_SYNOPTIC	cm_phy_owner_id	string
RESULT_SYNOPTIC	cm_log_owner_id	string
RESULT_SYNOPTIC	synoptic_result_id	decimal(18,0)
RESULT_SYNOPTIC	dl_load_dt	date
RESULT_SYNOPTIC	dl_load_ts	timestamp
RESULT_VARIANT	result_id	string
RESULT_VARIANT	line	int
RESULT_VARIANT	cm_phy_owner_id	string
RESULT_VARIANT	cm_log_owner_id	string
RESULT_VARIANT	variant_id	decimal(18,0)
RESULT_VARIANT	variant_rpt_yn	string
RESULT_VARIANT	dl_load_dt	date
RESULT_VARIANT	dl_load_ts	timestamp
RESUME_REPORTED_SIG	event_id	string
RESUME_REPORTED_SIG	line	int
RESUME_REPORTED_SIG	cm_phy_owner_id	string
RESUME_REPORTED_SIG	cm_log_owner_id	string
RESUME_REPORTED_SIG	order_med_id	decimal(18,0)
RESUME_REPORTED_SIG	event_line_num	int
RESUME_REPORTED_SIG	pat_sig_reply_c	int
RESUME_REPORTED_SIG	rpt_sig_line_num	int
RESUME_REPORTED_SIG	dl_load_dt	date
RESUME_REPORTED_SIG	dl_load_ts	timestamp
RIS_INT_STUDY_CMT	order_proc_id	decimal(18,0)
RIS_INT_STUDY_CMT	line	int
RIS_INT_STUDY_CMT	int_study_comment	string
RIS_INT_STUDY_CMT	cm_phy_owner_id	string
RIS_INT_STUDY_CMT	cm_log_owner_id	string
RIS_INT_STUDY_CMT	dl_load_dt	date
RIS_INT_STUDY_CMT	dl_load_ts	timestamp
RSLT_ORDERS	result_id	string
RSLT_ORDERS	line	int
RSLT_ORDERS	cm_phy_owner_id	string
RSLT_ORDERS	cm_log_owner_id	string
RSLT_ORDERS	source_order_id	decimal(18,0)
RSLT_ORDERS	dl_load_dt	date
RSLT_ORDERS	dl_load_ts	timestamp
RTYPE_DB_MAIN	result_type_id	string
RTYPE_DB_MAIN	type_of_data_c	int
RTYPE_DB_MAIN	rtm_dflt_mnem_pr_id	string
RTYPE_DB_MAIN	result_type_name	string
RTYPE_DB_MAIN	type_of_res_typ_c	int
RTYPE_DB_MAIN	cm_phy_owner_id	string
RTYPE_DB_MAIN	cm_log_owner_id	string
RTYPE_DB_MAIN	prevent_tab_rr_yn	string
RTYPE_DB_MAIN	share_res_yn	string
RTYPE_DB_MAIN	status_c	int
RTYPE_DB_MAIN	record_deleted_c	int
RTYPE_DB_MAIN	discrete_position_c	int
RTYPE_DB_MAIN	dl_load_dt	date
RTYPE_DB_MAIN	dl_load_ts	timestamp
RX_MED_EQUIV_INFO	medication_id	decimal(18,0)
RX_MED_EQUIV_INFO	line	int
RX_MED_EQUIV_INFO	equiv_qty	decimal(14,4)
RX_MED_EQUIV_INFO	equiv_unit_c	int
RX_MED_EQUIV_INFO	cm_phy_owner_id	string
RX_MED_EQUIV_INFO	cm_log_owner_id	string
RX_MED_EQUIV_INFO	dl_load_dt	date
RX_MED_EQUIV_INFO	dl_load_ts	timestamp
RX_MED_NDC_CODE	medication_id	decimal(18,0)
RX_MED_NDC_CODE	line	int
RX_MED_NDC_CODE	ndc_code	string
RX_MED_NDC_CODE	cm_phy_owner_id	string
RX_MED_NDC_CODE	cm_log_owner_id	string
RX_MED_NDC_CODE	dl_load_dt	date
RX_MED_NDC_CODE	dl_load_ts	timestamp
RX_MED_TWO	medication_id	decimal(18,0)
RX_MED_TWO	medication_name	string
RX_MED_TWO	record_state_name	string
RX_MED_TWO	temp_name_edit	string
RX_MED_TWO	proptry_status_c	int
RX_MED_TWO	brand_name_code_c	int
RX_MED_TWO	name_source_c	int
RX_MED_TWO	chk_ingred_name	string
RX_MED_TWO	medispan_ddi	string
RX_MED_TWO	pharm_subclass_c	int
RX_MED_TWO	smple_gen_nam_c	decimal(18,0)
RX_MED_TWO	cost	string
RX_MED_TWO	dea_class_code_c	int
RX_MED_TWO	dea_class_code_nam	string
RX_MED_TWO	controlled_name	string
RX_MED_TWO	strength	string
RX_MED_TWO	form_c	int
RX_MED_TWO	admin_route_c	int
RX_MED_TWO	rx_templt_typ_name	string
RX_MED_TWO	ndc_inactivated_dt	timestamp
RX_MED_TWO	mddb_record_key	string
RX_MED_TWO	dpc_drg_drg_intrct	string
RX_MED_TWO	apc_allergy_check	string
RX_MED_TWO	ppc_pat_cons_msg	string
RX_MED_TWO	panel_name	string
RX_MED_TWO	pnl_sup_alt_chk_nm	string
RX_MED_TWO	order_display_name	string
RX_MED_TWO	discrete_dose	string
RX_MED_TWO	discrete_str_units	string
RX_MED_TWO	default_freq_id	string
RX_MED_TWO	short_name	string
RX_MED_TWO	modified_name	string
RX_MED_TWO	filter_type_c	int
RX_MED_TWO	use_alter_name	string
RX_MED_TWO	rx_name_order_id	decimal(18,0)
RX_MED_TWO	file_rx_name_pp_id	decimal(18,0)
RX_MED_TWO	rx_name_verify_id	decimal(18,0)
RX_MED_TWO	rx_name_report_id	decimal(18,0)
RX_MED_TWO	include_strngth_yn	string
RX_MED_TWO	px_grouper_id	decimal(18,0)
RX_MED_TWO	cart_group_c	int
RX_MED_TWO	med_unit_c	int
RX_MED_TWO	med_rnd_factor	decimal(14,4)
RX_MED_TWO	med_rnd_method_nm	string
RX_MED_TWO	dispense_unit_c	int
RX_MED_TWO	disp_rnd_factor	decimal(14,4)
RX_MED_TWO	disp_rnd_method_nm	string
RX_MED_TWO	admin_unit_c	int
RX_MED_TWO	admin_rnd_factor	decimal(14,4)
RX_MED_TWO	admin_rnd_meth_nm	string
RX_MED_TWO	cm_phy_owner_id	string
RX_MED_TWO	cm_log_owner_id	string
RX_MED_TWO	rx_main_custamt_yn	string
RX_MED_TWO	padded_dose	string
RX_MED_TWO	ims_pp_id	decimal(18,0)
RX_MED_TWO	ims_enabled_yn	string
RX_MED_TWO	strength_unit_c	int
RX_MED_TWO	special_med_type_c	int
RX_MED_TWO	op_default_freq_id	string
RX_MED_TWO	op_admin_inst_id	string
RX_MED_TWO	op_short_inst	string
RX_MED_TWO	op_order_help_id	string
RX_MED_TWO	op_short_order_hel	string
RX_MED_TWO	amb_name_ord_pp_id	decimal(18,0)
RX_MED_TWO	amb_aftord_pp_id	decimal(18,0)
RX_MED_TWO	amb_inclu_str_yn	string
RX_MED_TWO	amb_name_mixstr_yn	string
RX_MED_TWO	amb_inclu_form_yn	string
RX_MED_TWO	amb_name_suffix	string
RX_MED_TWO	default_long_ter_yn	string
RX_MED_TWO	calc_rate_frm_vd_yn	string
RX_MED_TWO	amb_dflt_weight_c	int
RX_MED_TWO	default_weight_c	int
RX_MED_TWO	ca_fed_reg_cd_c	int
RX_MED_TWO	blank_dose_scan_yn	string
RX_MED_TWO	ip_mar_flo_expiry	int
RX_MED_TWO	std_dose_deviation	decimal(10,4)
RX_MED_TWO	protect_del_yn	string
RX_MED_TWO	match_across_con_yn	string
RX_MED_TWO	rx_settings_med_id	decimal(18,0)
RX_MED_TWO	proxy_med_for_dc_id	decimal(18,0)
RX_MED_TWO	rx_tpn_overfill_amt	decimal(18,2)
RX_MED_TWO	op_ims_pref_prod_id	decimal(18,0)
RX_MED_TWO	amb_max_dose	decimal(18,4)
RX_MED_TWO	amb_max_dose_unit_c	int
RX_MED_TWO	amb_min_dose	decimal(18,4)
RX_MED_TWO	amb_min_dose_unit_c	int
RX_MED_TWO	amb_all_ovr_dose_yn	string
RX_MED_TWO	max_dose	decimal(18,4)
RX_MED_TWO	max_dose_unit_c	int
RX_MED_TWO	min_dose	decimal(18,4)
RX_MED_TWO	min_dose_unit_c	int
RX_MED_TWO	allow_or_dose_li_yn	string
RX_MED_TWO	hide_frm_op_ims_yn	string
RX_MED_TWO	comp_and_rpkg_c	int
RX_MED_TWO	rx_incfat_dexcon_yn	string
RX_MED_TWO	recipe_smart_txt_id	string
RX_MED_TWO	recipe_etx_label_id	string
RX_MED_TWO	recipe_pkg_info_id	string
RX_MED_TWO	shelf_life	int
RX_MED_TWO	mar_offsched_mins	int
RX_MED_TWO	last_resort_disp_id	decimal(18,0)
RX_MED_TWO	amb_inc_sg_name_yn	string
RX_MED_TWO	dl_load_dt	date
RX_MED_TWO	dl_load_ts	timestamp
RX_NDC	ndc_id	string
RX_NDC	ndc_code	string
RX_NDC	ndc_format	int
RX_NDC	raw_11_digit_ndc	string
RX_NDC	raw_ndc_code	string
RX_NDC	mfg_long_name	string
RX_NDC	mfg_abbr_name	string
RX_NDC	mfg_code	string
RX_NDC	package_size	decimal(12,3)
RX_NDC	med_unit_c	int
RX_NDC	package_quantity	int
RX_NDC	package_units_name	string
RX_NDC	pack_desc_c	int
RX_NDC	gppc_code	string
RX_NDC	multi_dose_yn	string
RX_NDC	kdc	string
RX_NDC	kdc_flag_name	string
RX_NDC	cost_id_val	string
RX_NDC	imp_ext_unit_name	string
RX_NDC	ip_def_cost	decimal(13,3)
RX_NDC	ip_def_cost_pu_yn	string
RX_NDC	cost_locked_yn	string
RX_NDC	cost_update_time	timestamp
RX_NDC	ip_def_bill_pu_yn	string
RX_NDC	ip_def_rnd_factor	decimal(18,3)
RX_NDC	ip_def_chm_tbl_id	string
RX_NDC	ip_when_to_chg	string
RX_NDC	charge_method_c	int
RX_NDC	rx_package_suffix	string
RX_NDC	simple_generic_c	string
RX_NDC	gcn_seqno	string
RX_NDC	inst_last_import	timestamp
RX_NDC	cm_phy_owner_id	string
RX_NDC	cm_log_owner_id	string
RX_NDC	protect_pkginfo_yn	string
RX_NDC	associated_ndg	decimal(18,0)
RX_NDC	custom_modifer	string
RX_NDC	fdb_inactreview_yn	string
RX_NDC	dft_bill_code	string
RX_NDC	qty_per_bill_code	decimal(12,3)
RX_NDC	bill_code_units_c	int
RX_NDC	bill_code_rnd_fact	decimal(12,3)
RX_NDC	billable_ndc_id	string
RX_NDC	legend_indicator_c	int
RX_NDC	innovator_ind_yn	string
RX_NDC	replacement_ndc_id	string
RX_NDC	ip_charge_admin_yn	string
RX_NDC	fdb_ivm_comp_code	string
RX_NDC	record_status_c	int
RX_NDC	back_comp_med_id	decimal(18,0)
RX_NDC	custom_modifier_c	int
RX_NDC	wastage_allowed_c	int
RX_NDC	mult_pat_dose_yn	string
RX_NDC	agent_desc	string
RX_NDC	agent_code	string
RX_NDC	cost_update_user_id	string
RX_NDC	cost_upd_source_c	string
RX_NDC	cost_update_markup	decimal(18,1)
RX_NDC	price_from_out_ndc	string
RX_NDC	amino_acid_type_c	int
RX_NDC	medguide_req_yn	string
RX_NDC	medguide_avail_yn	string
RX_NDC	kdc_flag_c	int
RX_NDC	package_units_c	int
RX_NDC	imp_ext_unit_c	int
RX_NDC	ip_when_to_charge_c	int
RX_NDC	rx_lbl_prt_rl_typ_c	int
RX_NDC	rx_num_pkgs_per_lbl	decimal(18,3)
RX_NDC	reimbursement_code_c	int
RX_NDC	reimbursement_clause_c	int
RX_NDC	can_match_ext_yn	string
RX_NDC	product_type_c	int
RX_NDC	package_unit_code	string
RX_NDC	reused_ndc_yn	string
RX_NDC	private_label_yn	string
RX_NDC	repackaged_yn	string
RX_NDC	fi_pkg_data_src_c	int
RX_NDC	prescribing_condition_code	string
RX_NDC	prescribing_condition_text	string
RX_NDC	package_size_text	string
RX_NDC	inventory_ndc_id	string
RX_NDC	package_unit_text	string
RX_NDC	swissmedic_code	string
RX_NDC	dispensing_code	string
RX_NDC	main_pkg_num_yn	string
RX_NDC	be_pkg_data_src_c	int
RX_NDC	specific_gravity	decimal(18,4)
RX_NDC	reimbursable_yn	string
RX_NDC	be_sam_id_key_cnk	string
RX_NDC	inner_package_yn	string
RX_NDC	sample_package_yn	string
RX_NDC	ndc_gpi_code	string
RX_NDC	norway_ext_con_type_c	int
RX_NDC	noma_application_type_c	int
RX_NDC	black_triangle_ind_c	int
RX_NDC	fest_preparation_type_c	int
RX_NDC	substitution_group_code	string
RX_NDC	substitution_group_code_desc	string
RX_NDC	subtitution_group_remarks	string
RX_NDC	substitution_group_from_date	timestamp
RX_NDC	substitution_group_to_date	timestamp
RX_NDC	dl_load_dt	date
RX_NDC	dl_load_ts	timestamp
RX_NDC_STATUS	ndc_id	string
RX_NDC_STATUS	contact_date_real	double
RX_NDC_STATUS	contact_date	timestamp
RX_NDC_STATUS	line	int
RX_NDC_STATUS	cnct_stat_name	string
RX_NDC_STATUS	cnct_stat_chg_time	timestamp
RX_NDC_STATUS	medication_id	decimal(18,0)
RX_NDC_STATUS	cnct_serial_num	string
RX_NDC_STATUS	cm_phy_owner_id	string
RX_NDC_STATUS	cm_log_owner_id	string
RX_NDC_STATUS	imp_status_c	int
RX_NDC_STATUS	out_of_market_date	timestamp
RX_NDC_STATUS	cm_ct_owner_id	string
RX_NDC_STATUS	contact_number	int
RX_NDC_STATUS	contact_status_c	int
RX_NDC_STATUS	is_brand_ndc_yn	string
RX_NDC_STATUS	finland_status_c	int
RX_NDC_STATUS	dl_load_dt	date
RX_NDC_STATUS	dl_load_ts	timestamp
RX_NDC_STATUS	vendor_linked_medication_id	decimal(18,0)
RX_NDC_STATUS	med_id_diff_rev_yn	string
RXNORM_CODES	medication_id	decimal(18,0)
RXNORM_CODES	line	int
RXNORM_CODES	cm_phy_owner_id	string
RXNORM_CODES	cm_log_owner_id	string
RXNORM_CODES	rxnorm_code_level_c	int
RXNORM_CODES	rxnorm_code	string
RXNORM_CODES	rxnorm_primary_yn	string
RXNORM_CODES	rxnorm_term_type_c	int
RXNORM_CODES	rxnorm_historic_yn	string
RXNORM_CODES	dl_load_dt	date
RXNORM_CODES	dl_load_ts	timestamp
SDD_DATA	sdoh_data_id	decimal(18,0)
SDD_DATA	cm_phy_owner_id	string
SDD_DATA	cm_log_owner_id	string
SDD_DATA	record_status_c	int
SDD_DATA	domain_c	int
SDD_DATA	pat_id	string
SDD_DATA	concerns_present_yn	string
SDD_DATA	record_create_utc_dttm	timestamp
SDD_DATA	dl_load_dt	date
SDD_DATA	dl_load_ts	timestamp
SDD_DATA	predicted_risk_csn_id	decimal(18,0)
SDD_ENTRIES	sdoh_data_id	decimal(18,0)
SDD_ENTRIES	contact_date_real	double
SDD_ENTRIES	line	int
SDD_ENTRIES	contact_date	timestamp
SDD_ENTRIES	entry_dom_config_id	decimal(18,0)
SDD_ENTRIES	entry_effective_utc_dttm	timestamp
SDD_ENTRIES	entry_interpretation	string
SDD_ENTRIES	entry_concern_lvl_c	int
SDD_ENTRIES	entry_ext_ref_identifier	string
SDD_ENTRIES	entry_calc_fsd_id	string
SDD_ENTRIES	entry_calc_fsd_line	int
SDD_ENTRIES	entry_pat_enc_csn_id	decimal(18,0)
SDD_ENTRIES	entry_type_c	int
SDD_ENTRIES	entry_user_id	string
SDD_ENTRIES	dl_load_dt	date
SDD_ENTRIES	dl_load_ts	timestamp
SDD_ENTRIES	entry_dx_id	decimal(18,0)
SDD_ENTRIES	entry_score_fsd_id	string
SDD_ENTRIES	entry_score_fsd_line	int
SMARTFORM_CONCEPT	form_id	string
SMARTFORM_CONCEPT	contact_date_real	double
SMARTFORM_CONCEPT	line	int
SMARTFORM_CONCEPT	contact_date	timestamp
SMARTFORM_CONCEPT	cm_phy_owner_id	string
SMARTFORM_CONCEPT	cm_log_owner_id	string
SMARTFORM_CONCEPT	cm_ct_owner_id	string
SMARTFORM_CONCEPT	concept_id	string
SMARTFORM_CONCEPT	concept_list_id	string
SMARTFORM_CONCEPT	concept_context_id	decimal(18,0)
SMARTFORM_CONCEPT	dl_load_dt	date
SMARTFORM_CONCEPT	dl_load_ts	timestamp
SMRTDTA_ELEM_DATA	hlv_id	decimal(18,0)
SMRTDTA_ELEM_DATA	cm_phy_owner_id	string
SMRTDTA_ELEM_DATA	cm_log_owner_id	string
SMRTDTA_ELEM_DATA	element_id	string
SMRTDTA_ELEM_DATA	cur_value_datetime	timestamp
SMRTDTA_ELEM_DATA	cur_value_user_id	string
SMRTDTA_ELEM_DATA	cur_value_source	string
SMRTDTA_ELEM_DATA	context_name	string
SMRTDTA_ELEM_DATA	contact_serial_num	decimal(18,0)
SMRTDTA_ELEM_DATA	record_id_varchar	string
SMRTDTA_ELEM_DATA	record_id_numeric	decimal(18,0)
SMRTDTA_ELEM_DATA	cur_source_lqf_id	string
SMRTDTA_ELEM_DATA	update_date	timestamp
SMRTDTA_ELEM_DATA	pat_link_id	string
SMRTDTA_ELEM_DATA	rec_archived_yn	string
SMRTDTA_ELEM_DATA	src_note_id	string
SMRTDTA_ELEM_DATA	src_note_status_c	string
SMRTDTA_ELEM_DATA	cur_val_utc_dttm	timestamp
SMRTDTA_ELEM_DATA	clin_attach_stat_c	int
SMRTDTA_ELEM_DATA	src_clin_attach_id	string
SMRTDTA_ELEM_DATA	src_clin_attach_dte	decimal(18,2)
SMRTDTA_ELEM_DATA	cur_value_addendum	int
SMRTDTA_ELEM_DATA	dl_load_dt	date
SMRTDTA_ELEM_DATA	dl_load_ts	timestamp
SMRTDTA_ELEM_DATA	set_by_c	int
SMRTDTA_ELEM_DATA	ai_pat_enc_csn_id	decimal(18,0)
SMRTDTA_ELEM_ENCOUNTER	hlv_id	decimal(18,0)
SMRTDTA_ELEM_ENCOUNTER	cm_phy_owner_id	string
SMRTDTA_ELEM_ENCOUNTER	cm_log_owner_id	string
SMRTDTA_ELEM_ENCOUNTER	pat_enc_csn_id	decimal(18,0)
SMRTDTA_ELEM_ENCOUNTER	pat_id	string
SMRTDTA_ELEM_ENCOUNTER	element_id	string
SMRTDTA_ELEM_ENCOUNTER	dl_load_dt	date
SMRTDTA_ELEM_ENCOUNTER	dl_load_ts	timestamp
SMRTDTA_ELEM_HISTORY	hlv_id	decimal(18,0)
SMRTDTA_ELEM_HISTORY	cm_phy_owner_id	string
SMRTDTA_ELEM_HISTORY	cm_log_owner_id	string
SMRTDTA_ELEM_HISTORY	pat_enc_csn_id	decimal(18,0)
SMRTDTA_ELEM_HISTORY	pat_id	string
SMRTDTA_ELEM_HISTORY	element_id	string
SMRTDTA_ELEM_HISTORY	dl_load_dt	date
SMRTDTA_ELEM_HISTORY	dl_load_ts	timestamp
SMRTDTA_ELEM_NOTE	hlv_id	decimal(18,0)
SMRTDTA_ELEM_NOTE	cm_phy_owner_id	string
SMRTDTA_ELEM_NOTE	cm_log_owner_id	string
SMRTDTA_ELEM_NOTE	note_id	string
SMRTDTA_ELEM_NOTE	element_id	string
SMRTDTA_ELEM_NOTE	dl_load_dt	date
SMRTDTA_ELEM_NOTE	dl_load_ts	timestamp
SMRTDTA_ELEM_VALUE	hlv_id	decimal(18,0)
SMRTDTA_ELEM_VALUE	line	int
SMRTDTA_ELEM_VALUE	cm_phy_owner_id	string
SMRTDTA_ELEM_VALUE	cm_log_owner_id	string
SMRTDTA_ELEM_VALUE	smrtdta_elem_value	string
SMRTDTA_ELEM_VALUE	elem_nw_id_val_num	decimal(18,0)
SMRTDTA_ELEM_VALUE	dl_load_dt	date
SMRTDTA_ELEM_VALUE	dl_load_ts	timestamp
SOCIAL_HX	pat_id	string
SOCIAL_HX	pat_enc_date_real	double
SOCIAL_HX	contact_date	timestamp
SOCIAL_HX	end_hist_date_real	double
SOCIAL_HX	is_tobacco_user	string
SOCIAL_HX	tobacco_pak_per_dy	string
SOCIAL_HX	tobacco_used_years	string
SOCIAL_HX	tobacco_comment	string
SOCIAL_HX	smoking_quit_date	timestamp
SOCIAL_HX	cigarettes_yn	string
SOCIAL_HX	pipes_yn	string
SOCIAL_HX	cigars_yn	string
SOCIAL_HX	snuff_yn	string
SOCIAL_HX	chew_yn	string
SOCIAL_HX	is_alcohol_user	string
SOCIAL_HX	alcohol_oz_per_wk	string
SOCIAL_HX	alcohol_comment	string
SOCIAL_HX	is_ill_drug_user	string
SOCIAL_HX	iv_drug_user_yn	string
SOCIAL_HX	illicit_drug_freq	string
SOCIAL_HX	illicit_drug_cmt	string
SOCIAL_HX	is_sexually_actv	string
SOCIAL_HX	female_partner_yn	string
SOCIAL_HX	male_partner_yn	string
SOCIAL_HX	condom_yn	string
SOCIAL_HX	pill_yn	string
SOCIAL_HX	diaphragm_yn	string
SOCIAL_HX	iud_yn	string
SOCIAL_HX	surgical_yn	string
SOCIAL_HX	spermicide_yn	string
SOCIAL_HX	implant_yn	string
SOCIAL_HX	rhythm_yn	string
SOCIAL_HX	injection_yn	string
SOCIAL_HX	sponge_yn	string
SOCIAL_HX	inserts_yn	string
SOCIAL_HX	abstinence_yn	string
SOCIAL_HX	sex_comment	string
SOCIAL_HX	years_education	string
SOCIAL_HX	cm_ct_owner_id	string
SOCIAL_HX	pat_enc_csn_id	decimal(18,0)
SOCIAL_HX	tob_src_c	int
SOCIAL_HX	alcohol_src_c	int
SOCIAL_HX	drug_src_c	int
SOCIAL_HX	sex_src_c	int
SOCIAL_HX	hx_lnk_enc_csn	decimal(18,0)
SOCIAL_HX	alcohol_use_c	int
SOCIAL_HX	ill_drug_user_c	int
SOCIAL_HX	sexually_active_c	int
SOCIAL_HX	tobacco_user_c	int
SOCIAL_HX	smokeless_tob_use_c	int
SOCIAL_HX	smokeless_quit_date	timestamp
SOCIAL_HX	smoking_tob_use_c	int
SOCIAL_HX	unknown_fam_hx_yn	string
SOCIAL_HX	smoking_start_date	timestamp
SOCIAL_HX	edu_level_c	int
SOCIAL_HX	fin_resource_strain_c	int
SOCIAL_HX	ipv_emotional_abuse_c	int
SOCIAL_HX	ipv_fear_c	int
SOCIAL_HX	ipv_sexual_abuse_c	int
SOCIAL_HX	ipv_physical_abuse_c	int
SOCIAL_HX	alcohol_freq_c	int
SOCIAL_HX	alcohol_drinks_per_day_c	int
SOCIAL_HX	alcohol_binge_c	int
SOCIAL_HX	living_w_spouse_c	int
SOCIAL_HX	daily_stress_c	int
SOCIAL_HX	phone_communication_c	int
SOCIAL_HX	socialization_freq_c	int
SOCIAL_HX	church_attendance_c	int
SOCIAL_HX	clubmtg_attendance_c	int
SOCIAL_HX	club_member_c	int
SOCIAL_HX	phys_act_days_per_week_c	int
SOCIAL_HX	phys_act_min_per_sess_c	int
SOCIAL_HX	food_insecurity_scarce_c	int
SOCIAL_HX	food_insecurity_worry_c	int
SOCIAL_HX	med_transport_needs_c	int
SOCIAL_HX	other_transport_needs_c	int
SOCIAL_HX	soc_phone_src_c	int
SOCIAL_HX	soc_together_src_c	int
SOCIAL_HX	soc_church_src_c	int
SOCIAL_HX	soc_meetings_src_c	int
SOCIAL_HX	soc_member_src_c	int
SOCIAL_HX	soc_living_src_c	int
SOCIAL_HX	phys_dpw_src_c	int
SOCIAL_HX	phys_mps_src_c	int
SOCIAL_HX	stress_src_c	int
SOCIAL_HX	education_src_c	int
SOCIAL_HX	financial_src_c	int
SOCIAL_HX	ipv_emotional_src_c	int
SOCIAL_HX	ipv_fear_src_c	int
SOCIAL_HX	ipv_sexabuse_src_c	int
SOCIAL_HX	ipv_physabuse_src_c	int
SOCIAL_HX	alc_freq_src_c	int
SOCIAL_HX	alc_std_drink_src_c	int
SOCIAL_HX	alc_binge_src_c	int
SOCIAL_HX	food_worry_src_c	int
SOCIAL_HX	food_scarcity_src_c	int
SOCIAL_HX	trans_med_src_c	int
SOCIAL_HX	trans_nonmed_src_c	int
SOCIAL_HX	fam_pat_adpt_par_1	int
SOCIAL_HX	fam_pat_adpt_par_2	int
SOCIAL_HX	tob_hx_addl_packyears	decimal(18,2)
SOCIAL_HX	tob_hx_smoke_exposure_cmt	string
SOCIAL_HX	passive_smoke_exposure_c	int
SOCIAL_HX	dl_load_dt	date
SOCIAL_HX	dl_load_ts	timestamp
SOCIAL_HX	famhx_pat_is_adopted_c	int
SOCIAL_HX	tobacco_pck_yrs_old	decimal(18,2)
SOCIAL_HX	tobacco_cur_ppd	decimal(18,2)
SOCIAL_HX	average_ppd	decimal(18,2)
SOCIAL_HX_ALC_USE	pat_enc_csn_id	decimal(18,0)
SOCIAL_HX_ALC_USE	line	int
SOCIAL_HX_ALC_USE	pat_id	string
SOCIAL_HX_ALC_USE	pat_enc_date_real	double
SOCIAL_HX_ALC_USE	contact_date	timestamp
SOCIAL_HX_ALC_USE	cm_ct_owner_id	string
SOCIAL_HX_ALC_USE	alcohol_drinks_wk	string
SOCIAL_HX_ALC_USE	hx_drink_types_c	int
SOCIAL_HX_ALC_USE	hx_lnk_enc_csn	decimal(18,0)
SOCIAL_HX_ALC_USE	dl_load_dt	date
SOCIAL_HX_ALC_USE	dl_load_ts	timestamp
SPEC_AP_RESULT	specimen_id	string
SPEC_AP_RESULT	line	int
SPEC_AP_RESULT	cm_phy_owner_id	string
SPEC_AP_RESULT	cm_log_owner_id	string
SPEC_AP_RESULT	ap_res_type_c	int
SPEC_AP_RESULT	ap_res_note_id	string
SPEC_AP_RESULT	ap_res_status_c	int
SPEC_AP_RESULT	ap_res_push_eval_c	int
SPEC_AP_RESULT	notif_sent_utc_dttm	timestamp
SPEC_AP_RESULT	ack_comm_id	string
SPEC_AP_RESULT	notif_sent_local_dttm	timestamp
SPEC_AP_RESULT	dl_load_dt	date
SPEC_AP_RESULT	dl_load_ts	timestamp
SPEC_DB_MAIN	specimen_id	string
SPEC_DB_MAIN	lab_id	string
SPEC_DB_MAIN	spec_number_ln1	string
SPEC_DB_MAIN	spec_dtm_collected	timestamp
SPEC_DB_MAIN	spec_dtm_received	timestamp
SPEC_DB_MAIN	spec_container_id	string
SPEC_DB_MAIN	spec_source_c	int
SPEC_DB_MAIN	spec_coll_site_c	int
SPEC_DB_MAIN	spec_collect_by	string
SPEC_DB_MAIN	spec_ept_pat_id	string
SPEC_DB_MAIN	spec_pre_dup_c	int
SPEC_DB_MAIN	spec_qc_flag_yn	string
SPEC_DB_MAIN	spec_qc_mat_id	string
SPEC_DB_MAIN	spec_qc_mlot_dat	double
SPEC_DB_MAIN	spec_sub_spec_no	string
SPEC_DB_MAIN	spec_val_stat_c	int
SPEC_DB_MAIN	spec_closed_dt	timestamp
SPEC_DB_MAIN	spec_coll_by_id	string
SPEC_DB_MAIN	spec_coll_dept_id	decimal(18,0)
SPEC_DB_MAIN	spec_draw_type_c	int
SPEC_DB_MAIN	spec_req_grp_id	decimal(18,0)
SPEC_DB_MAIN	cm_log_owner_id	string
SPEC_DB_MAIN	cm_phy_owner_id	string
SPEC_DB_MAIN	spec_qc_mlot_ex_dat	timestamp
SPEC_DB_MAIN	type_of_qc_c	int
SPEC_DB_MAIN	req_smt_id	decimal(18,0)
SPEC_DB_MAIN	req_id	decimal(18,0)
SPEC_DB_MAIN	acute_conval_c	int
SPEC_DB_MAIN	case_id	decimal(18,0)
SPEC_DB_MAIN	recv_queue_comm_id	string
SPEC_DB_MAIN	spec_deleted_yn	string
SPEC_DB_MAIN	spec_coll_utc_dttm	timestamp
SPEC_DB_MAIN	spec_rcvd_utc_dttm	timestamp
SPEC_DB_MAIN	spec_frozen_yn	string
SPEC_DB_MAIN	specimen_col_id	decimal(18,0)
SPEC_DB_MAIN	ap_receive_utc_dttm	timestamp
SPEC_DB_MAIN	ap_received_by_id	string
SPEC_DB_MAIN	recv_by_barcode_yn	string
SPEC_DB_MAIN	draw_sess_utc_dttm	timestamp
SPEC_DB_MAIN	specimen_type_c	int
SPEC_DB_MAIN	spec_from_dsl_yn	string
SPEC_DB_MAIN	onset_date	timestamp
SPEC_DB_MAIN	biohazard_c	int
SPEC_DB_MAIN	draw_chgs_trgrd_yn	string
SPEC_DB_MAIN	spec_source	string
SPEC_DB_MAIN	spec_origin_c	int
SPEC_DB_MAIN	import_run_batch_number_id	string
SPEC_DB_MAIN	creation_department_id	decimal(18,0)
SPEC_DB_MAIN	coll_ppid_ovride_yn	string
SPEC_DB_MAIN	coll_psid_ovride_yn	string
SPEC_DB_MAIN	draw_sess_dttm	timestamp
SPEC_DB_MAIN	req_or_gen_submitter_id	decimal(18,0)
SPEC_DB_MAIN	print_task_id	decimal(18,0)
SPEC_DB_MAIN	redraw_abandoned_coll_yn	string
SPEC_DB_MAIN	coll_prtr_ovride_yn	string
SPEC_DB_MAIN	coll_timer_expirations	int
SPEC_DB_MAIN	coll_ppid_req_yn	string
SPEC_DB_MAIN	coll_psid_req_yn	string
SPEC_DB_MAIN	donation_identification_number	string
SPEC_DB_MAIN	aborh_blood_groups	string
SPEC_DB_MAIN	special_abo_phenotype_c	int
SPEC_DB_MAIN	intended_use_attribute_c	int
SPEC_DB_MAIN	blood_group_spec_msg_c	int
SPEC_DB_MAIN	product_code	string
SPEC_DB_MAIN	collection_type_code_c	int
SPEC_DB_MAIN	product_collection_date	timestamp
SPEC_DB_MAIN	product_collection_utc_dttm	timestamp
SPEC_DB_MAIN	special_testing_code_c	int
SPEC_DB_MAIN	rbc_antigen_barcode	string
SPEC_DB_MAIN	platelet_antigen_barcode	string
SPEC_DB_MAIN	prod_desc_code_id	decimal(18,0)
SPEC_DB_MAIN	expiration_utc_dttm	timestamp
SPEC_DB_MAIN	facility_identifier_record_id	decimal(18,0)
SPEC_DB_MAIN	expiration_local_dttm	timestamp
SPEC_DB_MAIN	desc_code_csn_id	decimal(18,0)
SPEC_DB_MAIN	abo_phenotype_c	int
SPEC_DB_MAIN	rhd_lab_antigen_result_c	int
SPEC_DB_MAIN	spec_exp_string	string
SPEC_DB_MAIN	product_status_c	int
SPEC_DB_MAIN	spec_cumulative_volume	int
SPEC_DB_MAIN	dest_ept_pat_id	string
SPEC_DB_MAIN	dest_req_grouper_id	decimal(18,0)
SPEC_DB_MAIN	spec_collect_dttm_barcode	string
SPEC_DB_MAIN	special_testing_code_barcode	string
SPEC_DB_MAIN	special_rhd_phenotype_c	int
SPEC_DB_MAIN	dl_load_dt	date
SPEC_DB_MAIN	dl_load_ts	timestamp
SPEC_TASK_LIST	specimen_id	string
SPEC_TASK_LIST	line	int
SPEC_TASK_LIST	cm_phy_owner_id	string
SPEC_TASK_LIST	cm_log_owner_id	string
SPEC_TASK_LIST	task_test_id	string
SPEC_TASK_LIST	task_c	int
SPEC_TASK_LIST	task_action_c	int
SPEC_TASK_LIST	task_params	string
SPEC_TASK_LIST	task_instant	timestamp
SPEC_TASK_LIST	task_person_id	string
SPEC_TASK_LIST	task_sys_gen_yn	string
SPEC_TASK_LIST	task_lab_id	string
SPEC_TASK_LIST	task_inst	timestamp
SPEC_TASK_LIST	task_linked_ctnr_id	string
SPEC_TASK_LIST	task_group	string
SPEC_TASK_LIST	task_action_qty	int
SPEC_TASK_LIST	task_charge_id	decimal(18,0)
SPEC_TASK_LIST	task_charge_qty	int
SPEC_TASK_LIST	task_int_lab_id	string
SPEC_TASK_LIST	task_level	int
SPEC_TASK_LIST	task_block_start_tm	timestamp
SPEC_TASK_LIST	task_block_end_tm	timestamp
SPEC_TASK_LIST	task_notes	string
SPEC_TASK_LIST	task_deleted_yn	string
SPEC_TASK_LIST	task_ap_part_id	string
SPEC_TASK_LIST	task_protocol_id	string
SPEC_TASK_LIST	task_comp_utc_dttm	timestamp
SPEC_TASK_LIST	task_ord_dttm	timestamp
SPEC_TASK_LIST	task_ord_user_id	string
SPEC_TASK_LIST	task_chg_tr_stat_c	int
SPEC_TASK_LIST	task_upd_line	int
SPEC_TASK_LIST	task_upd_alert_id	decimal(18,0)
SPEC_TASK_LIST	test_line	int
SPEC_TASK_LIST	charge_ss_proc_id	decimal(18,0)
SPEC_TASK_LIST	charge_qty_ss	int
SPEC_TASK_LIST	task_refl_order_id	decimal(18,0)
SPEC_TASK_LIST	dl_load_dt	date
SPEC_TASK_LIST	dl_load_ts	timestamp
SPEC_TASK_LIST_SUB	specimen_id	string
SPEC_TASK_LIST_SUB	group_line	int
SPEC_TASK_LIST_SUB	value_line	int
SPEC_TASK_LIST_SUB	cm_phy_owner_id	string
SPEC_TASK_LIST_SUB	cm_log_owner_id	string
SPEC_TASK_LIST_SUB	task_linked_sctr_id	string
SPEC_TASK_LIST_SUB	dl_load_dt	date
SPEC_TASK_LIST_SUB	dl_load_ts	timestamp
SPEC_TEST_REL	specimen_id	string
SPEC_TEST_REL	line	int
SPEC_TEST_REL	lab_id	string
SPEC_TEST_REL	spec_number_rltd	string
SPEC_TEST_REL	spec_tst_id	string
SPEC_TEST_REL	spec_test_pri_c	string
SPEC_TEST_REL	spec_tst_lab_id	string
SPEC_TEST_REL	spec_tst_order_id	decimal(18,0)
SPEC_TEST_REL	spec_tst_prov_id	string
SPEC_TEST_REL	spec_tst_canc_id	string
SPEC_TEST_REL	spec_tst_canc_c	string
SPEC_TEST_REL	spec_tst_canc_inst	timestamp
SPEC_TEST_REL	spec_subm_test_no	string
SPEC_TEST_REL	spec_unvld_result	string
SPEC_TEST_REL	spec_unvld_user	string
SPEC_TEST_REL	spec_tst_ol_sts_c	int
SPEC_TEST_REL	spec_tst_acc_lab_id	string
SPEC_TEST_REL	test_dest_lab_id	string
SPEC_TEST_REL	cm_log_owner_id	string
SPEC_TEST_REL	cm_phy_owner_id	string
SPEC_TEST_REL	spec_tst_canc_com	string
SPEC_TEST_REL	tst_reason_redraw_c	int
SPEC_TEST_REL	tst_reason_redr_com	string
SPEC_TEST_REL	last_recv_dttm	timestamp
SPEC_TEST_REL	redrawn_orders_id	decimal(18,0)
SPEC_TEST_REL	ord_perf_line	int
SPEC_TEST_REL	test_method_id	string
SPEC_TEST_REL	tiered_tat	int
SPEC_TEST_REL	result_to_print_id	string
SPEC_TEST_REL	batch_number	string
SPEC_TEST_REL	verif_status_c	int
SPEC_TEST_REL	order_group_id	decimal(18,0)
SPEC_TEST_REL	tst_cancel_user_id	string
SPEC_TEST_REL	pending_result_ids	string
SPEC_TEST_REL	not_report_flag_c	int
SPEC_TEST_REL	acc_from_dep_id	decimal(18,0)
SPEC_TEST_REL	current_result_id	string
SPEC_TEST_REL	last_recv_utc_dttm	timestamp
SPEC_TEST_REL	lab_chg_trg_flg	int
SPEC_TEST_REL	chg_trg_lvl_c	int
SPEC_TEST_REL	spec_tst_sec_id	string
SPEC_TEST_REL	test_val_status_c	int
SPEC_TEST_REL	test_status_person	string
SPEC_TEST_REL	test_status_dttm	timestamp
SPEC_TEST_REL	tat_overdue_dttm	timestamp
SPEC_TEST_REL	tat_nearing_dttm	timestamp
SPEC_TEST_REL	tst_cancel_utc_dttm	timestamp
SPEC_TEST_REL	test_ver_utc_dttm	timestamp
SPEC_TEST_REL	ordered_utc_dttm	timestamp
SPEC_TEST_REL	order_inst_dttm	timestamp
SPEC_TEST_REL	order_inst_utc_dttm	timestamp
SPEC_TEST_REL	missing_req_data_c	int
SPEC_TEST_REL	reportable_yn	string
SPEC_TEST_REL	level_interaction_c	int
SPEC_TEST_REL	auto_verified_yn	string
SPEC_TEST_REL	delta_yn	string
SPEC_TEST_REL	instrument_error_yn	string
SPEC_TEST_REL	test_result_type_id	string
SPEC_TEST_REL	charge_id	string
SPEC_TEST_REL	tst_stat_abnorms_c	string
SPEC_TEST_REL	gen_workcard_result_type_id	string
SPEC_TEST_REL	lnk_spec_tst_together_yn	string
SPEC_TEST_REL	chrg_method_id	string
SPEC_TEST_REL	chg_upd_flag	int
SPEC_TEST_REL	extra_result_cnt	int
SPEC_TEST_REL	result_cnt	int
SPEC_TEST_REL	batch_queue_ident	string
SPEC_TEST_REL	validated_result_id	string
SPEC_TEST_REL	repeat_cnt	int
SPEC_TEST_REL	del_from_batch_queue	string
SPEC_TEST_REL	order_priority_c	int
SPEC_TEST_REL	shipping_number	int
SPEC_TEST_REL	prev_rslt_disp_flag_c	int
SPEC_TEST_REL	rr_except_list	string
SPEC_TEST_REL	cancel_result_id	string
SPEC_TEST_REL	reflex_triggered_yn	string
SPEC_TEST_REL	source_order_id	decimal(18,0)
SPEC_TEST_REL	performing_method_id	string
SPEC_TEST_REL	dl_load_dt	date
SPEC_TEST_REL	dl_load_ts	timestamp
SPHR_PLAIN_TEXT	smartphrase_id	decimal(18,0)
SPHR_PLAIN_TEXT	line	int
SPHR_PLAIN_TEXT	contact_date	timestamp
SPHR_PLAIN_TEXT	cm_ct_owner_id	string
SPHR_PLAIN_TEXT	plain_text	string
SPHR_PLAIN_TEXT	contact_date_real	double
SPHR_PLAIN_TEXT	cm_phy_owner_id	string
SPHR_PLAIN_TEXT	cm_log_owner_id	string
SPHR_PLAIN_TEXT	dl_load_dt	date
SPHR_PLAIN_TEXT	dl_load_ts	timestamp
STAND_HOV_INST_ORD	order_id	decimal(18,0)
STAND_HOV_INST_ORD	line	int
STAND_HOV_INST_ORD	cm_phy_owner_id	string
STAND_HOV_INST_ORD	cm_log_owner_id	string
STAND_HOV_INST_ORD	stand_ins_ip_ord_id	decimal(18,0)
STAND_HOV_INST_ORD	dl_load_dt	date
STAND_HOV_INST_ORD	dl_load_ts	timestamp
SURGICAL_HX	pat_id	string
SURGICAL_HX	pat_enc_date_real	double
SURGICAL_HX	end_hist_date_real	double
SURGICAL_HX	line	int
SURGICAL_HX	proc_id	decimal(18,0)
SURGICAL_HX	proc_code	string
SURGICAL_HX	surgical_hx_date	string
SURGICAL_HX	comments	string
SURGICAL_HX	proc_comments	string
SURGICAL_HX	contact_date	timestamp
SURGICAL_HX	cm_ct_owner_id	string
SURGICAL_HX	pat_enc_csn_id	decimal(18,0)
SURGICAL_HX	surgical_hx_src_c	int
SURGICAL_HX	hx_lnk_enc_csn	decimal(18,0)
SURGICAL_HX	surgical_hx_srg_csn	decimal(18,0)
SURGICAL_HX	surg_laterality_c	int
SURGICAL_HX	surg_hx_start_dt	timestamp
SURGICAL_HX	surg_hx_end_dt	timestamp
SURGICAL_HX	surg_hx_order_id	decimal(18,0)
SURGICAL_HX	dl_load_dt	date
SURGICAL_HX	dl_load_ts	timestamp
TC_REQUEST_STATUS_HX	comm_id	decimal(18,0)
TC_REQUEST_STATUS_HX	line	int
TC_REQUEST_STATUS_HX	cm_phy_owner_id	string
TC_REQUEST_STATUS_HX	cm_log_owner_id	string
TC_REQUEST_STATUS_HX	request_status_c	int
TC_REQUEST_STATUS_HX	status_update_utc_dttm	timestamp
TC_REQUEST_STATUS_HX	status_update_user_id	string
TC_REQUEST_STATUS_HX	dest_decline_rsn_c	int
TC_REQUEST_STATUS_HX	cancel_status_rsn_c	int
TC_REQUEST_STATUS_HX	status_update_local_dttm	timestamp
TC_REQUEST_STATUS_HX	dl_load_dt	date
TC_REQUEST_STATUS_HX	dl_load_ts	timestamp
TEST_EXPIRATION	test_id	string
TEST_EXPIRATION	line	int
TEST_EXPIRATION	effective_date	timestamp
TEST_EXPIRATION	cm_phy_owner_id	string
TEST_EXPIRATION	cm_log_owner_id	string
TEST_EXPIRATION	cm_ct_owner_id	string
TEST_EXPIRATION	exp_time	int
TEST_EXPIRATION	exp_time_unit_c	int
TEST_EXPIRATION	exp_near	int
TEST_EXPIRATION	exp_near_unit_c	int
TEST_EXPIRATION	dl_load_dt	date
TEST_EXPIRATION	dl_load_ts	timestamp
TEST_MSTR_DB_MAIN	test_id	string
TEST_MSTR_DB_MAIN	test_name	string
TEST_MSTR_DB_MAIN	test_abbr	string
TEST_MSTR_DB_MAIN	test_status_c	int
TEST_MSTR_DB_MAIN	test_susc_yn	string
TEST_MSTR_DB_MAIN	test_noadd_rtype_id	string
TEST_MSTR_DB_MAIN	test_noadd_gw_rtyp	string
TEST_MSTR_DB_MAIN	test_noadd_ow_rtyp	string
TEST_MSTR_DB_MAIN	cm_log_owner_id	string
TEST_MSTR_DB_MAIN	cm_phy_owner_id	string
TEST_MSTR_DB_MAIN	user_auth_yn	string
TEST_MSTR_DB_MAIN	report_name	string
TEST_MSTR_DB_MAIN	rpt_per_100_cell_yn	string
TEST_MSTR_DB_MAIN	scale_factor_wbcs	int
TEST_MSTR_DB_MAIN	diff_count_cell	int
TEST_MSTR_DB_MAIN	rpt_adiff_on_prl_yn	string
TEST_MSTR_DB_MAIN	result_checking_id	decimal(18,0)
TEST_MSTR_DB_MAIN	place_setup_benc_yn	string
TEST_MSTR_DB_MAIN	res_entry_sbench_yn	string
TEST_MSTR_DB_MAIN	excl_sb_tsks_cmp_yn	string
TEST_MSTR_DB_MAIN	allow_addl_tsk_yn	string
TEST_MSTR_DB_MAIN	auto_ver_dis_yn	string
TEST_MSTR_DB_MAIN	auto_ver_manl_yn	string
TEST_MSTR_DB_MAIN	auto_ver_user_id	string
TEST_MSTR_DB_MAIN	auto_ver_pr_rule_id	string
TEST_MSTR_DB_MAIN	auto_ver_fn_rule_id	string
TEST_MSTR_DB_MAIN	qc_auto_ver_dis_yn	string
TEST_MSTR_DB_MAIN	qc_auto_ver_manl_yn	string
TEST_MSTR_DB_MAIN	qc_auto_ver_user_id	string
TEST_MSTR_DB_MAIN	qc_auto_ver_rule_id	string
TEST_MSTR_DB_MAIN	main_pc_hem_title_c	int
TEST_MSTR_DB_MAIN	test_rec_type_c	int
TEST_MSTR_DB_MAIN	auto_res_start_c	int
TEST_MSTR_DB_MAIN	prvnt_edit_resul_yn	string
TEST_MSTR_DB_MAIN	prv_rslt_usr_vrfy_c	int
TEST_MSTR_DB_MAIN	ap_protocol_id	string
TEST_MSTR_DB_MAIN	sci_notatn_ord_mag	int
TEST_MSTR_DB_MAIN	stain_bill_def_yn	string
TEST_MSTR_DB_MAIN	noadd_status_c	int
TEST_MSTR_DB_MAIN	record_deleted_c	int
TEST_MSTR_DB_MAIN	billable_px_lpp_id	decimal(18,0)
TEST_MSTR_DB_MAIN	default_test_mac_id	string
TEST_MSTR_DB_MAIN	org_wkcd_action_id	decimal(18,0)
TEST_MSTR_DB_MAIN	disable_rrrecp_yn	string
TEST_MSTR_DB_MAIN	test_rr_rule_id	string
TEST_MSTR_DB_MAIN	dx_to_use_c	int
TEST_MSTR_DB_MAIN	prevent_template_yn	string
TEST_MSTR_DB_MAIN	ent_replctn_c	int
TEST_MSTR_DB_MAIN	report_auto_diff_yn	string
TEST_MSTR_DB_MAIN	allow_part_auto_ver_yn	string
TEST_MSTR_DB_MAIN	auto_ver_pr_comp_rule_id	string
TEST_MSTR_DB_MAIN	auto_ver_fn_comp_rule_id	string
TEST_MSTR_DB_MAIN	display_name	string
TEST_MSTR_DB_MAIN	crit_push_prelim_rule_id	string
TEST_MSTR_DB_MAIN	crit_push_prelim_uncall_yn	string
TEST_MSTR_DB_MAIN	crit_push_prelim_disable_yn	string
TEST_MSTR_DB_MAIN	crit_push_final_rule_id	string
TEST_MSTR_DB_MAIN	crit_push_final_uncall_yn	string
TEST_MSTR_DB_MAIN	crit_push_final_disable_yn	string
TEST_MSTR_DB_MAIN	result_change_cmt_suppress_yn	string
TEST_MSTR_DB_MAIN	dl_load_dt	date
TEST_MSTR_DB_MAIN	dl_load_ts	timestamp
TPL_CYCLES	treatment_plan_id	decimal(18,0)
TPL_CYCLES	line	int
TPL_CYCLES	cm_phy_owner_id	string
TPL_CYCLES	cm_log_owner_id	string
TPL_CYCLES	cycle_id	string
TPL_CYCLES	cycle_name	string
TPL_CYCLES	cycle_status_c	int
TPL_CYCLES	cycle_start_date	timestamp
TPL_CYCLES	cycle_wait_after	decimal(18,0)
TPL_CYCLES	cycle_max_lead	decimal(18,0)
TPL_CYCLES	cycle_max_lag	decimal(18,0)
TPL_CYCLES	anchor_day	decimal(18,0)
TPL_CYCLES	cycle_created_by_id	string
TPL_CYCLES	cycle_created_on_tm	timestamp
TPL_CYCLES	cycle_comment	string
TPL_CYCLES	cycle_num	int
TPL_CYCLES	cyc_stat_chg_usr_id	string
TPL_CYCLES	cyc_stat_chg_dttm	timestamp
TPL_CYCLES	cyc_stat_chg_comm	string
TPL_CYCLES	cyc_source_uid	string
TPL_CYCLES	prl_cycle_src_id	string
TPL_CYCLES	conversion_cyc_src	int
TPL_CYCLES	conversion_cyc_trgt	int
TPL_CYCLES	cycle_pattern_source_line	int
TPL_CYCLES	dl_load_dt	date
TPL_CYCLES	dl_load_ts	timestamp
TPL_CYCLES	cycle_creation_method_c	int
TPL_INFO	treatment_plan_id	decimal(18,0)
TPL_INFO	cm_phy_owner_id	string
TPL_INFO	cm_log_owner_id	string
TPL_INFO	treatment_plan_name	string
TPL_INFO	plan_status_c	int
TPL_INFO	plan_rec_typ_c	int
TPL_INFO	plan_start_date	timestamp
TPL_INFO	zero_based_yn	string
TPL_INFO	protocol_id	decimal(18,0)
TPL_INFO	protocol_dat	string
TPL_INFO	created_user_id	string
TPL_INFO	created_on_tm	timestamp
TPL_INFO	plan_verif_date_tm	timestamp
TPL_INFO	plan_verif_user_id	string
TPL_INFO	dc_reason_c	string
TPL_INFO	display_name	string
TPL_INFO	first_cycle_num	int
TPL_INFO	start_cycle_num	int
TPL_INFO	pat_id	string
TPL_INFO	pathway_disc_resn_c	int
TPL_INFO	rev_type_c	int
TPL_INFO	rev_next_due	string
TPL_INFO	rev_expires	string
TPL_INFO	trt_goal_c	int
TPL_INFO	tpl_provider_id	string
TPL_INFO	plan_version	int
TPL_INFO	referral_id	decimal(18,0)
TPL_INFO	was_path_suggstd_yn	string
TPL_INFO	path_sug_alt_csn_id	decimal(18,0)
TPL_INFO	deviation_user_id	string
TPL_INFO	deviation_dttm	timestamp
TPL_INFO	deviation_reason_c	int
TPL_INFO	deviation_comment	string
TPL_INFO	last_deviation_dttm	timestamp
TPL_INFO	deviation_requestor_id	string
TPL_INFO	next_planned_date	timestamp
TPL_INFO	infusion_dept_id	decimal(18,0)
TPL_INFO	protocol_contact_date_real	double
TPL_INFO	hold_instant_utc_dttm	timestamp
TPL_INFO	hold_user_id	string
TPL_INFO	hold_reason_c	int
TPL_INFO	hold_comment	string
TPL_INFO	regimen_number	int
TPL_INFO	program_number	int
TPL_INFO	line_of_treatment_c	int
TPL_INFO	protocol_suggestion_source_c	int
TPL_INFO	protocol_link_csn	decimal(18,0)
TPL_INFO	prior_auth_primary_coverage_id	decimal(18,0)
TPL_INFO	creation_state_c	int
TPL_INFO	study_current_version_ident	string
TPL_INFO	bmt_amend_user_id	string
TPL_INFO	bmt_plan_amend_inst_dttm	timestamp
TPL_INFO	referral_status_chng_utc_dttm	timestamp
TPL_INFO	discon_comment	string
TPL_INFO	discon_instant_utc_dttm	timestamp
TPL_INFO	discon_plan_user_id	string
TPL_INFO	last_user_action_utc_dttm	timestamp
TPL_INFO	reconciliation_event_id	string
TPL_INFO	needs_reconciliation_yn	string
TPL_INFO	next_unauth_treatment_day_id	decimal(18,0)
TPL_INFO	instant_of_update_dttm	timestamp
TPL_INFO	record_status_c	int
TPL_INFO	is_plan_deleted_yn	string
TPL_INFO	future_plan_dates_fixed_yn	string
TPL_INFO	path_prim_hsp_pat_enc_csn_id	decimal(18,0)
TPL_INFO	auto_discontinue_enable_yn	string
TPL_INFO	auto_discontinue_inactive_date	timestamp
TPL_INFO	dl_load_dt	date
TPL_INFO	dl_load_ts	timestamp
TPL_INFO	flexible_start_date_priority_c	int
TPL_INFO	flexible_start_date_tol_days	int
TPL_INFO	flex_start_dt_order_priority_c	int
TPL_INFO	treatment_start_date	timestamp
TPL_INFO	referring_prov_id	string
TPL_INFO	eff_end_date	timestamp
TPL_INFO	auto_dc_no_remain_treat_date	timestamp
TPL_TXDAYS	treatment_plan_id	decimal(18,0)
TPL_TXDAYS	line	int
TPL_TXDAYS	cm_phy_owner_id	string
TPL_TXDAYS	cm_log_owner_id	string
TPL_TXDAYS	treatment_day_id	decimal(18,0)
TPL_TXDAYS	treatment_day_src	string
TPL_TXDAYS	tx_day_type_c	string
TPL_TXDAYS	treatment_day_dat	string
TPL_TXDAYS	treatment_day_name	string
TPL_TXDAYS	trt_cycle	string
TPL_TXDAYS	tx_status_chg_date	timestamp
TPL_TXDAYS	treatment_date	timestamp
TPL_TXDAYS	pat_enc_csn_id	decimal(18,0)
TPL_TXDAYS	trt_day_status_c	int
TPL_TXDAYS	trt_day_wait_after	decimal(18,0)
TPL_TXDAYS	trt_day_max_lead	decimal(18,0)
TPL_TXDAYS	trt_day_max_lag	decimal(18,0)
TPL_TXDAYS	trt_day_uniq_id	string
TPL_TXDAYS	trt_day_num	int
TPL_TXDAYS	step_start_dttm	timestamp
TPL_TXDAYS	manual_strt_stp_yn	string
TPL_TXDAYS	manual_strt_user_id	string
TPL_TXDAYS	manual_strt_dttm	timestamp
TPL_TXDAYS	step_duration_secs	decimal(18,0)
TPL_TXDAYS	tx_stat_chg_user_id	string
TPL_TXDAYS	tx_day_unlinkabl_yn	string
TPL_TXDAYS	day_length	int
TPL_TXDAYS	tx_status_chg_dttm	timestamp
TPL_TXDAYS	day_created_by_id	string
TPL_TXDAYS	day_create_dttm	timestamp
TPL_TXDAYS	day_create_comment	string
TPL_TXDAYS	day_source_uid	string
TPL_TXDAYS	tx_planned_dt	timestamp
TPL_TXDAYS	tx_started_dttm	timestamp
TPL_TXDAYS	day_source_csn	decimal(18,0)
TPL_TXDAYS	auto_comp_status_c	int
TPL_TXDAYS	treat_day_contact_date_real	double
TPL_TXDAYS	deferred_from_ln	int
TPL_TXDAYS	conversion_source	int
TPL_TXDAYS	conversion_target	int
TPL_TXDAYS	day_source_instance_num	int
TPL_TXDAYS	tx_sched_date	timestamp
TPL_TXDAYS	tx_sched_conflict_c	int
TPL_TXDAYS	day_pattern_source_line	int
TPL_TXDAYS	dl_load_dt	date
TPL_TXDAYS	dl_load_ts	timestamp
TPL_TXDAYS	day_creation_method_c	int
TPL_UPDATE_INFO	treatment_plan_id	decimal(18,0)
TPL_UPDATE_INFO	line	int
TPL_UPDATE_INFO	cm_phy_owner_id	string
TPL_UPDATE_INFO	cm_log_owner_id	string
TPL_UPDATE_INFO	updated_by_user_id	string
TPL_UPDATE_INFO	updated_on_tm	timestamp
TPL_UPDATE_INFO	updated_in_pat_enc_csn_id	decimal(18,0)
TPL_UPDATE_INFO	dl_load_dt	date
TPL_UPDATE_INFO	dl_load_ts	timestamp
TRANSPLANT_CLASS	summary_block_id	decimal(18,0)
TRANSPLANT_CLASS	line	int
TRANSPLANT_CLASS	cm_phy_owner_id	string
TRANSPLANT_CLASS	cm_log_owner_id	string
TRANSPLANT_CLASS	tx_class_c	int
TRANSPLANT_CLASS	tx_active_coord_id	string
TRANSPLANT_CLASS	dl_load_dt	date
TRANSPLANT_CLASS	dl_load_ts	timestamp
TRANSPLANT_INFO	summary_block_id	decimal(18,0)
TRANSPLANT_INFO	cm_phy_owner_id	string
TRANSPLANT_INFO	cm_log_owner_id	string
TRANSPLANT_INFO	tx_rev_dt	timestamp
TRANSPLANT_INFO	tx_epsd_type_c	int
TRANSPLANT_INFO	tx_num	int
TRANSPLANT_INFO	tx_hist_location	string
TRANSPLANT_INFO	tx_surg_dt	timestamp
TRANSPLANT_INFO	tx_is_historic_yn	string
TRANSPLANT_INFO	tx_epsd_note_hno_id	string
TRANSPLANT_INFO	tx_hist_state_c	string
TRANSPLANT_INFO	tx_hist_county_c	string
TRANSPLANT_INFO	tx_waitlist_dt	timestamp
TRANSPLANT_INFO	tx_dnr_pos_c	int
TRANSPLANT_INFO	tx_discharge_dt	timestamp
TRANSPLANT_INFO	tx_current_stage_c	int
TRANSPLANT_INFO	tx_current_stage_dt	timestamp
TRANSPLANT_INFO	tx_current_status_c	int
TRANSPLANT_INFO	tx_current_reason_c	int
TRANSPLANT_INFO	txp_external_city	string
TRANSPLANT_INFO	admission_dt	timestamp
TRANSPLANT_INFO	bw_unaccept_ag_c	int
TRANSPLANT_INFO	txp_next_review_dt	timestamp
TRANSPLANT_INFO	txp_admit_csn	decimal(18,0)
TRANSPLANT_INFO	in_tpn_dependent_yn	string
TRANSPLANT_INFO	in_iv_dependent_yn	string
TRANSPLANT_INFO	in_oral_feeding_yn	string
TRANSPLANT_INFO	in_tube_feeding_yn	string
TRANSPLANT_INFO	listed_elsewhere	string
TRANSPLANT_INFO	time_to_center	decimal(18,1)
TRANSPLANT_INFO	exhaust_vasc_hem_yn	string
TRANSPLANT_INFO	exhaust_periton_yn	string
TRANSPLANT_INFO	exhaust_in_vasc_yn	string
TRANSPLANT_INFO	loss_vasc_sites_yn	string
TRANSPLANT_INFO	fluid_elec_loss_yn	string
TRANSPLANT_INFO	nonrecon_gitract_yn	string
TRANSPLANT_INFO	txp_referral_dt	timestamp
TRANSPLANT_INFO	tx_hist_phone	string
TRANSPLANT_INFO	tx_hist_fax	string
TRANSPLANT_INFO	tx_hist_coord	string
TRANSPLANT_INFO	tx_hist_center_c	int
TRANSPLANT_INFO	tx_eval_dt	timestamp
TRANSPLANT_INFO	tx_dnr_willing_yn	string
TRANSPLANT_INFO	txp_calc_rfl_date	timestamp
TRANSPLANT_INFO	txp_calc_eval_date	timestamp
TRANSPLANT_INFO	txp_calc_cr_date	timestamp
TRANSPLANT_INFO	txp_calc_admit_date	timestamp
TRANSPLANT_INFO	txp_calc_dischrg_dt	timestamp
TRANSPLANT_INFO	txport_mthd_c	int
TRANSPLANT_INFO	unos_accept	string
TRANSPLANT_INFO	donor_min_wt	decimal(18,2)
TRANSPLANT_INFO	donor_max_wt	decimal(18,2)
TRANSPLANT_INFO	tx_center_wl_dt	timestamp
TRANSPLANT_INFO	episode_status_c	int
TRANSPLANT_INFO	pat_id	string
TRANSPLANT_INFO	txp_ref_prov_id	string
TRANSPLANT_INFO	txp_surgeon_id	string
TRANSPLANT_INFO	txp_calc_eval_end_dt	timestamp
TRANSPLANT_INFO	unos_liver_score	string
TRANSPLANT_INFO	unos_liver_score_dt	timestamp
TRANSPLANT_INFO	unos_liver_is_peld_yn	string
TRANSPLANT_INFO	unos_liver_is_status_yn	string
TRANSPLANT_INFO	unos_heart_status	string
TRANSPLANT_INFO	unos_heart_status_dt	timestamp
TRANSPLANT_INFO	unos_las	decimal(18,4)
TRANSPLANT_INFO	unos_las_dt	timestamp
TRANSPLANT_INFO	unos_cpra	int
TRANSPLANT_INFO	unos_cpra_dt	timestamp
TRANSPLANT_INFO	txp_eval_end_dt	timestamp
TRANSPLANT_INFO	unos_in_status	string
TRANSPLANT_INFO	unos_in_status_dt	timestamp
TRANSPLANT_INFO	txp_center_c	int
TRANSPLANT_INFO	txp_surg_dttm	timestamp
TRANSPLANT_INFO	txp_center_at_referral_c	int
TRANSPLANT_INFO	txp_center_at_evaluation_c	int
TRANSPLANT_INFO	txp_center_at_waitlist_c	int
TRANSPLANT_INFO	txp_center_at_committee_c	int
TRANSPLANT_INFO	txp_center_at_transplant_c	int
TRANSPLANT_INFO	txp_calc_surg_date	timestamp
TRANSPLANT_INFO	txp_calc_waitlist_date	timestamp
TRANSPLANT_INFO	height_at_txp	decimal(18,3)
TRANSPLANT_INFO	weight_at_txp	decimal(18,2)
TRANSPLANT_INFO	tobacco_use_at_txp_c	int
TRANSPLANT_INFO	alcohol_use_at_txp_c	int
TRANSPLANT_INFO	drug_use_at_txp_c	int
TRANSPLANT_INFO	unos_cas	decimal(18,4)
TRANSPLANT_INFO	unos_cas_date	timestamp
TRANSPLANT_INFO	dl_load_dt	date
TRANSPLANT_INFO	dl_load_ts	timestamp
TREATMENT_TEAM	pat_enc_csn_id	decimal(18,0)
TREATMENT_TEAM	line	int
TREATMENT_TEAM	pat_id	string
TREATMENT_TEAM	pat_enc_date_real	double
TREATMENT_TEAM	contact_date	timestamp
TREATMENT_TEAM	cm_ct_owner_id	string
TREATMENT_TEAM	tr_team_bill_pr_id	string
TREATMENT_TEAM	tr_team_em_code_id	decimal(18,0)
TREATMENT_TEAM	tr_team_em_req_c	int
TREATMENT_TEAM	tr_team_spec_c	string
TREATMENT_TEAM	tr_team_comment	string
TREATMENT_TEAM	tr_team_isde_yn	string
TREATMENT_TEAM	tr_team_bill_yn	string
TREATMENT_TEAM	tr_team_id	string
TREATMENT_TEAM	tr_team_rel_c	string
TREATMENT_TEAM	tr_team_comm_c	int
TREATMENT_TEAM	tr_team_info_c	string
TREATMENT_TEAM	tr_team_dep_id	decimal(18,0)
TREATMENT_TEAM	tr_team_beg_dttm	timestamp
TREATMENT_TEAM	tr_team_end_dttm	timestamp
TREATMENT_TEAM	tr_team_pos_id	decimal(18,0)
TREATMENT_TEAM	tr_team_ed_yn	string
TREATMENT_TEAM	tr_team_team_add_yn	string
TREATMENT_TEAM	tr_team_addr_id	string
TREATMENT_TEAM	tr_team_src_csn_id	decimal(18,0)
TREATMENT_TEAM	dl_load_dt	date
TREATMENT_TEAM	dl_load_ts	timestamp
TRG_BLOCK_INFO	regimen_id	decimal(18,0)
TRG_BLOCK_INFO	contact_date_real	double
TRG_BLOCK_INFO	line	int
TRG_BLOCK_INFO	contact_dt	timestamp
TRG_BLOCK_INFO	cm_ct_owner_id	string
TRG_BLOCK_INFO	block_id	string
TRG_BLOCK_INFO	block_dat	string
TRG_BLOCK_INFO	block_ini	string
TRG_BLOCK_INFO	block_duration	decimal(18,0)
TRG_BLOCK_INFO	block_cat_c	string
TRG_BLOCK_INFO	block_wait_after	decimal(18,0)
TRG_BLOCK_INFO	block_wait_from_c	int
TRG_BLOCK_INFO	block_max_lead	decimal(18,0)
TRG_BLOCK_INFO	block_max_lag	decimal(18,0)
TRG_BLOCK_INFO	block_source	string
TRG_BLOCK_INFO	block_otp_id	decimal(18,0)
TRG_BLOCK_INFO	child_display_name	string
TRG_BLOCK_INFO	child_ssc_id	decimal(18,0)
TRG_BLOCK_INFO	tmpl_selected_yn	string
TRG_BLOCK_INFO	child_recommend_yn	string
TRG_BLOCK_INFO	child_rec_ovr_rsn_c	int
TRG_BLOCK_INFO	child_recom_ovr_cmt	string
TRG_BLOCK_INFO	block_src_day_uid	string
TRG_BLOCK_INFO	src_aog_order_id	decimal(18,0)
TRG_BLOCK_INFO	order_rank	int
TRG_BLOCK_INFO	conversion_status_c	int
TRG_BLOCK_INFO	conversion_src_id	decimal(18,0)
TRG_BLOCK_INFO	dl_load_dt	date
TRG_BLOCK_INFO	dl_load_ts	timestamp
TRG_DEL_BLOCK_INFO	regimen_id	decimal(18,0)
TRG_DEL_BLOCK_INFO	contact_date_real	double
TRG_DEL_BLOCK_INFO	line	int
TRG_DEL_BLOCK_INFO	contact_dt	timestamp
TRG_DEL_BLOCK_INFO	deleted_block_id	decimal(18,0)
TRG_DEL_BLOCK_INFO	deleted_block_cat_c	string
TRG_DEL_BLOCK_INFO	del_blk_src_day_uid	string
TRG_DEL_BLOCK_INFO	del_ord_src_aog_id	decimal(18,0)
TRG_DEL_BLOCK_INFO	deleted_source_otp_id	decimal(18,0)
TRG_DEL_BLOCK_INFO	dl_load_dt	date
TRG_DEL_BLOCK_INFO	dl_load_ts	timestamp
TRG_INFO	regimen_id	decimal(18,0)
TRG_INFO	cm_phy_owner_id	string
TRG_INFO	cm_log_owner_id	string
TRG_INFO	regimen_name	string
TRG_INFO	defer_day_rsn_c	int
TRG_INFO	cancel_day_rsn_c	int
TRG_INFO	status_comments	string
TRG_INFO	trg_tpl_id	decimal(18,0)
TRG_INFO	trg_status_c	int
TRG_INFO	rec_type_c	int
TRG_INFO	sg_pathway_id	decimal(18,0)
TRG_INFO	given_exter_rsn_c	int
TRG_INFO	rec_archived_yn	string
TRG_INFO	rec_event_id	string
TRG_INFO	needs_rec_yn	string
TRG_INFO	tx_remove_reason_c	int
TRG_INFO	tx_remove_comments	string
TRG_INFO	tx_remove_utc_dttm	timestamp
TRG_INFO	tx_remove_emp_id	string
TRG_INFO	instant_of_update_dttm	timestamp
TRG_INFO	record_status_c	int
TRG_INFO	is_treatment_day_deleted_yn	string
TRG_INFO	is_trt_day_del_by_plan_conv_yn	string
TRG_INFO	pat_id	string
TRG_INFO	dl_load_dt	date
TRG_INFO	dl_load_ts	timestamp
TRTTEAM_AUDIT	pat_enc_csn_id	decimal(18,0)
TRTTEAM_AUDIT	line	int
TRTTEAM_AUDIT	pat_id	string
TRTTEAM_AUDIT	pat_enc_date_real	double
TRTTEAM_AUDIT	contact_date	timestamp
TRTTEAM_AUDIT	cm_ct_owner_id	string
TRTTEAM_AUDIT	tt_user_id	string
TRTTEAM_AUDIT	tt_edit_instant	timestamp
TRTTEAM_AUDIT	tt_action_c	int
TRTTEAM_AUDIT	tt_provider_id	string
TRTTEAM_AUDIT	tt_role_c	string
TRTTEAM_AUDIT	tt_care_team_id	decimal(18,0)
TRTTEAM_AUDIT	tt_ed_prov_yn	string
TRTTEAM_AUDIT	dl_load_dt	date
TRTTEAM_AUDIT	dl_load_ts	timestamp
TX_DIAG	tx_id	decimal(18,0)
TX_DIAG	line	int
TX_DIAG	post_date	timestamp
TX_DIAG	serv_area_id	decimal(18,0)
TX_DIAG	dx_id	decimal(18,0)
TX_DIAG	icd9_code	string
TX_DIAG	cm_phy_owner_id	string
TX_DIAG	cm_log_owner_id	string
TX_DIAG	dx_qualifier_c	string
TX_DIAG	dl_load_dt	date
TX_DIAG	dl_load_ts	timestamp
TXP_CURRENT_MELD_PELD_HX	summary_block_id	decimal(18,0)
TXP_CURRENT_MELD_PELD_HX	line	int
TXP_CURRENT_MELD_PELD_HX	cm_phy_owner_id	string
TXP_CURRENT_MELD_PELD_HX	cm_log_owner_id	string
TXP_CURRENT_MELD_PELD_HX	current_score	int
TXP_CURRENT_MELD_PELD_HX	current_status_c	int
TXP_CURRENT_MELD_PELD_HX	current_score_type	string
TXP_CURRENT_MELD_PELD_HX	current_exception_c	int
TXP_CURRENT_MELD_PELD_HX	current_start_date	timestamp
TXP_CURRENT_MELD_PELD_HX	current_end_date	timestamp
TXP_CURRENT_MELD_PELD_HX	cur_exception_other	string
TXP_CURRENT_MELD_PELD_HX	score_history_line	int
TXP_CURRENT_MELD_PELD_HX	dl_load_dt	date
TXP_CURRENT_MELD_PELD_HX	dl_load_ts	timestamp
UAL_ACTIVITY_HOURS	ual_activity_hour_key	decimal(18,0)
UAL_ACTIVITY_HOURS	user_id	string
UAL_ACTIVITY_HOURS	cm_phy_owner_id	string
UAL_ACTIVITY_HOURS	cm_log_owner_id	string
UAL_ACTIVITY_HOURS	workstation_id	string
UAL_ACTIVITY_HOURS	activity_hour_dttm	timestamp
UAL_ACTIVITY_HOURS	activity_hour_utc_dttm	timestamp
UAL_ACTIVITY_HOURS	workspace_kind	string
UAL_ACTIVITY_HOURS	workspace_subkind	string
UAL_ACTIVITY_HOURS	pat_enc_csn_id	decimal(18,0)
UAL_ACTIVITY_HOURS	activity_id	decimal(18,0)
UAL_ACTIVITY_HOURS	epic_released_activity_id	decimal(18,0)
UAL_ACTIVITY_HOURS	history_point_ini	string
UAL_ACTIVITY_HOURS	history_point_id	string
UAL_ACTIVITY_HOURS	epic_released_history_point_id	string
UAL_ACTIVITY_HOURS	pane_focus_type_c	int
UAL_ACTIVITY_HOURS	number_of_minutes_active	int
UAL_ACTIVITY_HOURS	activity_visit_count	int
UAL_ACTIVITY_HOURS	client_app_target_c	int
UAL_ACTIVITY_HOURS	number_of_seconds_active	int
UAL_ACTIVITY_HOURS	history_point_item	decimal(19,1)
UAL_ACTIVITY_HOURS	number_of_seconds_active_q1	int
UAL_ACTIVITY_HOURS	number_of_seconds_active_q2	int
UAL_ACTIVITY_HOURS	number_of_seconds_active_q3	int
UAL_ACTIVITY_HOURS	number_of_seconds_active_q4	int
UAL_ACTIVITY_HOURS	connection_mode_c	int
UAL_ACTIVITY_HOURS	dl_load_dt	date
UAL_ACTIVITY_HOURS	dl_load_ts	timestamp
UAL_LOGIN_EVENTS	ual_login_event_key	decimal(18,0)
UAL_LOGIN_EVENTS	user_id	string
UAL_LOGIN_EVENTS	cm_phy_owner_id	string
UAL_LOGIN_EVENTS	cm_log_owner_id	string
UAL_LOGIN_EVENTS	workstation_id	string
UAL_LOGIN_EVENTS	login_action_dttm	timestamp
UAL_LOGIN_EVENTS	login_action_utc_dttm	timestamp
UAL_LOGIN_EVENTS	login_type_c	int
UAL_LOGIN_EVENTS	client_app_target_c	int
UAL_LOGIN_EVENTS	department_id	decimal(18,0)
UAL_LOGIN_EVENTS	os_user_name	string
UAL_LOGIN_EVENTS	is_nurse_yn	string
UAL_LOGIN_EVENTS	is_physician_yn	string
UAL_LOGIN_EVENTS	is_surgeon_yn	string
UAL_LOGIN_EVENTS	is_anesthesiologist_yn	string
UAL_LOGIN_EVENTS	is_resident_yn	string
UAL_LOGIN_EVENTS	is_app_yn	string
UAL_LOGIN_EVENTS	is_dentist_yn	string
UAL_LOGIN_EVENTS	is_medical_assistant_yn	string
UAL_LOGIN_EVENTS	is_physical_therapist_yn	string
UAL_LOGIN_EVENTS	is_occupational_therapist_yn	string
UAL_LOGIN_EVENTS	is_speech_lang_pathologist_yn	string
UAL_LOGIN_EVENTS	is_therapist_yn	string
UAL_LOGIN_EVENTS	is_respiratory_therapist_yn	string
UAL_LOGIN_EVENTS	is_phlebotomist_yn	string
UAL_LOGIN_EVENTS	is_pat_care_tech_yn	string
UAL_LOGIN_EVENTS	is_non_clinical_user_yn	string
UAL_LOGIN_EVENTS	dl_load_dt	date
UAL_LOGIN_EVENTS	dl_load_ts	timestamp
UTILIZATION	utilization_id	decimal(18,0)
UTILIZATION	cm_phy_owner_id	string
UTILIZATION	cm_log_owner_id	string
UTILIZATION	utilization_type_c	int
UTILIZATION	utilization_date	timestamp
UTILIZATION	utilization_group_id	decimal(18,0)
UTILIZATION	location_id	decimal(18,0)
UTILIZATION	block_id	decimal(18,0)
UTILIZATION	room_id	string
UTILIZATION	case_id	string
UTILIZATION	log_id	string
UTILIZATION	available_time	int
UTILIZATION	manual_released_time	int
UTILIZATION	perform_procedure_in	int
UTILIZATION	perform_procedure_overbook	int
UTILIZATION	perform_procedure_out	int
UTILIZATION	perform_setup_cleanup_in	int
UTILIZATION	perform_setup_cleanup_overbook	int
UTILIZATION	perform_setup_cleanup_out	int
UTILIZATION	perform_num_cases	decimal(18,0)
UTILIZATION	perform_num_surgeons	decimal(18,0)
UTILIZATION	perform_num_blocks	decimal(18,0)
UTILIZATION	sched_procedure_in	int
UTILIZATION	sched_procedure_overbook	int
UTILIZATION	sched_procedure_out	int
UTILIZATION	sched_setup_cleanup_in	int
UTILIZATION	sched_setup_cleanup_overbook	int
UTILIZATION	sched_setup_cleanup_out	int
UTILIZATION	sched_num_cases	decimal(18,0)
UTILIZATION	sched_num_surgeons	decimal(18,0)
UTILIZATION	sched_num_blocks	decimal(18,0)
UTILIZATION	last_run_block_dttm	timestamp
UTILIZATION	last_run_room_dttm	timestamp
UTILIZATION	record_status_c	int
UTILIZATION	record_creation_date	timestamp
UTILIZATION	instant_of_update_dttm	timestamp
UTILIZATION	converted_rec_yn	string
UTILIZATION	department_id	decimal(18,0)
UTILIZATION	proc_enc_csn_id	decimal(18,0)
UTILIZATION	dl_load_dt	date
UTILIZATION	dl_load_ts	timestamp
UTILIZATION	case_log_room_id	string
UTILIZATION	affect_by_pat_del_yn	string
V_CANCER_STAGING	stage_id	decimal(18,0)
V_CANCER_STAGING	contact_date_real	double
V_CANCER_STAGING	contact_date	date
V_CANCER_STAGING	cm_phy_owner_id	string
V_CANCER_STAGING	cm_log_owner_id	string
V_CANCER_STAGING	cm_ct_owner_id	string
V_CANCER_STAGING	contact_num	int
V_CANCER_STAGING	most_recent_contact_yn	string
V_CANCER_STAGING	stg_csn	decimal(18,0)
V_CANCER_STAGING	record_status_c	int
V_CANCER_STAGING	pat_id	string
V_CANCER_STAGING	pat_enc_csn_id	decimal(18,0)
V_CANCER_STAGING	pat_enc_dept_id	decimal(18,0)
V_CANCER_STAGING	pat_enc_dept_name	string
V_CANCER_STAGING	user_login_dept_id	decimal(18,0)
V_CANCER_STAGING	user_login_dept_name	string
V_CANCER_STAGING	stage_edit_datetime	timestamp
V_CANCER_STAGING	stage_edit_user_id	string
V_CANCER_STAGING	stg_def_id	decimal(18,0)
V_CANCER_STAGING	stg_def_contact_date_real	decimal(18,2)
V_CANCER_STAGING	stg_def_csn	decimal(18,0)
V_CANCER_STAGING	problem_list_id	decimal(18,0)
V_CANCER_STAGING	body_site_c	int
V_CANCER_STAGING	body_site_name	string
V_CANCER_STAGING	uncertain_primary_site_yn	string
V_CANCER_STAGING	stage_method_c	int
V_CANCER_STAGING	stage_method_name	string
V_CANCER_STAGING	classification_c	int
V_CANCER_STAGING	classification_name	string
V_CANCER_STAGING	data_model_version_c	int
V_CANCER_STAGING	staging_date	timestamp
V_CANCER_STAGING	stage_status_c	int
V_CANCER_STAGING	stage_status_name	string
V_CANCER_STAGING	sign_user_id	string
V_CANCER_STAGING	sign_datetime	timestamp
V_CANCER_STAGING	clinical_staged_by_c	string
V_CANCER_STAGING	clinical_staged_by_name	string
V_CANCER_STAGING	free_text_stage	string
V_CANCER_STAGING	stage_group_c	string
V_CANCER_STAGING	stage_group_name	string
V_CANCER_STAGING	figo_stage_c	string
V_CANCER_STAGING	figo_stage_name	string
V_CANCER_STAGING	stage_group_summary	string
V_CANCER_STAGING	stage_description	string
V_CANCER_STAGING	primary_tumor_c	string
V_CANCER_STAGING	primary_tumor_name	string
V_CANCER_STAGING	regional_lymph_nodes_c	string
V_CANCER_STAGING	regional_lymph_nodes_name	string
V_CANCER_STAGING	distant_metastasis_c	string
V_CANCER_STAGING	distant_metastasis_name	string
V_CANCER_STAGING	histologic_grade_c	string
V_CANCER_STAGING	histologic_grade_name	string
V_CANCER_STAGING	serum_tumor_markers_c	string
V_CANCER_STAGING	serum_tumor_markers_name	string
V_CANCER_STAGING	stage_prefix_c	string
V_CANCER_STAGING	stage_prefix_name	string
V_CANCER_STAGING	peripheral_blood_involve_c	string
V_CANCER_STAGING	peripheral_blood_involve_name	string
V_CANCER_STAGING	histologic_grading_system_c	string
V_CANCER_STAGING	histologic_grading_system_name	string
V_CANCER_STAGING	lymphatic_vascular_inv_c	string
V_CANCER_STAGING	lymphatic_vascular_inv_name	string
V_CANCER_STAGING	lymphatic_vessel_inv_c	string
V_CANCER_STAGING	lymphatic_vessel_inv_name	string
V_CANCER_STAGING	venous_invasion_c	string
V_CANCER_STAGING	venous_invasion_name	string
V_CANCER_STAGING	residual_tumor_c	string
V_CANCER_STAGING	residual_tumor_name	string
V_CANCER_STAGING	risk_score_c	string
V_CANCER_STAGING	risk_score_name	string
V_CANCER_STAGING	risk_score	string
V_CANCER_STAGING	multiple_tumors_yn	string
V_CANCER_STAGING	number_of_tumors	string
V_CANCER_STAGING	laterality_c	string
V_CANCER_STAGING	laterality_name	string
V_CANCER_STAGING	tumor_size_mm	string
V_CANCER_STAGING	first_tumor_size_dimension_mm	string
V_CANCER_STAGING	second_tumor_size_dimension_mm	string
V_CANCER_STAGING	third_tumor_size_dimension_mm	string
V_CANCER_STAGING	tumor_thickness_mm	string
V_CANCER_STAGING	largest_reg_lymph_node_mm	string
V_CANCER_STAGING	largest_lymph_tumor_dep_mm	string
V_CANCER_STAGING	reg_lymph_node_tumor_nest_mm	string
V_CANCER_STAGING	specimen_type_c	string
V_CANCER_STAGING	specimen_type_name	string
V_CANCER_STAGING	histopathologic_type_c	string
V_CANCER_STAGING	histopathologic_type_name	string
V_CANCER_STAGING	diagnostic_confirmation_c	string
V_CANCER_STAGING	diagnostic_confirmation_name	string
V_CANCER_STAGING	metastatic_biopsy_performed_yn	string
V_CANCER_STAGING	metastatic_spec_source_c	int
V_CANCER_STAGING	metastatic_spec_source_name	int
V_CANCER_STAGING	nodes_examined	string
V_CANCER_STAGING	positive_nodes	string
V_CANCER_STAGING	gleason_pattern_primary	string
V_CANCER_STAGING	gleason_pattern_secondary	string
V_CANCER_STAGING	gleason_pattern_tertiary	string
V_CANCER_STAGING	gleason_score	string
V_CANCER_STAGING	psa_level	string
V_CANCER_STAGING	psa_range_c	string
V_CANCER_STAGING	psa_range_name	string
V_CANCER_STAGING	fibrosis_c	string
V_CANCER_STAGING	fibrosis_name	string
V_CANCER_STAGING	fibrosis_score	string
V_CANCER_STAGING	visual_acuity	string
V_CANCER_STAGING	her2_status_c	string
V_CANCER_STAGING	her2_status_name	string
V_CANCER_STAGING	prog_receptor_status_c	string
V_CANCER_STAGING	prog_receptor_status_name	string
V_CANCER_STAGING	estrogen_receptor_status_c	string
V_CANCER_STAGING	estrogen_receptor_status_name	string
V_CANCER_STAGING	kras_gene_analysis_c	string
V_CANCER_STAGING	kras_gene_analysis_name	string
V_CANCER_STAGING	cea_level	string
V_CANCER_STAGING	dl_load_dt	date
V_CANCER_STAGING	dl_load_ts	timestamp
V_CASE_SCHEDULE_CHANGE	case_id	string
V_CASE_SCHEDULE_CHANGE	log_id	string
V_CASE_SCHEDULE_CHANGE	action_c	int
V_CASE_SCHEDULE_CHANGE	action_nm	string
V_CASE_SCHEDULE_CHANGE	general_action_nm	string
V_CASE_SCHEDULE_CHANGE	action_dttm	timestamp
V_CASE_SCHEDULE_CHANGE	audit_user_id	string
V_CASE_SCHEDULE_CHANGE	audit_user_nm	string
V_CASE_SCHEDULE_CHANGE	audit_user_nm_wid	string
V_CASE_SCHEDULE_CHANGE	resched_to_date	timestamp
V_CASE_SCHEDULE_CHANGE	add_on_case_sch_yn	string
V_CASE_SCHEDULE_CHANGE	action_after_sched_finalize_yn	string
V_CASE_SCHEDULE_CHANGE	cancellation_reason_bucket	int
V_CASE_SCHEDULE_CHANGE	cancellation_reason_nm	string
V_CASE_SCHEDULE_CHANGE	cancellation_comments	string
V_CASE_SCHEDULE_CHANGE	cancellation_rsn_and_comments	string
V_CASE_SCHEDULE_CHANGE	cancel_resched_action_rsn_c	int
V_CASE_SCHEDULE_CHANGE	cancel_resched_action_rsn_cmts	string
V_CASE_SCHEDULE_CHANGE	proc_not_perform_phase_c	int
V_CASE_SCHEDULE_CHANGE	proc_not_perform_phase_nm	string
V_CASE_SCHEDULE_CHANGE	proc_not_perform_reason_c	int
V_CASE_SCHEDULE_CHANGE	proc_not_perform_comments	string
V_CASE_SCHEDULE_CHANGE	case_dttm	timestamp
V_CASE_SCHEDULE_CHANGE	case_day_of_week	string
V_CASE_SCHEDULE_CHANGE	case_day_num_of_week	int
V_CASE_SCHEDULE_CHANGE	case_month_number	int
V_CASE_SCHEDULE_CHANGE	case_month_name	string
V_CASE_SCHEDULE_CHANGE	case_year	int
V_CASE_SCHEDULE_CHANGE	case_year_and_month	string
V_CASE_SCHEDULE_CHANGE	case_week_of_year	int
V_CASE_SCHEDULE_CHANGE	case_weekend_yn	string
V_CASE_SCHEDULE_CHANGE	case_holiday_yn	string
V_CASE_SCHEDULE_CHANGE	audit_hrs_bef_proc	int
V_CASE_SCHEDULE_CHANGE	audit_days_bef_proc	int
V_CASE_SCHEDULE_CHANGE	case_length	int
V_CASE_SCHEDULE_CHANGE	primary_procedure_id	string
V_CASE_SCHEDULE_CHANGE	primary_procedure_nm	string
V_CASE_SCHEDULE_CHANGE	primary_procedure_nm_wid	string
V_CASE_SCHEDULE_CHANGE	primary_physician_id	string
V_CASE_SCHEDULE_CHANGE	primary_physician_nm	string
V_CASE_SCHEDULE_CHANGE	primary_physician_nm_wid	string
V_CASE_SCHEDULE_CHANGE	primary_physician_cred	string
V_CASE_SCHEDULE_CHANGE	service_c	string
V_CASE_SCHEDULE_CHANGE	service_nm	string
V_CASE_SCHEDULE_CHANGE	patient_class_c	string
V_CASE_SCHEDULE_CHANGE	patient_class_nm	string
V_CASE_SCHEDULE_CHANGE	patient_class_group	string
V_CASE_SCHEDULE_CHANGE	location_id	decimal(18,0)
V_CASE_SCHEDULE_CHANGE	location_nm	string
V_CASE_SCHEDULE_CHANGE	location_nm_wid	string
V_CASE_SCHEDULE_CHANGE	case_date	date
V_CASE_SCHEDULE_CHANGE	action_date	date
V_CASE_SCHEDULE_CHANGE	include_org_cancel_report_yn	string
V_CASE_SCHEDULE_CHANGE	dl_load_dt	date
V_CASE_SCHEDULE_CHANGE	dl_load_ts	timestamp
V_CUBE_D_DEP_LOC	department_id	decimal(18,0)
V_CUBE_D_DEP_LOC	department_name	string
V_CUBE_D_DEP_LOC	department_display_name	string
V_CUBE_D_DEP_LOC	department_specialty	string
V_CUBE_D_DEP_LOC	location_id	decimal(18,0)
V_CUBE_D_DEP_LOC	location_name	string
V_CUBE_D_DEP_LOC	location_display_name	string
V_CUBE_D_DEP_LOC	location_type	string
V_CUBE_D_DEP_LOC	pos_type	string
V_CUBE_D_DEP_LOC	service_area_id	decimal(18,0)
V_CUBE_D_DEP_LOC	dl_load_dt	date
V_CUBE_D_DEP_LOC	dl_load_ts	timestamp
V_CUBE_D_PROVIDER	provider_id	string
V_CUBE_D_PROVIDER	provider_name	string
V_CUBE_D_PROVIDER	provider_display_name	string
V_CUBE_D_PROVIDER	provider_type	string
V_CUBE_D_PROVIDER	staff_resource	string
V_CUBE_D_PROVIDER	primary_specialty	string
V_CUBE_D_PROVIDER	is_resident_yn	string
V_CUBE_D_PROVIDER	clinician_title	string
V_CUBE_D_PROVIDER	dl_load_dt	date
V_CUBE_D_PROVIDER	dl_load_ts	timestamp
V_EHI_DXR_LINKED_PATS	document_id	decimal(22,0)
V_EHI_DXR_LINKED_PATS	pat_id	string
V_EHI_DXR_LINKED_PATS	cm_phy_owner_id	string
V_EHI_DXR_LINKED_PATS	cm_log_owner_id	string
V_EHI_DXR_LINKED_PATS	dl_load_dt	date
V_EHI_DXR_LINKED_PATS	dl_load_ts	timestamp
V_IMG_STUDY	order_id	decimal(18,0)
V_IMG_STUDY	pat_id	string
V_IMG_STUDY	pat_mrn_id	string
V_IMG_STUDY	pat_name	string
V_IMG_STUDY	pat_nm_wmrn	string
V_IMG_STUDY	pat_sex_c	string
V_IMG_STUDY	pat_age_at_exam	int
V_IMG_STUDY	accession_num	string
V_IMG_STUDY	ordering_login_dep_id	decimal(18,0)
V_IMG_STUDY	ordering_contact_dep_id	decimal(18,0)
V_IMG_STUDY	ordering_csn_id	decimal(18,0)
V_IMG_STUDY	performing_csn_id	decimal(18,0)
V_IMG_STUDY	performing_dep_id	decimal(18,0)
V_IMG_STUDY	performing_prov_id	string
V_IMG_STUDY	study_status_c	int
V_IMG_STUDY	ordering_prov_id	string
V_IMG_STUDY	authorizing_prov_id	string
V_IMG_STUDY	ordering_dttm	timestamp
V_IMG_STUDY	end_exam_dttm	timestamp
V_IMG_STUDY	finalizing_dttm	timestamp
V_IMG_STUDY	finalizing_prov_id	string
V_IMG_STUDY	log_id	string
V_IMG_STUDY	proc_id	decimal(18,0)
V_IMG_STUDY	proc_line	int
V_IMG_STUDY	proc_name	string
V_IMG_STUDY	proc_code	string
V_IMG_STUDY	proc_cat_id	string
V_IMG_STUDY	num_cpt_codes	int
V_IMG_STUDY	is_canceled_yn	string
V_IMG_STUDY	begin_exam_dttm	timestamp
V_IMG_STUDY	study_grp_order_id	decimal(18,0)
V_IMG_STUDY	original_order_id	decimal(18,0)
V_IMG_STUDY	referral_id	decimal(18,0)
V_IMG_STUDY	pat_class_c	string
V_IMG_STUDY	max_ord_date_real	double
V_IMG_STUDY	tech_user_id	string
V_IMG_STUDY	dictating_user_id	string
V_IMG_STUDY	dictating_dttm	timestamp
V_IMG_STUDY	trans_user_id	string
V_IMG_STUDY	trans_dttm	timestamp
V_IMG_STUDY	sched_exam_dttm	timestamp
V_IMG_STUDY	sched_on_dttm	timestamp
V_IMG_STUDY	ord_proc_id	decimal(18,0)
V_IMG_STUDY	checkin_dttm	timestamp
V_IMG_STUDY	pps_start_dttm	timestamp
V_IMG_STUDY	pps_end_dttm	timestamp
V_IMG_STUDY	canceling_dttm	timestamp
V_IMG_STUDY	canceling_user_id	string
V_IMG_STUDY	result_note_csn	decimal(18,0)
V_IMG_STUDY	abnormal_yn	string
V_IMG_STUDY	interesting_study_c	int
V_IMG_STUDY	order_priority_c	int
V_IMG_STUDY	hsp_account_id	decimal(18,0)
V_IMG_STUDY	performing_loc_id	decimal(18,0)
V_IMG_STUDY	prelim_user_id	string
V_IMG_STUDY	prelim_dttm	timestamp
V_IMG_STUDY	dl_load_dt	date
V_IMG_STUDY	dl_load_ts	timestamp
V_LOG_BASED	log_id	string
V_LOG_BASED	case_id	string
V_LOG_BASED	pat_id	string
V_LOG_BASED	pat_age	int
V_LOG_BASED	patient_class_c	string
V_LOG_BASED	patient_class_nm	string
V_LOG_BASED	patient_class_group	string
V_LOG_BASED	case_class_c	int
V_LOG_BASED	case_class_nm	string
V_LOG_BASED	log_status_c	int
V_LOG_BASED	log_status_nm	string
V_LOG_BASED	add_on_case_man_yn	string
V_LOG_BASED	add_on_case_sch_yn	string
V_LOG_BASED	primary_physician_id	string
V_LOG_BASED	primary_physician_nm	string
V_LOG_BASED	primary_physician_nm_wid	string
V_LOG_BASED	primary_physician_cred	string
V_LOG_BASED	secondary_physician_id	string
V_LOG_BASED	secondary_physician_nm	string
V_LOG_BASED	secondary_physician_nm_wid	string
V_LOG_BASED	secondary_physician_cred	string
V_LOG_BASED	service_c	string
V_LOG_BASED	service_nm	string
V_LOG_BASED	primary_procedure_id	string
V_LOG_BASED	primary_procedure_nm	string
V_LOG_BASED	primary_procedure_nm_wid	string
V_LOG_BASED	location_id	decimal(18,0)
V_LOG_BASED	location_nm	string
V_LOG_BASED	location_nm_wid	string
V_LOG_BASED	room_id	string
V_LOG_BASED	room_nm	string
V_LOG_BASED	room_nm_wid	string
V_LOG_BASED	primary_circulator_id	string
V_LOG_BASED	primary_circulator_nm	string
V_LOG_BASED	primary_circulator_nm_wid	string
V_LOG_BASED	primary_circulator_cred	string
V_LOG_BASED	primary_surg_tech_id	string
V_LOG_BASED	primary_surg_tech_nm	string
V_LOG_BASED	primary_surg_tech_nm_wid	string
V_LOG_BASED	primary_surg_tech_cred	string
V_LOG_BASED	first_anes_id	string
V_LOG_BASED	first_anes_nm	string
V_LOG_BASED	first_anes_nm_wid	string
V_LOG_BASED	first_anes_cred	string
V_LOG_BASED	proc_date	timestamp
V_LOG_BASED	proc_day_num_of_week	int
V_LOG_BASED	proc_day_of_week	string
V_LOG_BASED	proc_month_number	int
V_LOG_BASED	proc_month_name	string
V_LOG_BASED	proc_year	int
V_LOG_BASED	proc_year_and_month	string
V_LOG_BASED	proc_week_of_year	int
V_LOG_BASED	proc_weekend_yn	string
V_LOG_BASED	proc_holiday_yn	string
V_LOG_BASED	number_of_procedures	int
V_LOG_BASED	number_of_panels	int
V_LOG_BASED	proc_not_perf_c	int
V_LOG_BASED	proc_not_perf_nm	string
V_LOG_BASED	in_or_dttm	timestamp
V_LOG_BASED	out_or_dttm	timestamp
V_LOG_BASED	minutes_in_or	int
V_LOG_BASED	count_in_or	int
V_LOG_BASED	primary_preop_nurse_id	string
V_LOG_BASED	primary_preop_nurse_nm	string
V_LOG_BASED	primary_preop_nurse_nm_wid	string
V_LOG_BASED	primary_preop_nurse_cred	string
V_LOG_BASED	in_preop_dttm	timestamp
V_LOG_BASED	out_preop_dttm	timestamp
V_LOG_BASED	minutes_in_preop	int
V_LOG_BASED	count_in_preop	int
V_LOG_BASED	primary_recovery_nurse_id	string
V_LOG_BASED	primary_recovery_nurse_nm	string
V_LOG_BASED	primary_recovery_nurse_nm_wid	string
V_LOG_BASED	primary_recovery_nurse_cred	string
V_LOG_BASED	in_recovery_dttm	timestamp
V_LOG_BASED	comp_recovery_dttm	timestamp
V_LOG_BASED	out_recovery_dttm	timestamp
V_LOG_BASED	minutes_board_recovery	int
V_LOG_BASED	minutes_in_recovery	int
V_LOG_BASED	count_in_recovery	int
V_LOG_BASED	primary_phaseii_nurse_id	string
V_LOG_BASED	primary_phaseii_nurse_nm	string
V_LOG_BASED	primary_phaseii_nurse_nm_wid	string
V_LOG_BASED	primary_phaseii_nurse_cred	string
V_LOG_BASED	in_phaseii_dttm	timestamp
V_LOG_BASED	comp_phaseii_dttm	timestamp
V_LOG_BASED	out_phaseii_dttm	timestamp
V_LOG_BASED	minutes_board_phaseii	int
V_LOG_BASED	minutes_in_phaseii	int
V_LOG_BASED	count_in_phaseii	int
V_LOG_BASED	case_scheduled_start_dttm	timestamp
V_LOG_BASED	setup_length	int
V_LOG_BASED	cleanup_length	int
V_LOG_BASED	case_scheduled_end_dttm	timestamp
V_LOG_BASED	room_previous_log_id	string
V_LOG_BASED	room_previous_case_id	string
V_LOG_BASED	resp_anes_id	string
V_LOG_BASED	resp_anes_nm	string
V_LOG_BASED	resp_anes_nm_wid	string
V_LOG_BASED	resp_anes_cred	string
V_LOG_BASED	primary_anes_type_c	int
V_LOG_BASED	primary_anes_type_nm	string
V_LOG_BASED	log_exclusion_reason_c	int
V_LOG_BASED	dl_load_dt	date
V_LOG_BASED	dl_load_ts	timestamp
V_LOG_TIMING_EVENTS	log_id	string
V_LOG_TIMING_EVENTS	case_id	string
V_LOG_TIMING_EVENTS	sched_setup_start_dttm	timestamp
V_LOG_TIMING_EVENTS	sched_in_room_dttm	timestamp
V_LOG_TIMING_EVENTS	sched_out_room_dttm	timestamp
V_LOG_TIMING_EVENTS	sched_cleanup_comp_dttm	timestamp
V_LOG_TIMING_EVENTS	patient_in_facility_dttm	timestamp
V_LOG_TIMING_EVENTS	patient_in_preprocedure_dttm	timestamp
V_LOG_TIMING_EVENTS	room_setup_start_dttm	timestamp
V_LOG_TIMING_EVENTS	room_ready_dttm	timestamp
V_LOG_TIMING_EVENTS	anesthesia_start_dttm	timestamp
V_LOG_TIMING_EVENTS	preprocedure_comp_dttm	timestamp
V_LOG_TIMING_EVENTS	patient_in_room_dttm	timestamp
V_LOG_TIMING_EVENTS	anesthesia_induction_dttm	timestamp
V_LOG_TIMING_EVENTS	anesthesia_ready_dttm	timestamp
V_LOG_TIMING_EVENTS	procedure_start_dttm	timestamp
V_LOG_TIMING_EVENTS	procedure_comp_dttm	timestamp
V_LOG_TIMING_EVENTS	patient_out_room_dttm	timestamp
V_LOG_TIMING_EVENTS	room_cleanup_start_dttm	timestamp
V_LOG_TIMING_EVENTS	room_cleanup_comp_dttm	timestamp
V_LOG_TIMING_EVENTS	patient_in_recovery_dttm	timestamp
V_LOG_TIMING_EVENTS	anesthesia_stop_dttm	timestamp
V_LOG_TIMING_EVENTS	recovery_comp_dttm	timestamp
V_LOG_TIMING_EVENTS	patient_out_recovery_dttm	timestamp
V_LOG_TIMING_EVENTS	patient_in_phaseii_dttm	timestamp
V_LOG_TIMING_EVENTS	phaseii_comp_dttm	timestamp
V_LOG_TIMING_EVENTS	patient_out_phaseii_dttm	timestamp
V_LOG_TIMING_EVENTS	minutes_in_fac_to_sch_in_room	int
V_LOG_TIMING_EVENTS	minutes_pre_comp_to_sch_in_rm	int
V_LOG_TIMING_EVENTS	minutes_in_fac_to_in_preop	int
V_LOG_TIMING_EVENTS	minutes_in_preop_to_preop_comp	int
V_LOG_TIMING_EVENTS	minutes_preop_comp_to_in_room	int
V_LOG_TIMING_EVENTS	minutes_in_preop_to_in_room	int
V_LOG_TIMING_EVENTS	minutes_in_room_to_anes_induc	int
V_LOG_TIMING_EVENTS	minutes_in_room_to_anes_ready	int
V_LOG_TIMING_EVENTS	minutes_proc_start_to_comp	int
V_LOG_TIMING_EVENTS	minutes_proc_comp_to_out_room	int
V_LOG_TIMING_EVENTS	minutes_in_room_to_out_room	int
V_LOG_TIMING_EVENTS	minutes_in_rec_to_out_rec	int
V_LOG_TIMING_EVENTS	minutes_rec_comp_to_out_rec	int
V_LOG_TIMING_EVENTS	minutes_in_phii_to_out_phii	int
V_LOG_TIMING_EVENTS	minutes_phii_comp_to_out_phii	int
V_LOG_TIMING_EVENTS	minutes_sch_in_room_to_sch_out	int
V_LOG_TIMING_EVENTS	case_request_dttm	timestamp
V_LOG_TIMING_EVENTS	minutes_request_to_in_room	int
V_LOG_TIMING_EVENTS	anesthesia_emergence_dttm	timestamp
V_LOG_TIMING_EVENTS	anesthesia_signoff_dttm	timestamp
V_LOG_TIMING_EVENTS	anesthesia_close_dttm	timestamp
V_LOG_TIMING_EVENTS	minutes_induction_to_emergence	int
V_LOG_TIMING_EVENTS	anesthesia_last_addendum_dttm	timestamp
V_LOG_TIMING_EVENTS	minutes_anstop_to_lastaddendum	int
V_LOG_TIMING_EVENTS	minutes_anstart_to_anstop	int
V_LOG_TIMING_EVENTS	dl_load_dt	date
V_LOG_TIMING_EVENTS	dl_load_ts	timestamp
V_NOTE_VIEW_INFO	NOTE_ID	string
V_NOTE_VIEW_INFO	PAT_ID	string
V_NOTE_VIEW_INFO	PAT_ENC_CSN_ID	decimal(18,0)
V_NOTE_VIEW_INFO	ENC_START_DTTM	timestamp
V_NOTE_VIEW_INFO	ENC_PROV_ID	string
V_NOTE_VIEW_INFO	ENC_DEPARTMENT_ID	decimal(18,0)
V_NOTE_VIEW_INFO	ENC_REV_LOC_ID	decimal(18,0)
V_NOTE_VIEW_INFO	ENC_SERV_AREA_ID	decimal(18,0)
V_NOTE_VIEW_INFO	TIMES_READ	bigint
V_NOTE_VIEW_INFO	FIRST_READ_DTTM	timestamp
V_NOTE_VIEW_INFO	LAST_READ_DTTM	timestamp
V_NOTE_VIEW_INFO	DAYS_TO_READ	decimal(10,2)
V_NOTE_VIEW_INFO	NOTE_TYPE_C	string
V_NOTE_VIEW_INFO	NOTE_TYPE_NAME	string
V_NOTE_VIEW_INFO	UCN_NOTE_TYPE_C	string
V_NOTE_VIEW_INFO	UCN_NOTE_TYPE_NAME	string
V_NOTE_VIEW_INFO	AMB_NOTE_YN	string
V_NOTE_VIEW_INFO	UNSIGNED_YN	string
V_OB_DEL_RECORDS	baby_id	string
V_OB_DEL_RECORDS	mom_id	string
V_OB_DEL_RECORDS	delrec_id	decimal(18,0)
V_OB_DEL_RECORDS	delmeth_c	string
V_OB_DEL_RECORDS	ga	string
V_OB_DEL_RECORDS	prov_name	string
V_OB_DEL_RECORDS	del_dttm	timestamp
V_OB_DEL_RECORDS	living_c	int
V_OB_DEL_RECORDS	apgar1	string
V_OB_DEL_RECORDS	apgar5	string
V_OB_DEL_RECORDS	apgar10	string
V_OB_DEL_RECORDS	birthwt	string
V_OB_DEL_RECORDS	anesth_conc	string
V_OB_DEL_RECORDS	induct_conc	string
V_OB_DEL_RECORDS	lacer_conc	string
V_OB_DEL_RECORDS	episio_conc	string
V_OB_DEL_RECORDS	augment_conc	string
V_OB_DEL_RECORDS	cervripe_conc	string
V_OB_DEL_RECORDS	dept_id	decimal(18,0)
V_OB_DEL_RECORDS	baby_name	string
V_OB_DEL_RECORDS	mom_name	string
V_OB_DEL_RECORDS	ob_del_deliv_md_id	string
V_OB_DEL_RECORDS	preg_episode_id	decimal(18,0)
V_OB_DEL_RECORDS	mom_csn	decimal(18,0)
V_OB_DEL_RECORDS	baby_csn	decimal(18,0)
V_OB_DEL_RECORDS	dl_load_dt	date
V_OB_DEL_RECORDS	dl_load_ts	timestamp
V_ONC_TREATMENT_PLAN_ORDERS	TREATMENT_PLAN_ID	decimal(18,0)
V_ONC_TREATMENT_PLAN_ORDERS	PLAN_RECORD_TYPE_C	int
V_ONC_TREATMENT_PLAN_ORDERS	PLAN_STATUS_C	int
V_ONC_TREATMENT_PLAN_ORDERS	PLAN_STATUS_NAME	string
V_ONC_TREATMENT_PLAN_ORDERS	PLAN_VERSION	int
V_ONC_TREATMENT_PLAN_ORDERS	PLAN_CREATED_DATETIME	timestamp
V_ONC_TREATMENT_PLAN_ORDERS	PLAN_CREATOR_USER_ID	string
V_ONC_TREATMENT_PLAN_ORDERS	PLAN_START_DATE	timestamp
V_ONC_TREATMENT_PLAN_ORDERS	PLAN_DISCON_DATETIME	timestamp
V_ONC_TREATMENT_PLAN_ORDERS	PLAN_DISCON_USER_ID	string
V_ONC_TREATMENT_PLAN_ORDERS	PLAN_DISCON_REASON_C	string
V_ONC_TREATMENT_PLAN_ORDERS	PLAN_DISCON_REASON_NAME	string
V_ONC_TREATMENT_PLAN_ORDERS	PLAN_NAME	string
V_ONC_TREATMENT_PLAN_ORDERS	PLAN_DISPLAY_NAME	string
V_ONC_TREATMENT_PLAN_ORDERS	PROTOCOL_ID	decimal(18,0)
V_ONC_TREATMENT_PLAN_ORDERS	PROTOCOL_CONTACT_DATE_REAL	double
V_ONC_TREATMENT_PLAN_ORDERS	PROTOCOL_CONTACT_NUM	string
V_ONC_TREATMENT_PLAN_ORDERS	PROTOCOL_NAME	string
V_ONC_TREATMENT_PLAN_ORDERS	PROTOCOL_DISPLAY_NAME	string
V_ONC_TREATMENT_PLAN_ORDERS	PROTOCOL_IS_RESEARCH_YN	string
V_ONC_TREATMENT_PLAN_ORDERS	PLAN_PROV_ID	string
V_ONC_TREATMENT_PLAN_ORDERS	REFERRAL_ID	decimal(18,0)
V_ONC_TREATMENT_PLAN_ORDERS	TREATMENT_GOAL_C	int
V_ONC_TREATMENT_PLAN_ORDERS	TREATMENT_GOAL_NAME	string
V_ONC_TREATMENT_PLAN_ORDERS	EPISODE_ID	decimal(18,0)
V_ONC_TREATMENT_PLAN_ORDERS	EPISODE_TYPE_ID	decimal(18,0)
V_ONC_TREATMENT_PLAN_ORDERS	EPISODE_TYPE_NAME	string
V_ONC_TREATMENT_PLAN_ORDERS	PAT_ID	string
V_ONC_TREATMENT_PLAN_ORDERS	PLAN_STARTING_CYCLE_NUM	int
V_ONC_TREATMENT_PLAN_ORDERS	CYCLE_ID	string
V_ONC_TREATMENT_PLAN_ORDERS	CYCLE_NAME	string
V_ONC_TREATMENT_PLAN_ORDERS	CYCLE_NUM	int
V_ONC_TREATMENT_PLAN_ORDERS	CYCLE_START_DATE	timestamp
V_ONC_TREATMENT_PLAN_ORDERS	CYCLE_STATUS_C	int
V_ONC_TREATMENT_PLAN_ORDERS	CYCLE_STATUS_NAME	string
V_ONC_TREATMENT_PLAN_ORDERS	TREATMENT_DAY_ID	decimal(18,0)
V_ONC_TREATMENT_PLAN_ORDERS	TREAT_DAY_CONTACT_DATE_REAL	double
V_ONC_TREATMENT_PLAN_ORDERS	TREATMENT_DAY_NAME	string
V_ONC_TREATMENT_PLAN_ORDERS	DAY_NUM	int
V_ONC_TREATMENT_PLAN_ORDERS	DAY_TYPE_C	string
V_ONC_TREATMENT_PLAN_ORDERS	TREATMENT_DAY_TREATMENT_DATE	timestamp
V_ONC_TREATMENT_PLAN_ORDERS	TREATMENT_DAY_PLANNED_DATE	timestamp
V_ONC_TREATMENT_PLAN_ORDERS	DAY_LENGTH	int
V_ONC_TREATMENT_PLAN_ORDERS	DAY_STARTED_DATETIME	timestamp
V_ONC_TREATMENT_PLAN_ORDERS	DAY_STATUS_C	int
V_ONC_TREATMENT_PLAN_ORDERS	DAY_STATUS_NAME	string
V_ONC_TREATMENT_PLAN_ORDERS	DAY_STATUS_CHANGE_USER_ID	string
V_ONC_TREATMENT_PLAN_ORDERS	DAY_STATUS_CHANGE_DATETIME	timestamp
V_ONC_TREATMENT_PLAN_ORDERS	DAY_STATUS_CHANGE_COMMENTS	string
V_ONC_TREATMENT_PLAN_ORDERS	CANCEL_DAY_REASON_C	int
V_ONC_TREATMENT_PLAN_ORDERS	CANCEL_DAY_REASON_NAME	string
V_ONC_TREATMENT_PLAN_ORDERS	DEFER_DAY_REASON_C	int
V_ONC_TREATMENT_PLAN_ORDERS	DEFER_DAY_REASON_NAME	string
V_ONC_TREATMENT_PLAN_ORDERS	DAY_GIVEN_EXTERNAL_REASON_C	int
V_ONC_TREATMENT_PLAN_ORDERS	DAY_GIVEN_EXTERNAL_REASON_NAME	string
V_ONC_TREATMENT_PLAN_ORDERS	ORDER_TEMPLATE_ID	decimal(18,0)
V_ONC_TREATMENT_PLAN_ORDERS	ORDER_TEMPLATE_IS_DELETED_YN	string
V_ONC_TREATMENT_PLAN_ORDERS	ORDER_CATEGORY_C	string
V_ONC_TREATMENT_PLAN_ORDERS	ORDER_CATEGORY_NAME	string
V_ONC_TREATMENT_PLAN_ORDERS	ORDER_TEMPLATE_SOURCE_AOG_ID	decimal(18,0)
V_ONC_TREATMENT_PLAN_ORDERS	ORDER_TEMPLATE_DISPLAY_NAME	string
V_ONC_TREATMENT_PLAN_ORDERS	ORDER_TEMPLATE_DESCRIPTION	string
V_ONC_TREATMENT_PLAN_ORDERS	ORDER_TEMPLATE_PROC_ID	decimal(18,0)
V_ONC_TREATMENT_PLAN_ORDERS	ORDER_TEMPLATE_MEDICATION_ID	decimal(18,0)
V_ONC_TREATMENT_PLAN_ORDERS	ORDER_DISCRETE_DOSE_MIN	string
V_ONC_TREATMENT_PLAN_ORDERS	ORDER_DISCRETE_DOSE_MAX	string
V_ONC_TREATMENT_PLAN_ORDERS	ORDER_DOSE_UNIT_C	int
V_ONC_TREATMENT_PLAN_ORDERS	ORDER_DOSE_UNIT_NAME	string
V_ONC_TREATMENT_PLAN_ORDERS	ORDER_TYPE_C	int
V_ONC_TREATMENT_PLAN_ORDERS	ORDER_TYPE_NAME	string
V_ONC_TREATMENT_PLAN_ORDERS	ORDERING_MODE_C	int
V_ONC_TREATMENT_PLAN_ORDERS	ORDER_TEMPLATE_ORDER_ID	decimal(18,0)
V_ONC_TREATMENT_PLAN_ORDERS	ORDER_RELEASED_PAT_ENC_CSN_ID	decimal(18,0)
V_ONC_TREATMENT_PLAN_ORDERS	ORDER_REQUIRES_PRIOR_AUTH_YN	string
V_ONC_TREATMENT_PLAN_ORDERS	ORDER_TEMPLATE_SIGNED_PROV_ID	string
V_ONC_TREATMENT_PLAN_ORDERS	ORDER_TEMPLATE_SIGNED_DATETIME	timestamp
V_ONC_TREATMENT_PLAN_ORDERS	DUAL_SIGN_FIRST_SIGN_PROV_ID	string
V_ONC_TREATMENT_PLAN_ORDERS	DUAL_SIGN_FIRST_SIGN_DATETIME	timestamp
V_ONC_TREATMENT_PLAN_ORDERS	ORDERING_PROVIDER_ID	string
V_ONC_TREATMENT_PLAN_ORDERS	AUTH_PROV_ID	string
V_PAT_ADT_LOCATION_HX	event_id	decimal(18,0)
V_PAT_ADT_LOCATION_HX	pat_enc_csn	decimal(18,0)
V_PAT_ADT_LOCATION_HX	event_type_c	int
V_PAT_ADT_LOCATION_HX	in_dttm	timestamp
V_PAT_ADT_LOCATION_HX	out_dttm	timestamp
V_PAT_ADT_LOCATION_HX	adt_department_id	decimal(18,0)
V_PAT_ADT_LOCATION_HX	adt_department_name	string
V_PAT_ADT_LOCATION_HX	adt_department_nm_wid	string
V_PAT_ADT_LOCATION_HX	adt_room_id	string
V_PAT_ADT_LOCATION_HX	adt_room_csn	decimal(18,0)
V_PAT_ADT_LOCATION_HX	adt_room_nm_wid	string
V_PAT_ADT_LOCATION_HX	adt_bed_id	string
V_PAT_ADT_LOCATION_HX	adt_bed_csn	decimal(18,0)
V_PAT_ADT_LOCATION_HX	adt_bed_label_wid	string
V_PAT_ADT_LOCATION_HX	adt_loc_id	decimal(18,0)
V_PAT_ADT_LOCATION_HX	adt_loc_name	string
V_PAT_ADT_LOCATION_HX	adt_loc_nm_wid	string
V_PAT_ADT_LOCATION_HX	adt_serv_area_id	decimal(18,0)
V_PAT_ADT_LOCATION_HX	adt_serv_area_name	string
V_PAT_ADT_LOCATION_HX	adt_serv_area_nm_wid	string
V_PAT_ADT_LOCATION_HX	pat_out_dttm	timestamp
V_PAT_ADT_LOCATION_HX	dl_load_dt	date
V_PAT_ADT_LOCATION_HX	dl_load_ts	timestamp
V_PAT_DIALYSIS_HISTORY	pat_id	string
V_PAT_DIALYSIS_HISTORY	dialysis_center_id	decimal(18,0)
V_PAT_DIALYSIS_HISTORY	dialysis_department_id	decimal(18,0)
V_PAT_DIALYSIS_HISTORY	dialysis_type_c	int
V_PAT_DIALYSIS_HISTORY	dialysis_start_date	timestamp
V_PAT_DIALYSIS_HISTORY	dialysis_end_date	timestamp
V_PAT_DIALYSIS_HISTORY	dialysis_comments	string
V_PAT_DIALYSIS_HISTORY	episode_id	decimal(18,0)
V_PAT_DIALYSIS_HISTORY	hx_csn_id	decimal(18,0)
V_PAT_DIALYSIS_HISTORY	hx_line	int
V_PAT_DIALYSIS_HISTORY	dl_load_dt	date
V_PAT_DIALYSIS_HISTORY	dl_load_ts	timestamp
V_PAT_HX_TOB_USE	pat_id	string
V_PAT_HX_TOB_USE	tob_pack_years	decimal(38,5)
V_PAT_HX_TOB_USE	tob_current_ppd	decimal(18,2)
V_PAT_HX_TOB_USE	tob_start_date	timestamp
V_PAT_HX_TOB_USE	tob_quit_date	timestamp
V_PAT_HX_TOB_USE	dl_load_dt	date
V_PAT_HX_TOB_USE	dl_load_ts	timestamp
V_RTE_VISIT_COVERAGES	pat_enc_csn_id	decimal(18,0)
V_RTE_VISIT_COVERAGES	pat_id	string
V_RTE_VISIT_COVERAGES	contact_date	timestamp
V_RTE_VISIT_COVERAGES	coverage_id	decimal(18,0)
V_RTE_VISIT_COVERAGES	payor_id	decimal(18,0)
V_RTE_VISIT_COVERAGES	benefit_plan_id	decimal(18,0)
V_RTE_VISIT_COVERAGES	financial_class_c	string
V_RTE_VISIT_COVERAGES	department_id	decimal(18,0)
V_RTE_VISIT_COVERAGES	serv_area_id	decimal(18,0)
V_RTE_VISIT_COVERAGES	location_id	decimal(18,0)
V_RTE_VISIT_COVERAGES	coverage_type_c	int
V_RTE_VISIT_COVERAGES	use_elct_verif_yn	string
V_RTE_VISIT_COVERAGES	partition_dt	date
V_RTE_VISIT_COVERAGES	dl_load_dt	date
V_SCHED_APPT	pat_enc_csn_id	decimal(18,0)
V_SCHED_APPT	contact_date	timestamp
V_SCHED_APPT	pat_id	string
V_SCHED_APPT	appt_status_c	int
V_SCHED_APPT	appt_status_name	string
V_SCHED_APPT	department_id	decimal(18,0)
V_SCHED_APPT	department_name	string
V_SCHED_APPT	dept_specialty_c	string
V_SCHED_APPT	dept_specialty_name	string
V_SCHED_APPT	center_c	string
V_SCHED_APPT	center_name	string
V_SCHED_APPT	loc_id	decimal(18,0)
V_SCHED_APPT	loc_name	string
V_SCHED_APPT	serv_area_id	decimal(18,0)
V_SCHED_APPT	serv_area_name	string
V_SCHED_APPT	prov_id	string
V_SCHED_APPT	prov_name_wid	string
V_SCHED_APPT	prc_id	string
V_SCHED_APPT	prc_name	string
V_SCHED_APPT	appt_made_dttm	timestamp
V_SCHED_APPT	appt_made_date	timestamp
V_SCHED_APPT	same_day_yn	string
V_SCHED_APPT	appt_entry_user_id	string
V_SCHED_APPT	appt_entry_user_name_wid	string
V_SCHED_APPT	appt_block_c	string
V_SCHED_APPT	appt_block_name	string
V_SCHED_APPT	appt_length	int
V_SCHED_APPT	appt_dttm	timestamp
V_SCHED_APPT	signin_dttm	timestamp
V_SCHED_APPT	paged_dttm	timestamp
V_SCHED_APPT	begin_checkin_dttm	timestamp
V_SCHED_APPT	checkin_dttm	timestamp
V_SCHED_APPT	arvl_list_remove_dttm	timestamp
V_SCHED_APPT	roomed_dttm	timestamp
V_SCHED_APPT	first_room_assign_dttm	timestamp
V_SCHED_APPT	nurse_leave_dttm	timestamp
V_SCHED_APPT	phys_enter_dttm	timestamp
V_SCHED_APPT	visit_end_dttm	timestamp
V_SCHED_APPT	checkout_dttm	timestamp
V_SCHED_APPT	time_to_room_minutes	int
V_SCHED_APPT	time_in_room_minutes	int
V_SCHED_APPT	cycle_time_minutes	int
V_SCHED_APPT	appt_canc_user_id	string
V_SCHED_APPT	appt_canc_user_name_wid	string
V_SCHED_APPT	appt_canc_dttm	timestamp
V_SCHED_APPT	appt_canc_date	timestamp
V_SCHED_APPT	cancel_reason_c	int
V_SCHED_APPT	cancel_reason_name	string
V_SCHED_APPT	cancel_initiator	string
V_SCHED_APPT	same_day_canc_yn	string
V_SCHED_APPT	appt_serial_num	decimal(18,0)
V_SCHED_APPT	resched_appt_csn_id	decimal(18,0)
V_SCHED_APPT	referral_id	decimal(18,0)
V_SCHED_APPT	referral_req_yn	string
V_SCHED_APPT	referring_prov_id	string
V_SCHED_APPT	referring_prov_name_wid	string
V_SCHED_APPT	account_id	decimal(18,0)
V_SCHED_APPT	coverage_id	decimal(18,0)
V_SCHED_APPT	charge_slip_number	string
V_SCHED_APPT	hsp_account_id	decimal(18,0)
V_SCHED_APPT	appt_conf_stat_c	int
V_SCHED_APPT	appt_conf_stat_name	string
V_SCHED_APPT	appt_conf_user_id	string
V_SCHED_APPT	appt_conf_user_name	string
V_SCHED_APPT	appt_conf_dttm	timestamp
V_SCHED_APPT	sched_from_kiosk_id	string
V_SCHED_APPT	sched_from_kiosk_name	string
V_SCHED_APPT	check_in_kiosk_id	string
V_SCHED_APPT	check_in_kiosk_name	string
V_SCHED_APPT	check_out_kiosk_id	string
V_SCHED_APPT	check_out_kiosk_name	string
V_SCHED_APPT	ip_doc_contact_csn	decimal(18,0)
V_SCHED_APPT	walk_in_yn	string
V_SCHED_APPT	sequential_yn	string
V_SCHED_APPT	cns_warning_overridden_yn	string
V_SCHED_APPT	overbooked_yn	string
V_SCHED_APPT	override_yn	string
V_SCHED_APPT	unavailable_time_yn	string
V_SCHED_APPT	number_of_calls	int
V_SCHED_APPT	change_cnt	int
V_SCHED_APPT	joint_appt_yn	string
V_SCHED_APPT	cm_ct_owner_id	string
V_SCHED_APPT	phone_rem_stat_c	int
V_SCHED_APPT	phone_rem_stat_name	string
V_SCHED_APPT	copay_due	decimal(12,2)
V_SCHED_APPT	copay_collected	decimal(12,2)
V_SCHED_APPT	copay_user_id	string
V_SCHED_APPT	copay_user_name_wid	string
V_SCHED_APPT	completed_status_yn	string
V_SCHED_APPT	hour_of_day	int
V_SCHED_APPT	cancel_lead_hours	int
V_SCHED_APPT	appt_arrival_dttm	timestamp
V_SCHED_APPT	appt_utc_dttm	timestamp
V_SCHED_APPT	appt_canc_utc_dttm	timestamp
V_SCHED_APPT	appt_made_utc_dttm	timestamp
V_SCHED_APPT	appt_sched_source_c	int
V_SCHED_APPT	appt_sched_source_name	string
V_SCHED_APPT	pat_online_yn	string
V_SCHED_APPT	echkin_status_c	int
V_SCHED_APPT	echkin_status_name	string
V_SCHED_APPT	pat_sched_myc_stat_c	int
V_SCHED_APPT	pat_sched_myc_stat_name	string
V_SCHED_APPT	late_cancel_yn	string
V_SCHED_APPT	dl_load_dt	date
V_SCHED_APPT	dl_load_ts	timestamp
VALID_PATIENT	pat_id	string
VALID_PATIENT	cm_phy_owner_id	string
VALID_PATIENT	cm_log_owner_id	string
VALID_PATIENT	is_valid_pat_yn	string
VALID_PATIENT	dl_load_dt	date
VALID_PATIENT	dl_load_ts	timestamp
VAR_ALLELE_NAME	variant_id	decimal(18,0)
VAR_ALLELE_NAME	line	int
VAR_ALLELE_NAME	cm_phy_owner_id	string
VAR_ALLELE_NAME	cm_log_owner_id	string
VAR_ALLELE_NAME	allele_name	string
VAR_ALLELE_NAME	dl_load_dt	date
VAR_ALLELE_NAME	dl_load_ts	timestamp
VAR_CONTAINED	variant_id	decimal(18,0)
VAR_CONTAINED	line	int
VAR_CONTAINED	cm_phy_owner_id	string
VAR_CONTAINED	cm_log_owner_id	string
VAR_CONTAINED	contd_variant_id	decimal(18,0)
VAR_CONTAINED	dl_load_dt	date
VAR_CONTAINED	dl_load_ts	timestamp
VAR_INTERPRETATION	variant_id	decimal(18,0)
VAR_INTERPRETATION	line	int
VAR_INTERPRETATION	cm_phy_owner_id	string
VAR_INTERPRETATION	cm_log_owner_id	string
VAR_INTERPRETATION	interpretation	string
VAR_INTERPRETATION	dl_load_dt	date
VAR_INTERPRETATION	dl_load_ts	timestamp
VAR_PHENOTYPE_DESC	variant_id	decimal(18,0)
VAR_PHENOTYPE_DESC	line	int
VAR_PHENOTYPE_DESC	cm_phy_owner_id	string
VAR_PHENOTYPE_DESC	cm_log_owner_id	string
VAR_PHENOTYPE_DESC	phenotype_desc	string
VAR_PHENOTYPE_DESC	dl_load_dt	date
VAR_PHENOTYPE_DESC	dl_load_ts	timestamp
VAR_PHENOTYPES	variant_id	decimal(18,0)
VAR_PHENOTYPES	line	int
VAR_PHENOTYPES	cm_phy_owner_id	string
VAR_PHENOTYPES	cm_log_owner_id	string
VAR_PHENOTYPES	phenotype_system_c	int
VAR_PHENOTYPES	phenotype_code	string
VAR_PHENOTYPES	phenotype_name	string
VAR_PHENOTYPES	mode_of_inheritance_c	int
VAR_PHENOTYPES	dl_load_dt	date
VAR_PHENOTYPES	dl_load_ts	timestamp
VAR_PHENOTYPES	phenotype_spec_penetrance	decimal(18,5)
VAR_PHENOTYPES	phenotype_spec_desc	string
VAR_PHENOTYPES	phenotype_spec_var_class_c	int
VAR_PHENOTYPES	phenotype_effect_type_c	int
VAR_PHENOTYPES	phenotype_effect_val_c	int
VAR_PHENOTYPES	phenotype_activity_score_lower	decimal(8,3)
VAR_PHENOTYPES	phenotype_activity_score_upper	decimal(8,3)
VAR_REPEAT_EXPANSION	variant_id	decimal(18,0)
VAR_REPEAT_EXPANSION	line	int
VAR_REPEAT_EXPANSION	cm_phy_owner_id	string
VAR_REPEAT_EXPANSION	cm_log_owner_id	string
VAR_REPEAT_EXPANSION	repeat_nucleotides	string
VAR_REPEAT_EXPANSION	repeat_number	int
VAR_REPEAT_EXPANSION	dl_load_dt	date
VAR_REPEAT_EXPANSION	dl_load_ts	timestamp
VARIANT	variant_id	decimal(18,0)
VARIANT	cm_phy_owner_id	string
VARIANT	cm_log_owner_id	string
VARIANT	record_status_c	int
VARIANT	variant_type_c	int
VARIANT	variant_name	string
VARIANT	hgvs_name	string
VARIANT	pat_id	string
VARIANT	rqg_grouper_id	decimal(18,0)
VARIANT	genome_assembly_c	int
VARIANT	chromosome_c	int
VARIANT	start_position	int
VARIANT	stop_position	int
VARIANT	dna_region	string
VARIANT	gene_c	int
VARIANT	gene	string
VARIANT	gene_system_c	int
VARIANT	transcript_ref_seq	string
VARIANT	transcript_system_c	int
VARIANT	dna_change	string
VARIANT	dna_var_type_c	int
VARIANT	amino_acid_change	string
VARIANT	aa_var_type_c	int
VARIANT	protein_ref_seq	string
VARIANT	chromosome_ref_seq	string
VARIANT	genomic_ref_seq	string
VARIANT	gen_seq_system_c	int
VARIANT	reference_allele	string
VARIANT	observed_allele	string
VARIANT	genomic_dna_change	string
VARIANT	allelic_state_c	int
VARIANT	allelic_frequency	decimal(18,5)
VARIANT	cytogenetic_loc	string
VARIANT	allelic_read_depth	int
VARIANT	penetrance	decimal(18,5)
VARIANT	genomic_source_c	int
VARIANT	method_type_c	int
VARIANT	allelic_phase_c	int
VARIANT	allelic_basis_c	int
VARIANT	boundary_precision	string
VARIANT	reported_acgh_ratio	decimal(18,5)
VARIANT	allele_length	int
VARIANT	inner_start	int
VARIANT	inner_end	int
VARIANT	outer_start	int
VARIANT	outer_end	int
VARIANT	copy_number	int
VARIANT	assessment_c	int
VARIANT	clinical_signif_c	int
VARIANT	genotype	string
VARIANT	pgx_drug_metab_c	int
VARIANT	pgx_drug_efficacy_c	int
VARIANT	pgx_high_risk_c	int
VARIANT	variant_func_effect_c	int
VARIANT	variant_molec_conseq_c	int
VARIANT	genotype_ident	string
VARIANT	mosaicism_c	int
VARIANT	fractional_copy_number	decimal(18,2)
VARIANT	is_amplification_yn	string
VARIANT	gene_id	decimal(18,0)
VARIANT	is_external_yn	string
VARIANT	persistent_pat_id	string
VARIANT	persistent_rqg_grouper_id	decimal(18,0)
VARIANT	pgx_drug_txport_c	int
VARIANT	total_repeat_number	int
VARIANT	pgx_act_score_lower	decimal(18,3)
VARIANT	pgx_act_score_upper	decimal(18,3)
VARIANT	display_name	string
VARIANT	dl_load_dt	date
VARIANT	dl_load_ts	timestamp
VARIANT	iscn_name	string
VARIANT	copy_number_lower	decimal(9,2)
VARIANT	copy_number_upper	decimal(9,2)
VARIANT	variant_finding_type_c	int
VARIANT	stdrd_amino_acid_change	string
VARIANT	cmpt_variant_molec_conseq_c	int
VARIANT	cmpt_amino_acid_start_codon	int
VARIANT	cmpt_amino_acid_end_codon	int
VARIANT	cmpt_amino_acid_reference	string
VARIANT	cmpt_amino_acid_alternate	string
VARIANT	affected_exon_start	int
VARIANT	affected_exon_end	int
VARIANT	affected_intron_start	int
VARIANT	affected_intron_end	int
VARIANT	variant_entry_src_c	int
VARIANT	stdrd_transcript_ref_seq	string
VARIANT	stdrd_genomic_ref_seq	string
VARIANT	stdrd_protein_ref_seq	string
VARIANT	clonal_hemat_c	int
VARIANT	total_repeat_num_lower	int
VARIANT	total_repeat_num_upper	int
VARIANT_SYSTEM	variant_id	decimal(18,0)
VARIANT_SYSTEM	line	int
VARIANT_SYSTEM	cm_phy_owner_id	string
VARIANT_SYSTEM	cm_log_owner_id	string
VARIANT_SYSTEM	variant_system_c	int
VARIANT_SYSTEM	variant_system_ver	string
VARIANT_SYSTEM	variant_code	string
VARIANT_SYSTEM	dl_load_dt	date
VARIANT_SYSTEM	dl_load_ts	timestamp
VERIFICATION	record_id	decimal(18,0)
VERIFICATION	cm_phy_owner_id	string
VERIFICATION	cm_log_owner_id	string
VERIFICATION	record_name	string
VERIFICATION	record_status_c	int
VERIFICATION	verif_record_ini	string
VERIFICATION	verif_record_idnt	string
VERIFICATION	verification_type_c	int
VERIFICATION	verif_status_c	string
VERIFICATION	last_verif_datetime	timestamp
VERIFICATION	last_verif_user_id	string
VERIFICATION	next_review_date	timestamp
VERIFICATION	verif_confrm_id	string
VERIFICATION	last_stat_chng_dttm	timestamp
VERIFICATION	last_change_user_id	string
VERIFICATION	enc_pat_id	string
VERIFICATION	enc_pat_verif_id	decimal(18,0)
VERIFICATION	enc_csn	decimal(18,0)
VERIFICATION	enc_guarantor_id	decimal(18,0)
VERIFICATION	enc_guar_verif_id	decimal(18,0)
VERIFICATION	enc_guar_snapshot_c	string
VERIFICATION	enc_hosp_acct_id	decimal(18,0)
VERIFICATION	enc_har_verif_id	decimal(18,0)
VERIFICATION	record_creation_dt	timestamp
VERIFICATION	inst_of_update_dttm	timestamp
VERIFICATION	enc_pat_snapshot_c	string
VERIFICATION	verif_subtype_c	int
VERIFICATION	sub_parent_vrx_id	decimal(18,0)
VERIFICATION	sub_origin_eaf_id	decimal(18,0)
VERIFICATION	last_self_verif_date	timestamp
VERIFICATION	verif_record_idnt_numeric	decimal(18,0)
VERIFICATION	dl_load_dt	date
VERIFICATION	dl_load_ts	timestamp
VESSEL_DOC	record_id	decimal(18,0)
VESSEL_DOC	cm_phy_owner_id	string
VESSEL_DOC	cm_log_owner_id	string
VESSEL_DOC	record_name	string
VESSEL_DOC	record_status_c	int
VESSEL_DOC	anatomy_type_c	int
VESSEL_DOC	anatomy_ext_name	string
VESSEL_DOC	anatomy_abbrev	string
VESSEL_DOC	anatomy_identifier	string
VESSEL_DOC	vessel_location_c	int
VESSEL_DOC	record_creation_dt	timestamp
VESSEL_DOC	instant_of_upd_dttm	timestamp
VESSEL_DOC	ortho_laterality_c	int
VESSEL_DOC	ortho_surg_loc_c	int
VESSEL_DOC	ortho_rad_loc_c	string
VESSEL_DOC	organ_c	int
VESSEL_DOC	dl_load_dt	date
VESSEL_DOC	dl_load_ts	timestamp
VESSEL_DOC	rt_location_code	string
VESSEL_DOC	rt_location_codesystem_c	int
VESSEL_DOC	anatomy_pat_friendly_name	string
WUSM_PATIENT_ADDRESS_GEOCODED	pat_id	string
WUSM_PATIENT_ADDRESS_GEOCODED	full_address	string
WUSM_PATIENT_ADDRESS_GEOCODED	add_line_1	string
WUSM_PATIENT_ADDRESS_GEOCODED	add_line_2	string
WUSM_PATIENT_ADDRESS_GEOCODED	city	string
WUSM_PATIENT_ADDRESS_GEOCODED	state	string
WUSM_PATIENT_ADDRESS_GEOCODED	county	string
WUSM_PATIENT_ADDRESS_GEOCODED	zip	string
WUSM_PATIENT_ADDRESS_GEOCODED	country	string
WUSM_PATIENT_ADDRESS_GEOCODED	latitude	double
WUSM_PATIENT_ADDRESS_GEOCODED	longitude	double
WUSM_PATIENT_ADDRESS_GEOCODED	pat_id_address_hash	bigint
WUSM_PATIENT_ADDRESS_GEOCODED	from_date	date
WUSM_PATIENT_ADDRESS_GEOCODED	to_date	date
WUSM_PATIENT_ADDRESS_GEOCODED	current_address	boolean
WUSM_PATIENT_ADDRESS_GEOCODED	geo_data	string
X_V_CLARITY_UCL	account_id	decimal(18,0)
X_V_CLARITY_UCL	anesthesia_type_c	string
X_V_CLARITY_UCL	batch_id	decimal(18,0)
X_V_CLARITY_UCL	billing_provider_id	string
X_V_CLARITY_UCL	ce_coded_date	timestamp
X_V_CLARITY_UCL	ce_coder_id	string
X_V_CLARITY_UCL	ce_receive_date	timestamp
X_V_CLARITY_UCL	charge_context_c	int
X_V_CLARITY_UCL	charge_filed_time	timestamp
X_V_CLARITY_UCL	charge_session_id	decimal(18,0)
X_V_CLARITY_UCL	charge_source_c	string
X_V_CLARITY_UCL	charge_type_c	int
X_V_CLARITY_UCL	chg_destination_c	string
X_V_CLARITY_UCL	chg_tckt_bat_id	decimal(18,0)
X_V_CLARITY_UCL	chg_trigger_point_c	int
X_V_CLARITY_UCL	cm_log_owner_id	string
X_V_CLARITY_UCL	cm_phy_owner_id	string
X_V_CLARITY_UCL	cost_center_id	decimal(18,0)
X_V_CLARITY_UCL	cost_cntr_dept_id	decimal(18,0)
X_V_CLARITY_UCL	coverage_id	decimal(18,0)
X_V_CLARITY_UCL	crc_code_c	int
X_V_CLARITY_UCL	created_time	timestamp
X_V_CLARITY_UCL	created_user_id	string
X_V_CLARITY_UCL	department_id	decimal(18,0)
X_V_CLARITY_UCL	emergency_status_yn	string
X_V_CLARITY_UCL	enc_specialty_c	string
X_V_CLARITY_UCL	end_inst	timestamp
X_V_CLARITY_UCL	ept_csn	decimal(18,0)
X_V_CLARITY_UCL	ext_charge_code	string
X_V_CLARITY_UCL	firstucl_id	string
X_V_CLARITY_UCL	hcpcs_code	string
X_V_CLARITY_UCL	hipps_code	string
X_V_CLARITY_UCL	hipps_code_desc	string
X_V_CLARITY_UCL	hipps_code_type_c	int
X_V_CLARITY_UCL	hospital_account_id	decimal(18,0)
X_V_CLARITY_UCL	hospitalist_flag_yn	string
X_V_CLARITY_UCL	implant_id	string
X_V_CLARITY_UCL	implied_qty	decimal(23,10)
X_V_CLARITY_UCL	implied_qty_unit_c	int
X_V_CLARITY_UCL	implied_unit_type_c	int
X_V_CLARITY_UCL	insti_dob_dt	timestamp
X_V_CLARITY_UCL	insti_emp_num	string
X_V_CLARITY_UCL	insti_patient_id	string
X_V_CLARITY_UCL	insti_patient_name	string
X_V_CLARITY_UCL	insti_sex_c	string
X_V_CLARITY_UCL	insti_ssn	string
X_V_CLARITY_UCL	insurance_id_number	string
X_V_CLARITY_UCL	lab_id	string
X_V_CLARITY_UCL	mea_id_c	int
X_V_CLARITY_UCL	med_sup_mod_ovr_yn	string
X_V_CLARITY_UCL	medication_id	decimal(18,0)
X_V_CLARITY_UCL	ndc_code_id	string
X_V_CLARITY_UCL	not_bill_ins_yn	string
X_V_CLARITY_UCL	order_id	decimal(18,0)
X_V_CLARITY_UCL	panel	string
X_V_CLARITY_UCL	patient_id	string
X_V_CLARITY_UCL	physical_status_c	string
X_V_CLARITY_UCL	place_of_service_id	decimal(18,0)
X_V_CLARITY_UCL	pricing_contract_id	decimal(18,0)
X_V_CLARITY_UCL	proc_description	string
X_V_CLARITY_UCL	procedure_id	decimal(18,0)
X_V_CLARITY_UCL	prov_bill_area_c	decimal(18,0)
X_V_CLARITY_UCL	quantity	decimal(24,10)
X_V_CLARITY_UCL	referral_id	decimal(18,0)
X_V_CLARITY_UCL	research_study_id	string
X_V_CLARITY_UCL	revenue_code_id	decimal(18,0)
X_V_CLARITY_UCL	revenue_location_id	decimal(18,0)
X_V_CLARITY_UCL	rfl_provider_id	string
X_V_CLARITY_UCL	rl_orderable_grper	decimal(38,0)
X_V_CLARITY_UCL	rl_requisition_id	decimal(18,0)
X_V_CLARITY_UCL	rl_rqg_id	decimal(18,0)
X_V_CLARITY_UCL	rl_specimen_line	int
X_V_CLARITY_UCL	rl_submitter_id	decimal(18,0)
X_V_CLARITY_UCL	rx_comp_line	int
X_V_CLARITY_UCL	rx_cont_date_real	double
X_V_CLARITY_UCL	rx_order_dat	decimal(18,2)
X_V_CLARITY_UCL	service_area_id	decimal(18,0)
X_V_CLARITY_UCL	service_date_dt	timestamp
X_V_CLARITY_UCL	service_provider_id	string
X_V_CLARITY_UCL	specimen_id	string
X_V_CLARITY_UCL	start_inst	timestamp
X_V_CLARITY_UCL	submitter	string
X_V_CLARITY_UCL	sup_pick_list_c	int
X_V_CLARITY_UCL	supply_id	string
X_V_CLARITY_UCL	surgical_log_id	string
X_V_CLARITY_UCL	system_flag_c	int
X_V_CLARITY_UCL	test_id	string
X_V_CLARITY_UCL	triggered_date	timestamp
X_V_CLARITY_UCL	ucl_id	string
X_V_CLARITY_UCL	update_date	timestamp
X_V_CLARITY_UCL	dl_load_dt	date
X_V_CLARITY_UCL	dl_load_ts	timestamp
X_V_OF_HSP_ACCOUNT	hsp_account_id	decimal(18,0)
X_V_OF_HSP_ACCOUNT	hsp_account_name	string
X_V_OF_HSP_ACCOUNT	acct_basecls_ha_c	int
X_V_OF_HSP_ACCOUNT	acct_class_ha_c	string
X_V_OF_HSP_ACCOUNT	acct_fin_class_c	string
X_V_OF_HSP_ACCOUNT	assoc_authcert_id	decimal(18,0)
X_V_OF_HSP_ACCOUNT	adm_date_time	timestamp
X_V_OF_HSP_ACCOUNT	adm_priority	string
X_V_OF_HSP_ACCOUNT	adm_prov_id	string
X_V_OF_HSP_ACCOUNT	attending_prov_id	string
X_V_OF_HSP_ACCOUNT	autopsy_done_yn	string
X_V_OF_HSP_ACCOUNT	autopsy_prov_id	string
X_V_OF_HSP_ACCOUNT	code_blue_ynu	string
X_V_OF_HSP_ACCOUNT	coroner_case_yn	string
X_V_OF_HSP_ACCOUNT	coverage_id	decimal(18,0)
X_V_OF_HSP_ACCOUNT	cpt_cd_new_info_yn	string
X_V_OF_HSP_ACCOUNT	cvg_list_select_yn	string
X_V_OF_HSP_ACCOUNT	disch_date_time	timestamp
X_V_OF_HSP_ACCOUNT	disch_dept_id	decimal(18,0)
X_V_OF_HSP_ACCOUNT	disch_destin_ha_c	string
X_V_OF_HSP_ACCOUNT	disch_loc_id	decimal(18,0)
X_V_OF_HSP_ACCOUNT	disch_to	string
X_V_OF_HSP_ACCOUNT	er_admit_date_time	timestamp
X_V_OF_HSP_ACCOUNT	er_admit_typ_ha_c	string
X_V_OF_HSP_ACCOUNT	er_dschg_date_time	timestamp
X_V_OF_HSP_ACCOUNT	er_pat_sts_ha_c	string
X_V_OF_HSP_ACCOUNT	expiration_unit_id	decimal(18,0)
X_V_OF_HSP_ACCOUNT	expird_in_house_yn	string
X_V_OF_HSP_ACCOUNT	final_drg_id	string
X_V_OF_HSP_ACCOUNT	follow_up	string
X_V_OF_HSP_ACCOUNT	high_risk_ynu	string
X_V_OF_HSP_ACCOUNT	hospice_indicator	string
X_V_OF_HSP_ACCOUNT	instruct_given_ynu	string
X_V_OF_HSP_ACCOUNT	is_active_yn	string
X_V_OF_HSP_ACCOUNT	is_called_911_ynu	string
X_V_OF_HSP_ACCOUNT	means_of_arrv_c	string
X_V_OF_HSP_ACCOUNT	pat_addr_1	string
X_V_OF_HSP_ACCOUNT	pat_addr_2	string
X_V_OF_HSP_ACCOUNT	pat_city	string
X_V_OF_HSP_ACCOUNT	pat_country_c	string
X_V_OF_HSP_ACCOUNT	pat_county_c	string
X_V_OF_HSP_ACCOUNT	pat_dob	timestamp
X_V_OF_HSP_ACCOUNT	pat_home_phone	string
X_V_OF_HSP_ACCOUNT	pat_id	string
X_V_OF_HSP_ACCOUNT	pat_name	string
X_V_OF_HSP_ACCOUNT	pat_sex_c	string
X_V_OF_HSP_ACCOUNT	pat_ssn	string
X_V_OF_HSP_ACCOUNT	pat_state_c	string
X_V_OF_HSP_ACCOUNT	pat_wrk_phn	string
X_V_OF_HSP_ACCOUNT	pat_zip	string
X_V_OF_HSP_ACCOUNT	plan_done_ynu	string
X_V_OF_HSP_ACCOUNT	police_involvd_ynu	string
X_V_OF_HSP_ACCOUNT	post_adm_exp_ha_c	int
X_V_OF_HSP_ACCOUNT	post_op_exp_ha_c	int
X_V_OF_HSP_ACCOUNT	prim_svc_ha_c	string
X_V_OF_HSP_ACCOUNT	prior_admission	string
X_V_OF_HSP_ACCOUNT	psych_case_ynu	string
X_V_OF_HSP_ACCOUNT	readmission_indic	string
X_V_OF_HSP_ACCOUNT	record_create_date	timestamp
X_V_OF_HSP_ACCOUNT	recur_parent_id	decimal(18,0)
X_V_OF_HSP_ACCOUNT	recur_sts_ha_c	int
X_V_OF_HSP_ACCOUNT	referring_prov_id	string
X_V_OF_HSP_ACCOUNT	rehab_indicator	string
X_V_OF_HSP_ACCOUNT	scndry_svc_ha_c	string
X_V_OF_HSP_ACCOUNT	serv_area_id	decimal(18,0)
X_V_OF_HSP_ACCOUNT	take_home_drug_ynu	string
X_V_OF_HSP_ACCOUNT	transfer_from	string
X_V_OF_HSP_ACCOUNT	transfer_src_ha_c	int
X_V_OF_HSP_ACCOUNT	treatment_auth_num	string
X_V_OF_HSP_ACCOUNT	patient_status_c	string
X_V_OF_HSP_ACCOUNT	admission_source_c	string
X_V_OF_HSP_ACCOUNT	admission_type_c	string
X_V_OF_HSP_ACCOUNT	primary_payor_id	decimal(18,0)
X_V_OF_HSP_ACCOUNT	primary_plan_id	decimal(18,0)
X_V_OF_HSP_ACCOUNT	coding_status_c	int
X_V_OF_HSP_ACCOUNT	coding_sts_user_id	string
X_V_OF_HSP_ACCOUNT	coding_datetime	timestamp
X_V_OF_HSP_ACCOUNT	case_mix_grp_code	string
X_V_OF_HSP_ACCOUNT	last_cmg_code	string
X_V_OF_HSP_ACCOUNT	birth_weight	decimal(10,3)
X_V_OF_HSP_ACCOUNT	gestational_age	string
X_V_OF_HSP_ACCOUNT	discharge_weight	decimal(10,3)
X_V_OF_HSP_ACCOUNT	organ_donor_yn	string
X_V_OF_HSP_ACCOUNT	premature_baby_yn	string
X_V_OF_HSP_ACCOUNT	coder_initials	string
X_V_OF_HSP_ACCOUNT	admit_category_c	int
X_V_OF_HSP_ACCOUNT	prim_enc_csn_id	decimal(18,0)
X_V_OF_HSP_ACCOUNT	mom_hsp_acct_id	decimal(18,0)
X_V_OF_HSP_ACCOUNT	mom_patient_id	string
X_V_OF_HSP_ACCOUNT	init_coding_date	timestamp
X_V_OF_HSP_ACCOUNT	last_coding_date	timestamp
X_V_OF_HSP_ACCOUNT	bill_drg_idtype_id	decimal(18,0)
X_V_OF_HSP_ACCOUNT	bill_drg_mdc_val	string
X_V_OF_HSP_ACCOUNT	bill_drg_weight	string
X_V_OF_HSP_ACCOUNT	bill_drg_ps	int
X_V_OF_HSP_ACCOUNT	bill_drg_rom	int
X_V_OF_HSP_ACCOUNT	bill_drg_short_los	string
X_V_OF_HSP_ACCOUNT	bill_drg_long_los	string
X_V_OF_HSP_ACCOUNT	bill_drg_amlos	string
X_V_OF_HSP_ACCOUNT	bill_drg_gmlos	string
X_V_OF_HSP_ACCOUNT	research_id	string
X_V_OF_HSP_ACCOUNT	specialty_svc_c	int
X_V_OF_HSP_ACCOUNT	xfer_to_nurse_c	int
X_V_OF_HSP_ACCOUNT	xfer_to_acute_c	int
X_V_OF_HSP_ACCOUNT	death_type_c	int
X_V_OF_HSP_ACCOUNT	apgar_1_min	int
X_V_OF_HSP_ACCOUNT	apgar_5_min	int
X_V_OF_HSP_ACCOUNT	gravida	int
X_V_OF_HSP_ACCOUNT	para	int
X_V_OF_HSP_ACCOUNT	birth_cert_sent_yn	string
X_V_OF_HSP_ACCOUNT	failed_vbac_yn	string
X_V_OF_HSP_ACCOUNT	delivery_date_time	timestamp
X_V_OF_HSP_ACCOUNT	prenatal_prov_id	string
X_V_OF_HSP_ACCOUNT	deliver_prov_id	string
X_V_OF_HSP_ACCOUNT	gest_age_baby	int
X_V_OF_HSP_ACCOUNT	dl_load_dt	date
X_V_OF_HSP_ACCOUNT	dl_load_ts	timestamp
X_V_OF_HSP_ACCOUNT	adm_deparment_id	decimal(18,0)
X_V_OF_HSP_ACCOUNT	adm_loc_id	decimal(18,0)
X_V_OF_HSP_ACCOUNT	ip_admit_date_time	timestamp
X_V_OF_HSP_ACCOUNT	related_har_id	decimal(18,0)
X_V_OF_HSP_ACCOUNT	loc_id	decimal(18,0)
ZC_ABNORMAL_TYPE	abnormal_type_c	int
ZC_ABNORMAL_TYPE	name	string
ZC_ABNORMAL_TYPE	title	string
ZC_ABNORMAL_TYPE	abbr	string
ZC_ABNORMAL_TYPE	internal_id	int
ZC_ABNORMAL_TYPE	dl_load_dt	date
ZC_ABNORMAL_TYPE	dl_load_ts	timestamp
ZC_ACCESS_ACTION	access_action_c	int
ZC_ACCESS_ACTION	name	string
ZC_ACCESS_ACTION	title	string
ZC_ACCESS_ACTION	abbr	string
ZC_ACCESS_ACTION	internal_id	int
ZC_ACCESS_ACTION	dl_load_dt	date
ZC_ACCESS_ACTION	dl_load_ts	timestamp
ZC_ACCOM_REASON	accom_reason_c	int
ZC_ACCOM_REASON	name	string
ZC_ACCOM_REASON	title	string
ZC_ACCOM_REASON	abbr	string
ZC_ACCOM_REASON	internal_id	int
ZC_ACCOM_REASON	dl_load_dt	date
ZC_ACCOM_REASON	dl_load_ts	timestamp
ZC_ACCOMMODATION	accommodation_c	string
ZC_ACCOMMODATION	name	string
ZC_ACCOMMODATION	title	string
ZC_ACCOMMODATION	abbr	string
ZC_ACCOMMODATION	internal_id	string
ZC_ACCOMMODATION	dl_load_dt	date
ZC_ACCOMMODATION	dl_load_ts	timestamp
ZC_ACCOUNT_TYPE	account_type_c	int
ZC_ACCOUNT_TYPE	name	string
ZC_ACCOUNT_TYPE	title	string
ZC_ACCOUNT_TYPE	abbr	string
ZC_ACCOUNT_TYPE	internal_id	int
ZC_ACCOUNT_TYPE	dl_load_dt	date
ZC_ACCOUNT_TYPE	dl_load_ts	timestamp
ZC_ACCOUNT_TYPE	pat_id	string
ZC_ACCOUNT_TYPE	line	int
ZC_ACCOUNT_TYPE	cm_phy_owner_id	string
ZC_ACCOUNT_TYPE	cm_log_owner_id	string
ZC_ACCOUNT_TYPE	address_details_c	int
ZC_ACCOUNT_TYPE	address_details_val	string
ZC_ACCT_BASECLS_HA	acct_basecls_ha_c	int
ZC_ACCT_BASECLS_HA	name	string
ZC_ACCT_BASECLS_HA	title	string
ZC_ACCT_BASECLS_HA	abbr	string
ZC_ACCT_BASECLS_HA	internal_id	int
ZC_ACCT_BASECLS_HA	dl_load_dt	date
ZC_ACCT_BASECLS_HA	dl_load_ts	timestamp
ZC_ACCT_BILLSTS_HA	acct_billsts_ha_c	int
ZC_ACCT_BILLSTS_HA	name	string
ZC_ACCT_BILLSTS_HA	title	string
ZC_ACCT_BILLSTS_HA	abbr	string
ZC_ACCT_BILLSTS_HA	internal_id	int
ZC_ACCT_BILLSTS_HA	dl_load_dt	date
ZC_ACCT_BILLSTS_HA	dl_load_ts	timestamp
ZC_ACCT_CLASS_HA	acct_class_ha_c	string
ZC_ACCT_CLASS_HA	name	string
ZC_ACCT_CLASS_HA	title	string
ZC_ACCT_CLASS_HA	abbr	string
ZC_ACCT_CLASS_HA	internal_id	string
ZC_ACCT_CLASS_HA	dl_load_dt	date
ZC_ACCT_CLASS_HA	dl_load_ts	timestamp
ZC_ACTION_TYPE_2	action_type_2_c	int
ZC_ACTION_TYPE_2	name	string
ZC_ACTION_TYPE_2	title	string
ZC_ACTION_TYPE_2	abbr	string
ZC_ACTION_TYPE_2	internal_id	int
ZC_ACTION_TYPE_2	dl_load_dt	date
ZC_ACTION_TYPE_2	dl_load_ts	timestamp
ZC_ACTIVE_ORDER	active_order_c	int
ZC_ACTIVE_ORDER	name	string
ZC_ACTIVE_ORDER	title	string
ZC_ACTIVE_ORDER	abbr	string
ZC_ACTIVE_ORDER	internal_id	int
ZC_ACTIVE_ORDER	dl_load_dt	date
ZC_ACTIVE_ORDER	dl_load_ts	timestamp
ZC_ACTIVE_STATUS_2	active_status_2_c	int
ZC_ACTIVE_STATUS_2	name	string
ZC_ACTIVE_STATUS_2	title	string
ZC_ACTIVE_STATUS_2	abbr	string
ZC_ACTIVE_STATUS_2	internal_id	int
ZC_ACTIVE_STATUS_2	dl_load_dt	date
ZC_ACTIVE_STATUS_2	dl_load_ts	timestamp
ZC_ACUITY_LEVEL	acuity_level_c	int
ZC_ACUITY_LEVEL	name	string
ZC_ACUITY_LEVEL	title	string
ZC_ACUITY_LEVEL	abbr	string
ZC_ACUITY_LEVEL	internal_id	int
ZC_ACUITY_LEVEL	dl_load_dt	date
ZC_ACUITY_LEVEL	dl_load_ts	timestamp
ZC_ADDL_ADDR_DETAILS	address_details_c	int
ZC_ADDL_ADDR_DETAILS	name	string
ZC_ADDL_ADDR_DETAILS	title	string
ZC_ADDL_ADDR_DETAILS	abbr	string
ZC_ADDL_ADDR_DETAILS	internal_id	int
ZC_ADDL_ADDR_DETAILS	dl_load_dt	date
ZC_ADDL_ADDR_DETAILS	dl_load_ts	timestamp
ZC_ADJUSTMENT_CAT	adjustment_cat_c	int
ZC_ADJUSTMENT_CAT	name	string
ZC_ADJUSTMENT_CAT	title	string
ZC_ADJUSTMENT_CAT	abbr	string
ZC_ADJUSTMENT_CAT	internal_id	int
ZC_ADJUSTMENT_CAT	dl_load_dt	date
ZC_ADJUSTMENT_CAT	dl_load_ts	timestamp
ZC_ADM_SOURCE	admit_source_c	string
ZC_ADM_SOURCE	name	string
ZC_ADM_SOURCE	title	string
ZC_ADM_SOURCE	abbr	string
ZC_ADM_SOURCE	internal_id	string
ZC_ADM_SOURCE	dl_load_dt	date
ZC_ADM_SOURCE	dl_load_ts	timestamp
ZC_ADMIN_ROUTE	med_route_c	int
ZC_ADMIN_ROUTE	name	string
ZC_ADMIN_ROUTE	title	string
ZC_ADMIN_ROUTE	abbr	string
ZC_ADMIN_ROUTE	internal_id	int
ZC_ADMIN_ROUTE	dl_load_dt	date
ZC_ADMIN_ROUTE	dl_load_ts	timestamp
ZC_ADT_UNIT_TYPE	adt_unit_type_c	int
ZC_ADT_UNIT_TYPE	name	string
ZC_ADT_UNIT_TYPE	title	string
ZC_ADT_UNIT_TYPE	abbr	string
ZC_ADT_UNIT_TYPE	internal_id	int
ZC_ADT_UNIT_TYPE	dl_load_dt	date
ZC_ADT_UNIT_TYPE	dl_load_ts	timestamp
ZC_ALCOHOL_BINGE	alcohol_binge_c	int
ZC_ALCOHOL_BINGE	name	string
ZC_ALCOHOL_BINGE	title	string
ZC_ALCOHOL_BINGE	abbr	string
ZC_ALCOHOL_BINGE	internal_id	int
ZC_ALCOHOL_BINGE	dl_load_dt	date
ZC_ALCOHOL_BINGE	dl_load_ts	timestamp
ZC_ALCOHOL_DRINKS_PER_DAY	alcohol_drinks_per_day_c	int
ZC_ALCOHOL_DRINKS_PER_DAY	name	string
ZC_ALCOHOL_DRINKS_PER_DAY	title	string
ZC_ALCOHOL_DRINKS_PER_DAY	abbr	string
ZC_ALCOHOL_DRINKS_PER_DAY	internal_id	int
ZC_ALCOHOL_DRINKS_PER_DAY	dl_load_dt	date
ZC_ALCOHOL_DRINKS_PER_DAY	dl_load_ts	timestamp
ZC_ALCOHOL_FREQ	alcohol_freq_c	int
ZC_ALCOHOL_FREQ	name	string
ZC_ALCOHOL_FREQ	title	string
ZC_ALCOHOL_FREQ	abbr	string
ZC_ALCOHOL_FREQ	internal_id	int
ZC_ALCOHOL_FREQ	dl_load_dt	date
ZC_ALCOHOL_FREQ	dl_load_ts	timestamp
ZC_ALCOHOL_USE	alcohol_use_c	int
ZC_ALCOHOL_USE	name	string
ZC_ALCOHOL_USE	title	string
ZC_ALCOHOL_USE	abbr	string
ZC_ALCOHOL_USE	internal_id	int
ZC_ALCOHOL_USE	dl_load_dt	date
ZC_ALCOHOL_USE	dl_load_ts	timestamp
ZC_ALLELIC_BASIS	allelic_basis_c	int
ZC_ALLELIC_BASIS	name	string
ZC_ALLELIC_BASIS	title	string
ZC_ALLELIC_BASIS	abbr	string
ZC_ALLELIC_BASIS	internal_id	int
ZC_ALLELIC_BASIS	dl_load_dt	date
ZC_ALLELIC_BASIS	dl_load_ts	timestamp
ZC_ALLELIC_PHASE	allelic_phase_c	int
ZC_ALLELIC_PHASE	name	string
ZC_ALLELIC_PHASE	title	string
ZC_ALLELIC_PHASE	abbr	string
ZC_ALLELIC_PHASE	internal_id	int
ZC_ALLELIC_PHASE	dl_load_dt	date
ZC_ALLELIC_PHASE	dl_load_ts	timestamp
ZC_ALLELIC_STATE	allelic_state_c	int
ZC_ALLELIC_STATE	name	string
ZC_ALLELIC_STATE	title	string
ZC_ALLELIC_STATE	abbr	string
ZC_ALLELIC_STATE	internal_id	int
ZC_ALLELIC_STATE	dl_load_dt	date
ZC_ALLELIC_STATE	dl_load_ts	timestamp
ZC_ALLERGEN_TYPE	allergen_type_c	int
ZC_ALLERGEN_TYPE	name	string
ZC_ALLERGEN_TYPE	title	string
ZC_ALLERGEN_TYPE	abbr	string
ZC_ALLERGEN_TYPE	internal_id	int
ZC_ALLERGEN_TYPE	dl_load_dt	date
ZC_ALLERGEN_TYPE	dl_load_ts	timestamp
ZC_ALLERGY_CERTAINTY	allergy_certainty_c	int
ZC_ALLERGY_CERTAINTY	name	string
ZC_ALLERGY_CERTAINTY	title	string
ZC_ALLERGY_CERTAINTY	abbr	string
ZC_ALLERGY_CERTAINTY	internal_id	int
ZC_ALLERGY_CERTAINTY	dl_load_dt	date
ZC_ALLERGY_CERTAINTY	dl_load_ts	timestamp
ZC_ALLERGY_CERTAINTY	regimen_id	decimal(18,0)
ZC_ALLERGY_CERTAINTY	cm_phy_owner_id	string
ZC_ALLERGY_CERTAINTY	cm_log_owner_id	string
ZC_ALLERGY_CERTAINTY	regimen_name	string
ZC_ALLERGY_CERTAINTY	defer_day_rsn_c	int
ZC_ALLERGY_CERTAINTY	cancel_day_rsn_c	int
ZC_ALLERGY_CERTAINTY	status_comments	string
ZC_ALLERGY_CERTAINTY	trg_tpl_id	decimal(18,0)
ZC_ALLERGY_CERTAINTY	trg_status_c	int
ZC_ALLERGY_CERTAINTY	rec_type_c	int
ZC_ALLERGY_CERTAINTY	sg_pathway_id	decimal(18,0)
ZC_ALLERGY_CERTAINTY	given_exter_rsn_c	int
ZC_ALLERGY_CERTAINTY	rec_archived_yn	string
ZC_ALLERGY_CERTAINTY	rec_event_id	string
ZC_ALLERGY_CERTAINTY	needs_rec_yn	string
ZC_ALLERGY_CERTAINTY	tx_remove_reason_c	int
ZC_ALLERGY_CERTAINTY	tx_remove_comments	string
ZC_ALLERGY_CERTAINTY	tx_remove_utc_dttm	timestamp
ZC_ALLERGY_CERTAINTY	tx_remove_emp_id	string
ZC_ALLERGY_CERTAINTY	instant_of_update_dttm	timestamp
ZC_ALLERGY_CERTAINTY	record_status_c	int
ZC_ALLERGY_CERTAINTY	is_treatment_day_deleted_yn	string
ZC_ALLERGY_CERTAINTY	is_trt_day_del_by_plan_conv_yn	string
ZC_ALLERGY_CERTAINTY	pat_id	string
ZC_ALLERGY_SEVERIT	allergy_severity_c	int
ZC_ALLERGY_SEVERIT	name	string
ZC_ALLERGY_SEVERIT	title	string
ZC_ALLERGY_SEVERIT	abbr	string
ZC_ALLERGY_SEVERIT	internal_id	int
ZC_ALLERGY_SEVERIT	dl_load_dt	date
ZC_ALLERGY_SEVERIT	dl_load_ts	timestamp
ZC_ALRGY_DLET_RSN	alrgy_dlet_rsn_c	int
ZC_ALRGY_DLET_RSN	name	string
ZC_ALRGY_DLET_RSN	title	string
ZC_ALRGY_DLET_RSN	abbr	string
ZC_ALRGY_DLET_RSN	internal_id	int
ZC_ALRGY_DLET_RSN	dl_load_dt	date
ZC_ALRGY_DLET_RSN	dl_load_ts	timestamp
ZC_ALRGY_STATUS	alrgy_status_c	int
ZC_ALRGY_STATUS	name	string
ZC_ALRGY_STATUS	title	string
ZC_ALRGY_STATUS	abbr	string
ZC_ALRGY_STATUS	internal_id	int
ZC_ALRGY_STATUS	dl_load_dt	date
ZC_ALRGY_STATUS	dl_load_ts	timestamp
ZC_ALRTS_OVR_RSN	alrts_ovr_rsn_c	int
ZC_ALRTS_OVR_RSN	name	string
ZC_ALRTS_OVR_RSN	title	string
ZC_ALRTS_OVR_RSN	abbr	string
ZC_ALRTS_OVR_RSN	internal_id	int
ZC_ALRTS_OVR_RSN	dl_load_dt	date
ZC_ALRTS_OVR_RSN	dl_load_ts	timestamp
ZC_ALT_STATUS	alt_status_c	int
ZC_ALT_STATUS	name	string
ZC_ALT_STATUS	title	string
ZC_ALT_STATUS	abbr	string
ZC_ALT_STATUS	internal_id	int
ZC_ALT_STATUS	dl_load_dt	date
ZC_ALT_STATUS	dl_load_ts	timestamp
ZC_ANATOMICAL_RESECTION	anatomical_resection_c	string
ZC_ANATOMICAL_RESECTION	name	string
ZC_ANATOMICAL_RESECTION	title	string
ZC_ANATOMICAL_RESECTION	abbr	string
ZC_ANATOMICAL_RESECTION	internal_id	string
ZC_ANATOMICAL_RESECTION	dl_load_dt	date
ZC_ANATOMICAL_RESECTION	dl_load_ts	timestamp
ZC_ANTIBIOTIC	antibiotic_c	int
ZC_ANTIBIOTIC	name	string
ZC_ANTIBIOTIC	title	string
ZC_ANTIBIOTIC	abbr	string
ZC_ANTIBIOTIC	internal_id	int
ZC_ANTIBIOTIC	dl_load_dt	date
ZC_ANTIBIOTIC	dl_load_ts	timestamp
ZC_AP_CASE_HOLD	ap_case_hold_c	string
ZC_AP_CASE_HOLD	name	string
ZC_AP_CASE_HOLD	title	string
ZC_AP_CASE_HOLD	abbr	string
ZC_AP_CASE_HOLD	internal_id	string
ZC_AP_CASE_HOLD	dl_load_dt	date
ZC_AP_CASE_HOLD	dl_load_ts	timestamp
ZC_AP_CASE_STATUS	ap_case_status_c	int
ZC_AP_CASE_STATUS	name	string
ZC_AP_CASE_STATUS	title	string
ZC_AP_CASE_STATUS	abbr	string
ZC_AP_CASE_STATUS	internal_id	int
ZC_AP_CASE_STATUS	dl_load_dt	date
ZC_AP_CASE_STATUS	dl_load_ts	timestamp
ZC_AP_RES_STATUS	ap_res_status_c	int
ZC_AP_RES_STATUS	name	string
ZC_AP_RES_STATUS	title	string
ZC_AP_RES_STATUS	abbr	string
ZC_AP_RES_STATUS	internal_id	int
ZC_AP_RES_STATUS	dl_load_dt	date
ZC_AP_RES_STATUS	dl_load_ts	timestamp
ZC_AP_RES_TYPE	ap_res_type_c	int
ZC_AP_RES_TYPE	name	string
ZC_AP_RES_TYPE	title	string
ZC_AP_RES_TYPE	abbr	string
ZC_AP_RES_TYPE	internal_id	int
ZC_AP_RES_TYPE	dl_load_dt	date
ZC_AP_RES_TYPE	dl_load_ts	timestamp
ZC_AP_SPEC_ATTR	ap_spec_attr_c	int
ZC_AP_SPEC_ATTR	name	string
ZC_AP_SPEC_ATTR	title	string
ZC_AP_SPEC_ATTR	abbr	string
ZC_AP_SPEC_ATTR	internal_id	int
ZC_AP_SPEC_ATTR	dl_load_dt	date
ZC_AP_SPEC_ATTR	dl_load_ts	timestamp
ZC_AP_WORKLIST_TYP	ap_worklist_typ_c	int
ZC_AP_WORKLIST_TYP	name	string
ZC_AP_WORKLIST_TYP	title	string
ZC_AP_WORKLIST_TYP	abbr	string
ZC_AP_WORKLIST_TYP	internal_id	int
ZC_AP_WORKLIST_TYP	dl_load_dt	date
ZC_AP_WORKLIST_TYP	dl_load_ts	timestamp
ZC_APPLICATION	application_c	int
ZC_APPLICATION	name	string
ZC_APPLICATION	title	string
ZC_APPLICATION	abbr	string
ZC_APPLICATION	internal_id	int
ZC_APPLICATION	dl_load_dt	date
ZC_APPLICATION	dl_load_ts	timestamp
ZC_APPROVAL_APP	approval_app_c	int
ZC_APPROVAL_APP	name	string
ZC_APPROVAL_APP	title	string
ZC_APPROVAL_APP	abbr	string
ZC_APPROVAL_APP	internal_id	int
ZC_APPROVAL_APP	dl_load_dt	date
ZC_APPROVAL_APP	dl_load_ts	timestamp
ZC_APPT_CONF_STAT	appt_conf_stat_c	int
ZC_APPT_CONF_STAT	name	string
ZC_APPT_CONF_STAT	title	string
ZC_APPT_CONF_STAT	abbr	string
ZC_APPT_CONF_STAT	internal_id	int
ZC_APPT_CONF_STAT	dl_load_dt	date
ZC_APPT_CONF_STAT	dl_load_ts	timestamp
ZC_APPT_STATUS	appt_status_c	int
ZC_APPT_STATUS	name	string
ZC_APPT_STATUS	title	string
ZC_APPT_STATUS	abbr	string
ZC_APPT_STATUS	internal_id	int
ZC_APPT_STATUS	dl_load_dt	date
ZC_APPT_STATUS	dl_load_ts	timestamp
ZC_ARRIV_MEANS	means_of_arrv_c	string
ZC_ARRIV_MEANS	name	string
ZC_ARRIV_MEANS	title	string
ZC_ARRIV_MEANS	abbr	string
ZC_ARRIV_MEANS	internal_id	string
ZC_ARRIV_MEANS	dl_load_dt	date
ZC_ARRIV_MEANS	dl_load_ts	timestamp
ZC_ASGND_INTERP_TY	asgnd_interp_ty_c	int
ZC_ASGND_INTERP_TY	name	string
ZC_ASGND_INTERP_TY	title	string
ZC_ASGND_INTERP_TY	abbr	string
ZC_ASGND_INTERP_TY	internal_id	int
ZC_ASGND_INTERP_TY	dl_load_dt	date
ZC_ASGND_INTERP_TY	dl_load_ts	timestamp
ZC_ASGND_INTERP_TY	pgx_drug_metab_c	int
ZC_ASSESSMENT_2	assessment_2_c	int
ZC_ASSESSMENT_2	name	string
ZC_ASSESSMENT_2	title	string
ZC_ASSESSMENT_2	abbr	string
ZC_ASSESSMENT_2	internal_id	int
ZC_ASSESSMENT_2	dl_load_dt	date
ZC_ASSESSMENT_2	dl_load_ts	timestamp
ZC_AUDIT_PLATFORM	audit_platform_c	int
ZC_AUDIT_PLATFORM	name	string
ZC_AUDIT_PLATFORM	title	string
ZC_AUDIT_PLATFORM	abbr	string
ZC_AUDIT_PLATFORM	internal_id	int
ZC_AUDIT_PLATFORM	dl_load_dt	date
ZC_AUDIT_PLATFORM	dl_load_ts	timestamp
ZC_AVATAR_ORIENT	avatar_orient_c	int
ZC_AVATAR_ORIENT	name	string
ZC_AVATAR_ORIENT	title	string
ZC_AVATAR_ORIENT	abbr	string
ZC_AVATAR_ORIENT	internal_id	int
ZC_AVATAR_ORIENT	dl_load_dt	date
ZC_AVATAR_ORIENT	dl_load_ts	timestamp
ZC_BACKGROUND_AVATAR	background_avatar_c	int
ZC_BACKGROUND_AVATAR	name	string
ZC_BACKGROUND_AVATAR	title	string
ZC_BACKGROUND_AVATAR	abbr	string
ZC_BACKGROUND_AVATAR	internal_id	int
ZC_BACKGROUND_AVATAR	dl_load_dt	date
ZC_BACKGROUND_AVATAR	dl_load_ts	timestamp
ZC_BH_CORD_COMP	bh_cord_comp_c	int
ZC_BH_CORD_COMP	name	string
ZC_BH_CORD_COMP	title	string
ZC_BH_CORD_COMP	abbr	string
ZC_BH_CORD_COMP	internal_id	int
ZC_BH_CORD_COMP	dl_load_dt	date
ZC_BH_CORD_COMP	dl_load_ts	timestamp
ZC_BH_PRESENTATION	bh_presentation_c	int
ZC_BH_PRESENTATION	name	string
ZC_BH_PRESENTATION	title	string
ZC_BH_PRESENTATION	abbr	string
ZC_BH_PRESENTATION	internal_id	int
ZC_BH_PRESENTATION	dl_load_dt	date
ZC_BH_PRESENTATION	dl_load_ts	timestamp
ZC_BH_RESUSCIT	bh_resuscitatio_c	int
ZC_BH_RESUSCIT	name	string
ZC_BH_RESUSCIT	title	string
ZC_BH_RESUSCIT	abbr	string
ZC_BH_RESUSCIT	internal_id	int
ZC_BH_RESUSCIT	dl_load_dt	date
ZC_BH_RESUSCIT	dl_load_ts	timestamp
ZC_BIOTYPE	biotype_c	int
ZC_BIOTYPE	name	string
ZC_BIOTYPE	title	string
ZC_BIOTYPE	abbr	string
ZC_BIOTYPE	internal_id	int
ZC_BIOTYPE	dl_load_dt	date
ZC_BIOTYPE	dl_load_ts	timestamp
ZC_BIOTYPE	quest_id	string
ZC_BIOTYPE	quest_name	string
ZC_BIOTYPE	record_state	string
ZC_BIOTYPE	quest_type_c	int
ZC_BIOTYPE	hcf_quest_lpp_id	decimal(18,0)
ZC_BIOTYPE	hcf_filing_lpp_id	decimal(18,0)
ZC_BIOTYPE	reg_resp_ini	string
ZC_BIOTYPE	reg_resp_item	string
ZC_BIOTYPE	reg_resp_type_c	int
ZC_BIOTYPE	cm_phy_owner_id	string
ZC_BIOTYPE	cm_log_owner_id	string
ZC_BIOTYPE	flo_id	string
ZC_BIOTYPE	copy_forward_yn	string
ZC_BIOTYPE	hpi_element_prompt	string
ZC_BIOTYPE	hpi_element_type_c	int
ZC_BIOTYPE	is_followup_yn	string
ZC_BIOTYPE	conv_from_hx_template_id	string
ZC_BIOTYPE	pat_friendly_quest_name	string
ZC_BIOTYPE	results_network_unique_ident	string
ZC_BIOTYPE	prom_concept_id	string
ZC_CALCULATED_ENC_STAT	calculated_enc_stat_c	int
ZC_CALCULATED_ENC_STAT	name	string
ZC_CALCULATED_ENC_STAT	title	string
ZC_CALCULATED_ENC_STAT	abbr	string
ZC_CALCULATED_ENC_STAT	internal_id	int
ZC_CALCULATED_ENC_STAT	dl_load_dt	date
ZC_CALCULATED_ENC_STAT	dl_load_ts	timestamp
ZC_CANCEL_DAY_RSN	cancel_day_rsn_c	int
ZC_CANCEL_DAY_RSN	name	string
ZC_CANCEL_DAY_RSN	title	string
ZC_CANCEL_DAY_RSN	abbr	string
ZC_CANCEL_DAY_RSN	internal_id	int
ZC_CANCEL_DAY_RSN	dl_load_dt	date
ZC_CANCEL_DAY_RSN	dl_load_ts	timestamp
ZC_CANCEL_REASON	cancel_reason_c	int
ZC_CANCEL_REASON	name	string
ZC_CANCEL_REASON	title	string
ZC_CANCEL_REASON	abbr	string
ZC_CANCEL_REASON	internal_id	int
ZC_CANCEL_REASON	dl_load_dt	date
ZC_CANCEL_REASON	dl_load_ts	timestamp
ZC_CAREPLAN_TYPE	careplan_type_c	int
ZC_CAREPLAN_TYPE	name	string
ZC_CAREPLAN_TYPE	title	string
ZC_CAREPLAN_TYPE	abbr	string
ZC_CAREPLAN_TYPE	internal_id	int
ZC_CAREPLAN_TYPE	dl_load_dt	date
ZC_CAREPLAN_TYPE	dl_load_ts	timestamp
ZC_CASE_FLAGS	case_flags_c	int
ZC_CASE_FLAGS	name	string
ZC_CASE_FLAGS	title	string
ZC_CASE_FLAGS	abbr	string
ZC_CASE_FLAGS	internal_id	int
ZC_CASE_FLAGS	dl_load_dt	date
ZC_CASE_FLAGS	dl_load_ts	timestamp
ZC_CENTER	center_c	string
ZC_CENTER	name	string
ZC_CENTER	title	string
ZC_CENTER	abbr	string
ZC_CENTER	internal_id	string
ZC_CENTER	dl_load_dt	date
ZC_CENTER	dl_load_ts	timestamp
ZC_CHANGE_TYPE	change_type_c	int
ZC_CHANGE_TYPE	name	string
ZC_CHANGE_TYPE	title	string
ZC_CHANGE_TYPE	abbr	string
ZC_CHANGE_TYPE	internal_id	int
ZC_CHANGE_TYPE	dl_load_dt	date
ZC_CHANGE_TYPE	dl_load_ts	timestamp
ZC_CHAT_MESSAGE_TYPE	chat_message_type_c	int
ZC_CHAT_MESSAGE_TYPE	name	string
ZC_CHAT_MESSAGE_TYPE	title	string
ZC_CHAT_MESSAGE_TYPE	abbr	string
ZC_CHAT_MESSAGE_TYPE	internal_id	int
ZC_CHAT_MESSAGE_TYPE	dl_load_dt	date
ZC_CHAT_MESSAGE_TYPE	dl_load_ts	timestamp
ZC_CHROMOSOME	chromosome_c	int
ZC_CHROMOSOME	name	string
ZC_CHROMOSOME	title	string
ZC_CHROMOSOME	abbr	string
ZC_CHROMOSOME	internal_id	int
ZC_CHROMOSOME	dl_load_dt	date
ZC_CHROMOSOME	dl_load_ts	timestamp
ZC_CHURCH_ATTENDANCE	sdoh_church_attendance_c	int
ZC_CHURCH_ATTENDANCE	name	string
ZC_CHURCH_ATTENDANCE	title	string
ZC_CHURCH_ATTENDANCE	abbr	string
ZC_CHURCH_ATTENDANCE	internal_id	int
ZC_CHURCH_ATTENDANCE	dl_load_dt	date
ZC_CHURCH_ATTENDANCE	dl_load_ts	timestamp
ZC_CLASS_OF_PROBLE	class_of_problem_c	int
ZC_CLASS_OF_PROBLE	name	string
ZC_CLASS_OF_PROBLE	title	string
ZC_CLASS_OF_PROBLE	abbr	string
ZC_CLASS_OF_PROBLE	internal_id	int
ZC_CLASS_OF_PROBLE	dl_load_dt	date
ZC_CLASS_OF_PROBLE	dl_load_ts	timestamp
ZC_CLIENT_APP_TARGET	client_app_target_c	int
ZC_CLIENT_APP_TARGET	name	string
ZC_CLIENT_APP_TARGET	title	string
ZC_CLIENT_APP_TARGET	abbr	string
ZC_CLIENT_APP_TARGET	internal_id	int
ZC_CLIENT_APP_TARGET	dl_load_dt	date
ZC_CLIENT_APP_TARGET	dl_load_ts	timestamp
ZC_CLINICAL_SIGNIF	clinical_signif_c	int
ZC_CLINICAL_SIGNIF	name	string
ZC_CLINICAL_SIGNIF	title	string
ZC_CLINICAL_SIGNIF	abbr	string
ZC_CLINICAL_SIGNIF	internal_id	int
ZC_CLINICAL_SIGNIF	dl_load_dt	date
ZC_CLINICAL_SIGNIF	dl_load_ts	timestamp
ZC_CLINICAL_SVC	clinical_svc_c	string
ZC_CLINICAL_SVC	name	string
ZC_CLINICAL_SVC	title	string
ZC_CLINICAL_SVC	abbr	string
ZC_CLINICAL_SVC	internal_id	string
ZC_CLINICAL_SVC	dl_load_dt	date
ZC_CLINICAL_SVC	dl_load_ts	timestamp
ZC_CLUB_MEMBER	club_member_c	int
ZC_CLUB_MEMBER	name	string
ZC_CLUB_MEMBER	title	string
ZC_CLUB_MEMBER	abbr	string
ZC_CLUB_MEMBER	internal_id	int
ZC_CLUB_MEMBER	dl_load_dt	date
ZC_CLUB_MEMBER	dl_load_ts	timestamp
ZC_CLUBMTG_ATTENDANCE	clubmtg_attendance_c	int
ZC_CLUBMTG_ATTENDANCE	name	string
ZC_CLUBMTG_ATTENDANCE	title	string
ZC_CLUBMTG_ATTENDANCE	abbr	string
ZC_CLUBMTG_ATTENDANCE	internal_id	int
ZC_CLUBMTG_ATTENDANCE	dl_load_dt	date
ZC_CLUBMTG_ATTENDANCE	dl_load_ts	timestamp
ZC_CODE_STATUS	cd_status_c	int
ZC_CODE_STATUS	name	string
ZC_CODE_STATUS	title	string
ZC_CODE_STATUS	abbr	string
ZC_CODE_STATUS	internal_id	int
ZC_CODE_STATUS	dl_load_dt	date
ZC_CODE_STATUS	dl_load_ts	timestamp
ZC_CODE_TYPE	code_type_c	int
ZC_CODE_TYPE	name	string
ZC_CODE_TYPE	title	string
ZC_CODE_TYPE	abbr	string
ZC_CODE_TYPE	internal_id	int
ZC_CODE_TYPE	dl_load_dt	date
ZC_CODE_TYPE	dl_load_ts	timestamp
ZC_COMM_AUTH	comm_auth_c	int
ZC_COMM_AUTH	name	string
ZC_COMM_AUTH	title	string
ZC_COMM_AUTH	abbr	string
ZC_COMM_AUTH	internal_id	int
ZC_COMM_AUTH	dl_load_dt	date
ZC_COMM_AUTH	dl_load_ts	timestamp
ZC_COMM_ORIG_TYP	comm_orig_typ_c	int
ZC_COMM_ORIG_TYP	name	string
ZC_COMM_ORIG_TYP	title	string
ZC_COMM_ORIG_TYP	abbr	string
ZC_COMM_ORIG_TYP	internal_id	int
ZC_COMM_ORIG_TYP	dl_load_dt	date
ZC_COMM_ORIG_TYP	dl_load_ts	timestamp
ZC_COMP_REPORTED	comp_reported_c	int
ZC_COMP_REPORTED	name	string
ZC_COMP_REPORTED	title	string
ZC_COMP_REPORTED	abbr	string
ZC_COMP_REPORTED	internal_id	int
ZC_COMP_REPORTED	dl_load_dt	date
ZC_COMP_REPORTED	dl_load_ts	timestamp
ZC_COMPONENT_GRP	component_grp_c	int
ZC_COMPONENT_GRP	name	string
ZC_COMPONENT_GRP	title	string
ZC_COMPONENT_GRP	abbr	string
ZC_COMPONENT_GRP	internal_id	int
ZC_COMPONENT_GRP	dl_load_dt	date
ZC_COMPONENT_GRP	dl_load_ts	timestamp
ZC_CONF_STAT	admit_conf_stat_c	int
ZC_CONF_STAT	name	string
ZC_CONF_STAT	title	string
ZC_CONF_STAT	abbr	string
ZC_CONF_STAT	internal_id	int
ZC_CONF_STAT	dl_load_dt	date
ZC_CONF_STAT	dl_load_ts	timestamp
ZC_CONTRAST_REQ	contrast_req_c	int
ZC_CONTRAST_REQ	name	string
ZC_CONTRAST_REQ	title	string
ZC_CONTRAST_REQ	abbr	string
ZC_CONTRAST_REQ	internal_id	int
ZC_CONTRAST_REQ	dl_load_dt	date
ZC_CONTRAST_REQ	dl_load_ts	timestamp
ZC_COUNTRY	country_c	string
ZC_COUNTRY	name	string
ZC_COUNTRY	title	string
ZC_COUNTRY	abbr	string
ZC_COUNTRY	internal_id	string
ZC_COUNTRY	dl_load_dt	date
ZC_COUNTRY	dl_load_ts	timestamp
ZC_COUNTY	county_c	string
ZC_COUNTY	name	string
ZC_COUNTY	title	string
ZC_COUNTY	abbr	string
ZC_COUNTY	internal_id	string
ZC_COUNTY	dl_load_dt	date
ZC_COUNTY	dl_load_ts	timestamp
ZC_CS_SURG_CASE_CLASS	cs_surg_case_class_c	int
ZC_CS_SURG_CASE_CLASS	name	string
ZC_CS_SURG_CASE_CLASS	title	string
ZC_CS_SURG_CASE_CLASS	abbr	string
ZC_CS_SURG_CASE_CLASS	internal_id	int
ZC_CS_SURG_CASE_CLASS	dl_load_dt	date
ZC_CS_SURG_CASE_CLASS	dl_load_ts	timestamp
ZC_CVG_REG_STATUS	cvg_reg_status_c	string
ZC_CVG_REG_STATUS	name	string
ZC_CVG_REG_STATUS	title	string
ZC_CVG_REG_STATUS	abbr	string
ZC_CVG_REG_STATUS	internal_id	string
ZC_CVG_REG_STATUS	dl_load_dt	date
ZC_CVG_REG_STATUS	dl_load_ts	timestamp
ZC_CYCLE_STATUS	cycle_status_c	int
ZC_CYCLE_STATUS	name	string
ZC_CYCLE_STATUS	title	string
ZC_CYCLE_STATUS	abbr	string
ZC_CYCLE_STATUS	internal_id	int
ZC_CYCLE_STATUS	dl_load_dt	date
ZC_CYCLE_STATUS	dl_load_ts	timestamp
ZC_DAILY_STRESS	daily_stress_c	int
ZC_DAILY_STRESS	name	string
ZC_DAILY_STRESS	title	string
ZC_DAILY_STRESS	abbr	string
ZC_DAILY_STRESS	internal_id	int
ZC_DAILY_STRESS	dl_load_dt	date
ZC_DAILY_STRESS	dl_load_ts	timestamp
ZC_DATA_INDEXED	data_indexed_c	int
ZC_DATA_INDEXED	name	string
ZC_DATA_INDEXED	title	string
ZC_DATA_INDEXED	abbr	string
ZC_DATA_INDEXED	internal_id	int
ZC_DATA_INDEXED	dl_load_dt	date
ZC_DATA_INDEXED	dl_load_ts	timestamp
ZC_DAY_TYPE	day_type_c	string
ZC_DAY_TYPE	name	string
ZC_DAY_TYPE	title	string
ZC_DAY_TYPE	abbr	string
ZC_DAY_TYPE	internal_id	string
ZC_DAY_TYPE	dl_load_dt	date
ZC_DAY_TYPE	dl_load_ts	timestamp
ZC_DBC_SUBSPECIALTY	dbc_subspecialty_c	string
ZC_DBC_SUBSPECIALTY	name	string
ZC_DBC_SUBSPECIALTY	title	string
ZC_DBC_SUBSPECIALTY	abbr	string
ZC_DBC_SUBSPECIALTY	internal_id	string
ZC_DBC_SUBSPECIALTY	dl_load_dt	date
ZC_DBC_SUBSPECIALTY	dl_load_ts	timestamp
ZC_DC_REASON	dc_reason_c	string
ZC_DC_REASON	name	string
ZC_DC_REASON	title	string
ZC_DC_REASON	abbr	string
ZC_DC_REASON	internal_id	string
ZC_DC_REASON	dl_load_dt	date
ZC_DC_REASON	dl_load_ts	timestamp
ZC_DEFER_DAY_RSN	defer_day_rsn_c	int
ZC_DEFER_DAY_RSN	name	string
ZC_DEFER_DAY_RSN	title	string
ZC_DEFER_DAY_RSN	abbr	string
ZC_DEFER_DAY_RSN	internal_id	int
ZC_DEFER_DAY_RSN	dl_load_dt	date
ZC_DEFER_DAY_RSN	dl_load_ts	timestamp
ZC_DEFER_REASON	defer_reason_c	int
ZC_DEFER_REASON	name	string
ZC_DEFER_REASON	title	string
ZC_DEFER_REASON	abbr	string
ZC_DEFER_REASON	internal_id	int
ZC_DEFER_REASON	dl_load_dt	date
ZC_DEFER_REASON	dl_load_ts	timestamp
ZC_DEFERRED_GEN_STATUS	deferred_gen_status_c	int
ZC_DEFERRED_GEN_STATUS	name	string
ZC_DEFERRED_GEN_STATUS	title	string
ZC_DEFERRED_GEN_STATUS	abbr	string
ZC_DEFERRED_GEN_STATUS	internal_id	int
ZC_DEFERRED_GEN_STATUS	dl_load_dt	date
ZC_DEFERRED_GEN_STATUS	dl_load_ts	timestamp
ZC_DEL_PROC	del_proc_c	int
ZC_DEL_PROC	name	string
ZC_DEL_PROC	title	string
ZC_DEL_PROC	abbr	string
ZC_DEL_PROC	internal_id	int
ZC_DEL_PROC	dl_load_dt	date
ZC_DEL_PROC	dl_load_ts	timestamp
ZC_DEL_STATUS	del_status_c	int
ZC_DEL_STATUS	name	string
ZC_DEL_STATUS	title	string
ZC_DEL_STATUS	abbr	string
ZC_DEL_STATUS	internal_id	int
ZC_DEL_STATUS	dl_load_dt	date
ZC_DEL_STATUS	dl_load_ts	timestamp
ZC_DELETED_CAT	deleted_cat_c	int
ZC_DELETED_CAT	name	string
ZC_DELETED_CAT	title	string
ZC_DELETED_CAT	abbr	string
ZC_DELETED_CAT	internal_id	int
ZC_DELETED_CAT	dl_load_dt	date
ZC_DELETED_CAT	dl_load_ts	timestamp
ZC_DELIVERY_TYPE	delivery_type_c	string
ZC_DELIVERY_TYPE	name	string
ZC_DELIVERY_TYPE	title	string
ZC_DELIVERY_TYPE	abbr	string
ZC_DELIVERY_TYPE	internal_id	string
ZC_DELIVERY_TYPE	dl_load_dt	date
ZC_DELIVERY_TYPE	dl_load_ts	timestamp
ZC_DEP_MSG_TYPE	dep_msg_type_c	int
ZC_DEP_MSG_TYPE	name	string
ZC_DEP_MSG_TYPE	title	string
ZC_DEP_MSG_TYPE	abbr	string
ZC_DEP_MSG_TYPE	internal_id	int
ZC_DEP_MSG_TYPE	dl_load_dt	date
ZC_DEP_MSG_TYPE	dl_load_ts	timestamp
ZC_DEP_RPT_GRP_6	rpt_grp_six	string
ZC_DEP_RPT_GRP_6	name	string
ZC_DEP_RPT_GRP_6	title	string
ZC_DEP_RPT_GRP_6	abbr	string
ZC_DEP_RPT_GRP_6	internal_id	string
ZC_DEP_RPT_GRP_6	dl_load_dt	date
ZC_DEP_RPT_GRP_6	dl_load_ts	timestamp
ZC_DEP_STS_NAME	dep_sts_name_c	int
ZC_DEP_STS_NAME	name	string
ZC_DEP_STS_NAME	title	string
ZC_DEP_STS_NAME	abbr	string
ZC_DEP_STS_NAME	internal_id	int
ZC_DEP_STS_NAME	dl_load_dt	date
ZC_DEP_STS_NAME	dl_load_ts	timestamp
ZC_DETAIL_TYPE	detail_type	int
ZC_DETAIL_TYPE	name	string
ZC_DETAIL_TYPE	title	string
ZC_DETAIL_TYPE	abbr	string
ZC_DETAIL_TYPE	internal_id	int
ZC_DETAIL_TYPE	dl_load_dt	date
ZC_DETAIL_TYPE	dl_load_ts	timestamp
ZC_DISCH_DEST	disch_dest_c	string
ZC_DISCH_DEST	name	string
ZC_DISCH_DEST	title	string
ZC_DISCH_DEST	abbr	string
ZC_DISCH_DEST	internal_id	string
ZC_DISCH_DEST	dl_load_dt	date
ZC_DISCH_DEST	dl_load_ts	timestamp
ZC_DISCH_DISP	disch_disp_c	string
ZC_DISCH_DISP	name	string
ZC_DISCH_DISP	title	string
ZC_DISCH_DISP	abbr	string
ZC_DISCH_DISP	internal_id	string
ZC_DISCH_DISP	dl_load_dt	date
ZC_DISCH_DISP	dl_load_ts	timestamp
ZC_DISP_ENC_TYPE	disp_enc_type_c	string
ZC_DISP_ENC_TYPE	name	string
ZC_DISP_ENC_TYPE	title	string
ZC_DISP_ENC_TYPE	abbr	string
ZC_DISP_ENC_TYPE	internal_id	string
ZC_DISP_ENC_TYPE	dl_load_dt	date
ZC_DISP_ENC_TYPE	dl_load_ts	timestamp
ZC_DISP_TYPE	disp_type_c	int
ZC_DISP_TYPE	name	string
ZC_DISP_TYPE	title	string
ZC_DISP_TYPE	abbr	string
ZC_DISP_TYPE	internal_id	int
ZC_DISP_TYPE	dl_load_dt	date
ZC_DISP_TYPE	dl_load_ts	timestamp
ZC_DISP_VAL	disp_val_c	int
ZC_DISP_VAL	name	string
ZC_DISP_VAL	title	string
ZC_DISP_VAL	abbr	string
ZC_DISP_VAL	internal_id	int
ZC_DISP_VAL	dl_load_dt	date
ZC_DISP_VAL	dl_load_ts	timestamp
ZC_DISPENSE_CODE	dflt_disp_code_c	int
ZC_DISPENSE_CODE	name	string
ZC_DISPENSE_CODE	title	string
ZC_DISPENSE_CODE	abbr	string
ZC_DISPENSE_CODE	internal_id	int
ZC_DISPENSE_CODE	dl_load_dt	date
ZC_DISPENSE_CODE	dl_load_ts	timestamp
ZC_DISPENSE_REASON	dispense_reason_c	int
ZC_DISPENSE_REASON	name	string
ZC_DISPENSE_REASON	title	string
ZC_DISPENSE_REASON	abbr	string
ZC_DISPENSE_REASON	internal_id	int
ZC_DISPENSE_REASON	dl_load_dt	date
ZC_DISPENSE_REASON	dl_load_ts	timestamp
ZC_DISPENSE_ROUTE	dispense_route_c	int
ZC_DISPENSE_ROUTE	name	string
ZC_DISPENSE_ROUTE	title	string
ZC_DISPENSE_ROUTE	abbr	string
ZC_DISPENSE_ROUTE	internal_id	int
ZC_DISPENSE_ROUTE	dl_load_dt	date
ZC_DISPENSE_ROUTE	dl_load_ts	timestamp
ZC_DNA_VAR_TYPE	dna_var_type_c	int
ZC_DNA_VAR_TYPE	name	string
ZC_DNA_VAR_TYPE	title	string
ZC_DNA_VAR_TYPE	abbr	string
ZC_DNA_VAR_TYPE	internal_id	int
ZC_DNA_VAR_TYPE	dl_load_dt	date
ZC_DNA_VAR_TYPE	dl_load_ts	timestamp
ZC_DOC_CONTENT_TYPE	doc_content_type_c	int
ZC_DOC_CONTENT_TYPE	name	string
ZC_DOC_CONTENT_TYPE	title	string
ZC_DOC_CONTENT_TYPE	abbr	string
ZC_DOC_CONTENT_TYPE	internal_id	int
ZC_DOC_CONTENT_TYPE	dl_load_dt	date
ZC_DOC_CONTENT_TYPE	dl_load_ts	timestamp
ZC_DOC_DEL_RSN	doc_del_rsn_c	int
ZC_DOC_DEL_RSN	name	string
ZC_DOC_DEL_RSN	title	string
ZC_DOC_DEL_RSN	abbr	string
ZC_DOC_DEL_RSN	internal_id	int
ZC_DOC_DEL_RSN	dl_load_dt	date
ZC_DOC_DEL_RSN	dl_load_ts	timestamp
ZC_DOC_GRP	doc_grp_c	string
ZC_DOC_GRP	name	string
ZC_DOC_GRP	title	string
ZC_DOC_GRP	abbr	string
ZC_DOC_GRP	internal_id	string
ZC_DOC_GRP	dl_load_dt	date
ZC_DOC_GRP	dl_load_ts	timestamp
ZC_DOC_INFO_TYPE	doc_info_type_c	string
ZC_DOC_INFO_TYPE	name	string
ZC_DOC_INFO_TYPE	title	string
ZC_DOC_INFO_TYPE	abbr	string
ZC_DOC_INFO_TYPE	internal_id	string
ZC_DOC_INFO_TYPE	dl_load_dt	date
ZC_DOC_INFO_TYPE	dl_load_ts	timestamp
ZC_DOC_KIND	doc_kind_c	int
ZC_DOC_KIND	name	string
ZC_DOC_KIND	title	string
ZC_DOC_KIND	abbr	string
ZC_DOC_KIND	internal_id	int
ZC_DOC_KIND	dl_load_dt	date
ZC_DOC_KIND	dl_load_ts	timestamp
ZC_DOC_LOCATION	doc_location_c	string
ZC_DOC_LOCATION	name	string
ZC_DOC_LOCATION	title	string
ZC_DOC_LOCATION	abbr	string
ZC_DOC_LOCATION	internal_id	string
ZC_DOC_LOCATION	dl_load_dt	date
ZC_DOC_LOCATION	dl_load_ts	timestamp
ZC_DOC_METHOD	doc_method_c	int
ZC_DOC_METHOD	name	string
ZC_DOC_METHOD	title	string
ZC_DOC_METHOD	abbr	string
ZC_DOC_METHOD	internal_id	int
ZC_DOC_METHOD	dl_load_dt	date
ZC_DOC_METHOD	dl_load_ts	timestamp
ZC_DOC_PND_APRV_STAT	doc_pnd_aprv_stat_c	int
ZC_DOC_PND_APRV_STAT	name	string
ZC_DOC_PND_APRV_STAT	title	string
ZC_DOC_PND_APRV_STAT	abbr	string
ZC_DOC_PND_APRV_STAT	internal_id	int
ZC_DOC_PND_APRV_STAT	dl_load_dt	date
ZC_DOC_PND_APRV_STAT	dl_load_ts	timestamp
ZC_DOC_REC_STATE	doc_rec_state_c	int
ZC_DOC_REC_STATE	name	string
ZC_DOC_REC_STATE	title	string
ZC_DOC_REC_STATE	abbr	string
ZC_DOC_REC_STATE	internal_id	int
ZC_DOC_REC_STATE	dl_load_dt	date
ZC_DOC_REC_STATE	dl_load_ts	timestamp
ZC_DOC_REJ_RSN	doc_rej_rsn_c	int
ZC_DOC_REJ_RSN	name	string
ZC_DOC_REJ_RSN	title	string
ZC_DOC_REJ_RSN	abbr	string
ZC_DOC_REJ_RSN	internal_id	int
ZC_DOC_REJ_RSN	dl_load_dt	date
ZC_DOC_REJ_RSN	dl_load_ts	timestamp
ZC_DOC_REP_CONTEXT	doc_rep_context_c	int
ZC_DOC_REP_CONTEXT	name	string
ZC_DOC_REP_CONTEXT	title	string
ZC_DOC_REP_CONTEXT	abbr	string
ZC_DOC_REP_CONTEXT	internal_id	int
ZC_DOC_REP_CONTEXT	dl_load_dt	date
ZC_DOC_REP_CONTEXT	dl_load_ts	timestamp
ZC_DOC_SPECIALTY	doc_specialty_c	int
ZC_DOC_SPECIALTY	name	string
ZC_DOC_SPECIALTY	title	string
ZC_DOC_SPECIALTY	abbr	string
ZC_DOC_SPECIALTY	internal_id	int
ZC_DOC_SPECIALTY	dl_load_dt	date
ZC_DOC_SPECIALTY	dl_load_ts	timestamp
ZC_DOC_STAT	doc_stat_c	int
ZC_DOC_STAT	name	string
ZC_DOC_STAT	title	string
ZC_DOC_STAT	abbr	string
ZC_DOC_STAT	internal_id	int
ZC_DOC_STAT	dl_load_dt	date
ZC_DOC_STAT	dl_load_ts	timestamp
ZC_DOC_STORAGE_LVL	doc_storage_lvl_c	int
ZC_DOC_STORAGE_LVL	name	string
ZC_DOC_STORAGE_LVL	title	string
ZC_DOC_STORAGE_LVL	abbr	string
ZC_DOC_STORAGE_LVL	internal_id	int
ZC_DOC_STORAGE_LVL	dl_load_dt	date
ZC_DOC_STORAGE_LVL	dl_load_ts	timestamp
ZC_DOCUMENT_IDENT_SOURCE	document_ident_source_c	int
ZC_DOCUMENT_IDENT_SOURCE	name	string
ZC_DOCUMENT_IDENT_SOURCE	title	string
ZC_DOCUMENT_IDENT_SOURCE	abbr	string
ZC_DOCUMENT_IDENT_SOURCE	internal_id	int
ZC_DOCUMENT_IDENT_SOURCE	dl_load_dt	date
ZC_DOCUMENT_IDENT_SOURCE	dl_load_ts	timestamp
ZC_DOCUMENT_LOC	document_loc_c	int
ZC_DOCUMENT_LOC	name	string
ZC_DOCUMENT_LOC	title	string
ZC_DOCUMENT_LOC	abbr	string
ZC_DOCUMENT_LOC	internal_id	int
ZC_DOCUMENT_LOC	dl_load_dt	date
ZC_DOCUMENT_LOC	dl_load_ts	timestamp
ZC_DOCUMENT_ORIGIN	document_origin_c	int
ZC_DOCUMENT_ORIGIN	name	string
ZC_DOCUMENT_ORIGIN	title	string
ZC_DOCUMENT_ORIGIN	abbr	string
ZC_DOCUMENT_ORIGIN	internal_id	int
ZC_DOCUMENT_ORIGIN	dl_load_dt	date
ZC_DOCUMENT_ORIGIN	dl_load_ts	timestamp
ZC_DOCUMENT_SOURCE_INFO	doc_source_info_c	int
ZC_DOCUMENT_SOURCE_INFO	name	string
ZC_DOCUMENT_SOURCE_INFO	title	string
ZC_DOCUMENT_SOURCE_INFO	abbr	string
ZC_DOCUMENT_SOURCE_INFO	internal_id	int
ZC_DOCUMENT_SOURCE_INFO	dl_load_dt	date
ZC_DOCUMENT_SOURCE_INFO	dl_load_ts	timestamp
ZC_DOCUMENT_TYPE	document_type_c	int
ZC_DOCUMENT_TYPE	name	string
ZC_DOCUMENT_TYPE	title	string
ZC_DOCUMENT_TYPE	abbr	string
ZC_DOCUMENT_TYPE	internal_id	int
ZC_DOCUMENT_TYPE	dl_load_dt	date
ZC_DOCUMENT_TYPE	dl_load_ts	timestamp
ZC_DOCUMENT_USAGE	document_usage_c	int
ZC_DOCUMENT_USAGE	name	string
ZC_DOCUMENT_USAGE	title	string
ZC_DOCUMENT_USAGE	abbr	string
ZC_DOCUMENT_USAGE	internal_id	int
ZC_DOCUMENT_USAGE	dl_load_dt	date
ZC_DOCUMENT_USAGE	dl_load_ts	timestamp
ZC_DRG_QUESN_TYP	drg_quesn_typ_c	int
ZC_DRG_QUESN_TYP	name	string
ZC_DRG_QUESN_TYP	title	string
ZC_DRG_QUESN_TYP	abbr	string
ZC_DRG_QUESN_TYP	internal_id	int
ZC_DRG_QUESN_TYP	dl_load_dt	date
ZC_DRG_QUESN_TYP	dl_load_ts	timestamp
ZC_DT_ACTION_OUTCOME	dt_action_outcome_c	int
ZC_DT_ACTION_OUTCOME	name	string
ZC_DT_ACTION_OUTCOME	title	string
ZC_DT_ACTION_OUTCOME	abbr	string
ZC_DT_ACTION_OUTCOME	internal_id	int
ZC_DT_ACTION_OUTCOME	dl_load_dt	date
ZC_DT_ACTION_OUTCOME	dl_load_ts	timestamp
ZC_DT_ACTION_TYPE	dt_action_type_c	int
ZC_DT_ACTION_TYPE	name	string
ZC_DT_ACTION_TYPE	title	string
ZC_DT_ACTION_TYPE	abbr	string
ZC_DT_ACTION_TYPE	internal_id	int
ZC_DT_ACTION_TYPE	dl_load_dt	date
ZC_DT_ACTION_TYPE	dl_load_ts	timestamp
ZC_DX_CODE_TYPE	dx_code_type_c	int
ZC_DX_CODE_TYPE	name	string
ZC_DX_CODE_TYPE	title	string
ZC_DX_CODE_TYPE	abbr	string
ZC_DX_CODE_TYPE	internal_id	int
ZC_DX_CODE_TYPE	dl_load_dt	date
ZC_DX_CODE_TYPE	dl_load_ts	timestamp
ZC_DX_POA	dx_poa_c	int
ZC_DX_POA	name	string
ZC_DX_POA	title	string
ZC_DX_POA	abbr	string
ZC_DX_POA	internal_id	int
ZC_DX_POA	dl_load_dt	date
ZC_DX_POA	dl_load_ts	timestamp
ZC_EAP_CONT_TYPE	contact_type_c	int
ZC_EAP_CONT_TYPE	name	string
ZC_EAP_CONT_TYPE	title	string
ZC_EAP_CONT_TYPE	abbr	string
ZC_EAP_CONT_TYPE	internal_id	int
ZC_EAP_CONT_TYPE	dl_load_dt	date
ZC_EAP_CONT_TYPE	dl_load_ts	timestamp
ZC_EAP_RPT_GRP_7	rpt_grp_seven	string
ZC_EAP_RPT_GRP_7	name	string
ZC_EAP_RPT_GRP_7	title	string
ZC_EAP_RPT_GRP_7	abbr	string
ZC_EAP_RPT_GRP_7	internal_id	string
ZC_EAP_RPT_GRP_7	dl_load_dt	date
ZC_EAP_RPT_GRP_7	dl_load_ts	timestamp
ZC_ED_DISPOSITION	ed_disposition_c	string
ZC_ED_DISPOSITION	name	string
ZC_ED_DISPOSITION	title	string
ZC_ED_DISPOSITION	abbr	string
ZC_ED_DISPOSITION	internal_id	string
ZC_ED_DISPOSITION	dl_load_dt	date
ZC_ED_DISPOSITION	dl_load_ts	timestamp
ZC_EDG_CODE_SET	edg_code_set_c	int
ZC_EDG_CODE_SET	name	string
ZC_EDG_CODE_SET	title	string
ZC_EDG_CODE_SET	abbr	string
ZC_EDG_CODE_SET	internal_id	int
ZC_EDG_CODE_SET	dl_load_dt	date
ZC_EDG_CODE_SET	dl_load_ts	timestamp
ZC_EDIT_MAR_RSLT	result_c	string
ZC_EDIT_MAR_RSLT	name	string
ZC_EDIT_MAR_RSLT	title	string
ZC_EDIT_MAR_RSLT	abbr	string
ZC_EDIT_MAR_RSLT	internal_id	string
ZC_EDIT_MAR_RSLT	dl_load_dt	date
ZC_EDIT_MAR_RSLT	dl_load_ts	timestamp
ZC_EDU_LEVEL	edu_level_c	int
ZC_EDU_LEVEL	name	string
ZC_EDU_LEVEL	title	string
ZC_EDU_LEVEL	abbr	string
ZC_EDU_LEVEL	internal_id	int
ZC_EDU_LEVEL	dl_load_dt	date
ZC_EDU_LEVEL	dl_load_ts	timestamp
ZC_EDUCATION_LEVEL	education_level_c	int
ZC_EDUCATION_LEVEL	name	string
ZC_EDUCATION_LEVEL	title	string
ZC_EDUCATION_LEVEL	abbr	string
ZC_EDUCATION_LEVEL	internal_id	int
ZC_EDUCATION_LEVEL	dl_load_dt	date
ZC_EDUCATION_LEVEL	dl_load_ts	timestamp
ZC_EMP_CAT_RPT_GRP_ONE	emp_cat_rpt_grp_one_c	string
ZC_EMP_CAT_RPT_GRP_ONE	name	string
ZC_EMP_CAT_RPT_GRP_ONE	title	string
ZC_EMP_CAT_RPT_GRP_ONE	abbr	string
ZC_EMP_CAT_RPT_GRP_ONE	internal_id	string
ZC_EMP_CAT_RPT_GRP_ONE	dl_load_dt	date
ZC_EMP_CAT_RPT_GRP_ONE	dl_load_ts	timestamp
ZC_EMPY_STAT	empy_stat_c	int
ZC_EMPY_STAT	name	string
ZC_EMPY_STAT	title	string
ZC_EMPY_STAT	abbr	string
ZC_EMPY_STAT	internal_id	int
ZC_EMPY_STAT	dl_load_dt	date
ZC_EMPY_STAT	dl_load_ts	timestamp
ZC_EMPY_STATUS	empy_status_c	int
ZC_EMPY_STATUS	name	string
ZC_EMPY_STATUS	title	string
ZC_EMPY_STATUS	abbr	string
ZC_EMPY_STATUS	internal_id	int
ZC_EMPY_STATUS	dl_load_dt	date
ZC_EMPY_STATUS	dl_load_ts	timestamp
ZC_ENGLISH_FLUENCY	english_fluency_c	int
ZC_ENGLISH_FLUENCY	name	string
ZC_ENGLISH_FLUENCY	title	string
ZC_ENGLISH_FLUENCY	abbr	string
ZC_ENGLISH_FLUENCY	internal_id	int
ZC_ENGLISH_FLUENCY	dl_load_dt	date
ZC_ENGLISH_FLUENCY	dl_load_ts	timestamp
ZC_ENROLL_STATUS	enroll_status_c	int
ZC_ENROLL_STATUS	name	string
ZC_ENROLL_STATUS	title	string
ZC_ENROLL_STATUS	abbr	string
ZC_ENROLL_STATUS	internal_id	int
ZC_ENROLL_STATUS	dl_load_dt	date
ZC_ENROLL_STATUS	dl_load_ts	timestamp
ZC_ENTRY_SOURCE	entry_source_c	int
ZC_ENTRY_SOURCE	name	string
ZC_ENTRY_SOURCE	title	string
ZC_ENTRY_SOURCE	abbr	string
ZC_ENTRY_SOURCE	internal_id	int
ZC_ENTRY_SOURCE	dl_load_dt	date
ZC_ENTRY_SOURCE	dl_load_ts	timestamp
ZC_EOW_READ_STATUS	eow_read_status_c	int
ZC_EOW_READ_STATUS	name	string
ZC_EOW_READ_STATUS	title	string
ZC_EOW_READ_STATUS	abbr	string
ZC_EOW_READ_STATUS	internal_id	int
ZC_EOW_READ_STATUS	dl_load_dt	date
ZC_EOW_READ_STATUS	dl_load_ts	timestamp
ZC_EPI_STATUS	epi_status_c	int
ZC_EPI_STATUS	name	string
ZC_EPI_STATUS	title	string
ZC_EPI_STATUS	abbr	string
ZC_EPI_STATUS	internal_id	int
ZC_EPI_STATUS	dl_load_dt	date
ZC_EPI_STATUS	dl_load_ts	timestamp
ZC_EPM_RPT_GRP_10	rpt_grp_ten	string
ZC_EPM_RPT_GRP_10	name	string
ZC_EPM_RPT_GRP_10	title	string
ZC_EPM_RPT_GRP_10	abbr	string
ZC_EPM_RPT_GRP_10	internal_id	string
ZC_EPM_RPT_GRP_10	dl_load_dt	date
ZC_EPM_RPT_GRP_10	dl_load_ts	timestamp
ZC_EPM_RPT_GRP_6	rpt_grp_six	string
ZC_EPM_RPT_GRP_6	name	string
ZC_EPM_RPT_GRP_6	title	string
ZC_EPM_RPT_GRP_6	abbr	string
ZC_EPM_RPT_GRP_6	internal_id	string
ZC_EPM_RPT_GRP_6	dl_load_dt	date
ZC_EPM_RPT_GRP_6	dl_load_ts	timestamp
ZC_EPM_RPT_GRP_7	rpt_grp_seven	string
ZC_EPM_RPT_GRP_7	name	string
ZC_EPM_RPT_GRP_7	title	string
ZC_EPM_RPT_GRP_7	abbr	string
ZC_EPM_RPT_GRP_7	internal_id	string
ZC_EPM_RPT_GRP_7	dl_load_dt	date
ZC_EPM_RPT_GRP_7	dl_load_ts	timestamp
ZC_EPM_RPT_GRP_8	rpt_grp_eight	string
ZC_EPM_RPT_GRP_8	name	string
ZC_EPM_RPT_GRP_8	title	string
ZC_EPM_RPT_GRP_8	abbr	string
ZC_EPM_RPT_GRP_8	internal_id	string
ZC_EPM_RPT_GRP_8	dl_load_dt	date
ZC_EPM_RPT_GRP_8	dl_load_ts	timestamp
ZC_EPM_RPT_GRP_9	rpt_grp_nine	string
ZC_EPM_RPT_GRP_9	name	string
ZC_EPM_RPT_GRP_9	title	string
ZC_EPM_RPT_GRP_9	abbr	string
ZC_EPM_RPT_GRP_9	internal_id	string
ZC_EPM_RPT_GRP_9	dl_load_dt	date
ZC_EPM_RPT_GRP_9	dl_load_ts	timestamp
ZC_EPRES_ERROR	epres_error_c	int
ZC_EPRES_ERROR	name	string
ZC_EPRES_ERROR	title	string
ZC_EPRES_ERROR	abbr	string
ZC_EPRES_ERROR	internal_id	int
ZC_EPRES_ERROR	dl_load_dt	date
ZC_EPRES_ERROR	dl_load_ts	timestamp
ZC_ERX_SIG_TYPE	erx_sig_type_c	int
ZC_ERX_SIG_TYPE	name	string
ZC_ERX_SIG_TYPE	title	string
ZC_ERX_SIG_TYPE	abbr	string
ZC_ERX_SIG_TYPE	internal_id	int
ZC_ERX_SIG_TYPE	dl_load_dt	date
ZC_ERX_SIG_TYPE	dl_load_ts	timestamp
ZC_ETHNIC_BKGRND	ethnic_bkgrnd_c	int
ZC_ETHNIC_BKGRND	name	string
ZC_ETHNIC_BKGRND	title	string
ZC_ETHNIC_BKGRND	abbr	string
ZC_ETHNIC_BKGRND	internal_id	int
ZC_ETHNIC_BKGRND	dl_load_dt	date
ZC_ETHNIC_BKGRND	dl_load_ts	timestamp
ZC_ETHNIC_GROUP	ethnic_group_c	int
ZC_ETHNIC_GROUP	name	string
ZC_ETHNIC_GROUP	title	string
ZC_ETHNIC_GROUP	abbr	string
ZC_ETHNIC_GROUP	internal_id	int
ZC_ETHNIC_GROUP	dl_load_dt	date
ZC_ETHNIC_GROUP	dl_load_ts	timestamp
ZC_EVENT_REASON	reason_c	string
ZC_EVENT_REASON	name	string
ZC_EVENT_REASON	title	string
ZC_EVENT_REASON	abbr	string
ZC_EVENT_REASON	internal_id	string
ZC_EVENT_REASON	dl_load_dt	date
ZC_EVENT_REASON	dl_load_ts	timestamp
ZC_EVENT_SUBTYPE	event_subtype_c	int
ZC_EVENT_SUBTYPE	name	string
ZC_EVENT_SUBTYPE	title	string
ZC_EVENT_SUBTYPE	abbr	string
ZC_EVENT_SUBTYPE	internal_id	int
ZC_EVENT_SUBTYPE	dl_load_dt	date
ZC_EVENT_SUBTYPE	dl_load_ts	timestamp
ZC_EVENT_TYPE	event_type_c	int
ZC_EVENT_TYPE	name	string
ZC_EVENT_TYPE	title	string
ZC_EVENT_TYPE	abbr	string
ZC_EVENT_TYPE	internal_id	int
ZC_EVENT_TYPE	dl_load_dt	date
ZC_EVENT_TYPE	dl_load_ts	timestamp
ZC_EXT_DEATH_SOURCE	ext_death_source_c	int
ZC_EXT_DEATH_SOURCE	name	string
ZC_EXT_DEATH_SOURCE	title	string
ZC_EXT_DEATH_SOURCE	abbr	string
ZC_EXT_DEATH_SOURCE	internal_id	int
ZC_EXT_DEATH_SOURCE	dl_load_dt	date
ZC_EXT_DEATH_SOURCE	dl_load_ts	timestamp
ZC_EXT_DEATH_STAT	ext_death_stat_c	int
ZC_EXT_DEATH_STAT	name	string
ZC_EXT_DEATH_STAT	title	string
ZC_EXT_DEATH_STAT	abbr	string
ZC_EXT_DEATH_STAT	internal_id	int
ZC_EXT_DEATH_STAT	dl_load_dt	date
ZC_EXT_DEATH_STAT	dl_load_ts	timestamp
ZC_EXT_MED_CONTEXT	ext_med_context_c	int
ZC_EXT_MED_CONTEXT	name	string
ZC_EXT_MED_CONTEXT	title	string
ZC_EXT_MED_CONTEXT	abbr	string
ZC_EXT_MED_CONTEXT	internal_id	int
ZC_EXT_MED_CONTEXT	dl_load_dt	date
ZC_EXT_MED_CONTEXT	dl_load_ts	timestamp
ZC_EXTERNAL_ADMIN	external_admin_c	int
ZC_EXTERNAL_ADMIN	name	string
ZC_EXTERNAL_ADMIN	title	string
ZC_EXTERNAL_ADMIN	abbr	string
ZC_EXTERNAL_ADMIN	internal_id	int
ZC_EXTERNAL_ADMIN	dl_load_dt	date
ZC_EXTERNAL_ADMIN	dl_load_ts	timestamp
ZC_FIN_RESOURCE_RISK	fin_resource_risk_c	int
ZC_FIN_RESOURCE_RISK	name	string
ZC_FIN_RESOURCE_RISK	title	string
ZC_FIN_RESOURCE_RISK	abbr	string
ZC_FIN_RESOURCE_RISK	internal_id	int
ZC_FIN_RESOURCE_RISK	dl_load_dt	date
ZC_FIN_RESOURCE_RISK	dl_load_ts	timestamp
ZC_FIN_RESOURCE_STRAIN	fin_resource_strain_c	int
ZC_FIN_RESOURCE_STRAIN	name	string
ZC_FIN_RESOURCE_STRAIN	title	string
ZC_FIN_RESOURCE_STRAIN	abbr	string
ZC_FIN_RESOURCE_STRAIN	internal_id	int
ZC_FIN_RESOURCE_STRAIN	dl_load_dt	date
ZC_FIN_RESOURCE_STRAIN	dl_load_ts	timestamp
ZC_FINANCIAL_CLASS	financial_class	string
ZC_FINANCIAL_CLASS	name	string
ZC_FINANCIAL_CLASS	title	string
ZC_FINANCIAL_CLASS	abbr	string
ZC_FINANCIAL_CLASS	internal_id	string
ZC_FINANCIAL_CLASS	dl_load_dt	date
ZC_FINANCIAL_CLASS	dl_load_ts	timestamp
ZC_FLO_DOC_SRC	documentation_source_c	int
ZC_FLO_DOC_SRC	name	string
ZC_FLO_DOC_SRC	title	string
ZC_FLO_DOC_SRC	abbr	string
ZC_FLO_DOC_SRC	internal_id	int
ZC_FLO_DOC_SRC	dl_load_dt	date
ZC_FLO_DOC_SRC	dl_load_ts	timestamp
ZC_FLUID_ODOR	fluid_odor_c	int
ZC_FLUID_ODOR	name	string
ZC_FLUID_ODOR	title	string
ZC_FLUID_ODOR	abbr	string
ZC_FLUID_ODOR	internal_id	int
ZC_FLUID_ODOR	dl_load_dt	date
ZC_FLUID_ODOR	dl_load_ts	timestamp
ZC_FOOD_INSECURITY_SCARCE	food_insecurity_scarce_c	int
ZC_FOOD_INSECURITY_SCARCE	name	string
ZC_FOOD_INSECURITY_SCARCE	title	string
ZC_FOOD_INSECURITY_SCARCE	abbr	string
ZC_FOOD_INSECURITY_SCARCE	internal_id	int
ZC_FOOD_INSECURITY_SCARCE	dl_load_dt	date
ZC_FOOD_INSECURITY_SCARCE	dl_load_ts	timestamp
ZC_FOOD_INSECURITY_WORRY	food_insecurity_worry_c	int
ZC_FOOD_INSECURITY_WORRY	name	string
ZC_FOOD_INSECURITY_WORRY	title	string
ZC_FOOD_INSECURITY_WORRY	abbr	string
ZC_FOOD_INSECURITY_WORRY	internal_id	int
ZC_FOOD_INSECURITY_WORRY	dl_load_dt	date
ZC_FOOD_INSECURITY_WORRY	dl_load_ts	timestamp
ZC_FORM	form_c	int
ZC_FORM	name	string
ZC_FORM	title	string
ZC_FORM	abbr	string
ZC_FORM	internal_id	int
ZC_FORM	dl_load_dt	date
ZC_FORM	dl_load_ts	timestamp
ZC_FORM	pat_enc_csn_id	decimal(18,0)
ZC_FORM	line	int
ZC_FORM	pat_id	string
ZC_FORM	pat_enc_date_real	double
ZC_FORM	contact_date	timestamp
ZC_FORM	cm_ct_owner_id	string
ZC_FORM	ltr_status_c	int
ZC_FORM	letter_creat_dt	timestamp
ZC_FORM	letter_hno_id	string
ZC_FORM	letter_from_id	string
ZC_FORM	letter_rout_cmt_id	string
ZC_FORM	letter_reason_c	string
ZC_FORM	letter_reason_cmt	string
ZC_FORM	resolved_c	string
ZC_FORM	ltr_status_chg_tm	timestamp
ZC_FORM	ltr_stat_ch_usr_id	string
ZC_FORM	letter_envelop_siz	string
ZC_FORM	letter_delvry_addr	string
ZC_FORM	letter_return_addr	string
ZC_FORM	letter_template_id	string
ZC_FORM	letter_workingdays	int
ZC_FORM	letter_action_group_id	decimal(18,0)
ZC_GEN_SEQ_SYSTEM	gen_seq_system_c	int
ZC_GEN_SEQ_SYSTEM	name	string
ZC_GEN_SEQ_SYSTEM	title	string
ZC_GEN_SEQ_SYSTEM	abbr	string
ZC_GEN_SEQ_SYSTEM	internal_id	int
ZC_GEN_SEQ_SYSTEM	dl_load_dt	date
ZC_GEN_SEQ_SYSTEM	dl_load_ts	timestamp
ZC_GENDER_IDENTITY	gender_identity_c	int
ZC_GENDER_IDENTITY	name	string
ZC_GENDER_IDENTITY	title	string
ZC_GENDER_IDENTITY	abbr	string
ZC_GENDER_IDENTITY	internal_id	int
ZC_GENDER_IDENTITY	dl_load_dt	date
ZC_GENDER_IDENTITY	dl_load_ts	timestamp
ZC_GENE	gene_c	int
ZC_GENE	name	string
ZC_GENE	title	string
ZC_GENE	abbr	string
ZC_GENE	internal_id	int
ZC_GENE	dl_load_dt	date
ZC_GENE	dl_load_ts	timestamp
ZC_GENE_SYSTEM	gene_system_c	int
ZC_GENE_SYSTEM	name	string
ZC_GENE_SYSTEM	title	string
ZC_GENE_SYSTEM	abbr	string
ZC_GENE_SYSTEM	internal_id	int
ZC_GENE_SYSTEM	dl_load_dt	date
ZC_GENE_SYSTEM	dl_load_ts	timestamp
ZC_GENOME_ASSEMBLY	genome_assembly_c	int
ZC_GENOME_ASSEMBLY	name	string
ZC_GENOME_ASSEMBLY	title	string
ZC_GENOME_ASSEMBLY	abbr	string
ZC_GENOME_ASSEMBLY	internal_id	int
ZC_GENOME_ASSEMBLY	dl_load_dt	date
ZC_GENOME_ASSEMBLY	dl_load_ts	timestamp
ZC_GENOMIC_SOURCE	genomic_source_c	int
ZC_GENOMIC_SOURCE	name	string
ZC_GENOMIC_SOURCE	title	string
ZC_GENOMIC_SOURCE	abbr	string
ZC_GENOMIC_SOURCE	internal_id	int
ZC_GENOMIC_SOURCE	dl_load_dt	date
ZC_GENOMIC_SOURCE	dl_load_ts	timestamp
ZC_GENOMICS_PROC_CLASS	genomics_proc_class_c	int
ZC_GENOMICS_PROC_CLASS	name	string
ZC_GENOMICS_PROC_CLASS	title	string
ZC_GENOMICS_PROC_CLASS	abbr	string
ZC_GENOMICS_PROC_CLASS	internal_id	int
ZC_GENOMICS_PROC_CLASS	dl_load_dt	date
ZC_GENOMICS_PROC_CLASS	dl_load_ts	timestamp
ZC_GIVEN_EXTER_RSN	given_exter_rsn_c	int
ZC_GIVEN_EXTER_RSN	name	string
ZC_GIVEN_EXTER_RSN	title	string
ZC_GIVEN_EXTER_RSN	abbr	string
ZC_GIVEN_EXTER_RSN	internal_id	int
ZC_GIVEN_EXTER_RSN	dl_load_dt	date
ZC_GIVEN_EXTER_RSN	dl_load_ts	timestamp
ZC_GUAR_REL_TO_PAT	guar_rel_to_pat_c	int
ZC_GUAR_REL_TO_PAT	name	string
ZC_GUAR_REL_TO_PAT	title	string
ZC_GUAR_REL_TO_PAT	abbr	string
ZC_GUAR_REL_TO_PAT	internal_id	int
ZC_GUAR_REL_TO_PAT	dl_load_dt	date
ZC_GUAR_REL_TO_PAT	dl_load_ts	timestamp
ZC_HCD_CODE_SET	code_set_c	int
ZC_HCD_CODE_SET	name	string
ZC_HCD_CODE_SET	title	string
ZC_HCD_CODE_SET	abbr	string
ZC_HCD_CODE_SET	internal_id	int
ZC_HCD_CODE_SET	dl_load_dt	date
ZC_HCD_CODE_SET	dl_load_ts	timestamp
ZC_HISTORY_SOURCE	history_source_c	int
ZC_HISTORY_SOURCE	name	string
ZC_HISTORY_SOURCE	title	string
ZC_HISTORY_SOURCE	abbr	string
ZC_HISTORY_SOURCE	internal_id	int
ZC_HISTORY_SOURCE	dl_load_dt	date
ZC_HISTORY_SOURCE	dl_load_ts	timestamp
ZC_HOME_CARE_TYPE	home_care_type_c	int
ZC_HOME_CARE_TYPE	name	string
ZC_HOME_CARE_TYPE	title	string
ZC_HOME_CARE_TYPE	abbr	string
ZC_HOME_CARE_TYPE	internal_id	int
ZC_HOME_CARE_TYPE	dl_load_dt	date
ZC_HOME_CARE_TYPE	dl_load_ts	timestamp
ZC_HOSP_ADMSN_TYPE	hosp_admsn_type_c	string
ZC_HOSP_ADMSN_TYPE	name	string
ZC_HOSP_ADMSN_TYPE	title	string
ZC_HOSP_ADMSN_TYPE	abbr	string
ZC_HOSP_ADMSN_TYPE	internal_id	string
ZC_HOSP_ADMSN_TYPE	dl_load_dt	date
ZC_HOSP_ADMSN_TYPE	dl_load_ts	timestamp
ZC_HOW_ADDED	how_added_c	int
ZC_HOW_ADDED	name	string
ZC_HOW_ADDED	title	string
ZC_HOW_ADDED	abbr	string
ZC_HOW_ADDED	internal_id	int
ZC_HOW_ADDED	dl_load_dt	date
ZC_HOW_ADDED	dl_load_ts	timestamp
ZC_HOW_ISO_ADDED	how_iso_added_c	int
ZC_HOW_ISO_ADDED	name	string
ZC_HOW_ISO_ADDED	title	string
ZC_HOW_ISO_ADDED	abbr	string
ZC_HOW_ISO_ADDED	internal_id	int
ZC_HOW_ISO_ADDED	dl_load_dt	date
ZC_HOW_ISO_ADDED	dl_load_ts	timestamp
ZC_HX_DRINK_TYPES	hx_drink_types_c	int
ZC_HX_DRINK_TYPES	name	string
ZC_HX_DRINK_TYPES	title	string
ZC_HX_DRINK_TYPES	abbr	string
ZC_HX_DRINK_TYPES	internal_id	int
ZC_HX_DRINK_TYPES	dl_load_dt	date
ZC_HX_DRINK_TYPES	dl_load_ts	timestamp
ZC_HX_QUESR_CONTEX	hx_quesr_contex_c	int
ZC_HX_QUESR_CONTEX	name	string
ZC_HX_QUESR_CONTEX	title	string
ZC_HX_QUESR_CONTEX	abbr	string
ZC_HX_QUESR_CONTEX	internal_id	int
ZC_HX_QUESR_CONTEX	dl_load_dt	date
ZC_HX_QUESR_CONTEX	dl_load_ts	timestamp
ZC_ILL_DRUG_USER	ill_drug_user_c	int
ZC_ILL_DRUG_USER	name	string
ZC_ILL_DRUG_USER	title	string
ZC_ILL_DRUG_USER	abbr	string
ZC_ILL_DRUG_USER	internal_id	int
ZC_ILL_DRUG_USER	dl_load_dt	date
ZC_ILL_DRUG_USER	dl_load_ts	timestamp
ZC_IMAGE_LOCATION	image_location_c	int
ZC_IMAGE_LOCATION	name	string
ZC_IMAGE_LOCATION	title	string
ZC_IMAGE_LOCATION	abbr	string
ZC_IMAGE_LOCATION	internal_id	int
ZC_IMAGE_LOCATION	dl_load_dt	date
ZC_IMAGE_LOCATION	dl_load_ts	timestamp
ZC_IMG_SLCT_TYPE	img_slct_type_c	int
ZC_IMG_SLCT_TYPE	name	string
ZC_IMG_SLCT_TYPE	title	string
ZC_IMG_SLCT_TYPE	abbr	string
ZC_IMG_SLCT_TYPE	internal_id	int
ZC_IMG_SLCT_TYPE	dl_load_dt	date
ZC_IMG_SLCT_TYPE	dl_load_ts	timestamp
ZC_IMMNZTN_STATUS	immnztn_status_c	int
ZC_IMMNZTN_STATUS	name	string
ZC_IMMNZTN_STATUS	title	string
ZC_IMMNZTN_STATUS	abbr	string
ZC_IMMNZTN_STATUS	internal_id	int
ZC_IMMNZTN_STATUS	dl_load_dt	date
ZC_IMMNZTN_STATUS	dl_load_ts	timestamp
ZC_INC_CONTEXT	inc_context_c	int
ZC_INC_CONTEXT	name	string
ZC_INC_CONTEXT	title	string
ZC_INC_CONTEXT	abbr	string
ZC_INC_CONTEXT	internal_id	int
ZC_INC_CONTEXT	dl_load_dt	date
ZC_INC_CONTEXT	dl_load_ts	timestamp
ZC_INCL_VIEWERS	incl_viewers_c	int
ZC_INCL_VIEWERS	name	string
ZC_INCL_VIEWERS	title	string
ZC_INCL_VIEWERS	abbr	string
ZC_INCL_VIEWERS	internal_id	int
ZC_INCL_VIEWERS	dl_load_dt	date
ZC_INCL_VIEWERS	dl_load_ts	timestamp
ZC_INDUSTRY	industry_c	int
ZC_INDUSTRY	name	string
ZC_INDUSTRY	title	string
ZC_INDUSTRY	abbr	string
ZC_INDUSTRY	internal_id	int
ZC_INDUSTRY	dl_load_dt	date
ZC_INDUSTRY	dl_load_ts	timestamp
ZC_INF_STATUS	inf_status_c	int
ZC_INF_STATUS	name	string
ZC_INF_STATUS	title	string
ZC_INF_STATUS	abbr	string
ZC_INF_STATUS	internal_id	int
ZC_INF_STATUS	dl_load_dt	date
ZC_INF_STATUS	dl_load_ts	timestamp
ZC_INFECTION	infection_c	int
ZC_INFECTION	name	string
ZC_INFECTION	title	string
ZC_INFECTION	abbr	string
ZC_INFECTION	internal_id	int
ZC_INFECTION	dl_load_dt	date
ZC_INFECTION	dl_load_ts	timestamp
ZC_INGRED_TYPE	disp_ctype_c	int
ZC_INGRED_TYPE	name	string
ZC_INGRED_TYPE	title	string
ZC_INGRED_TYPE	abbr	string
ZC_INGRED_TYPE	internal_id	int
ZC_INGRED_TYPE	dl_load_dt	date
ZC_INGRED_TYPE	dl_load_ts	timestamp
ZC_INTAKE_TYPE_P	intake_type_p_c	int
ZC_INTAKE_TYPE_P	name	string
ZC_INTAKE_TYPE_P	title	string
ZC_INTAKE_TYPE_P	abbr	string
ZC_INTAKE_TYPE_P	internal_id	int
ZC_INTAKE_TYPE_P	dl_load_dt	date
ZC_INTAKE_TYPE_P	dl_load_ts	timestamp
ZC_INTERFACE_STAT	interface_stat_c	int
ZC_INTERFACE_STAT	name	string
ZC_INTERFACE_STAT	title	string
ZC_INTERFACE_STAT	abbr	string
ZC_INTERFACE_STAT	internal_id	int
ZC_INTERFACE_STAT	dl_load_dt	date
ZC_INTERFACE_STAT	dl_load_ts	timestamp
ZC_INTERPRETER_VEN	interpreter_ven_c	int
ZC_INTERPRETER_VEN	name	string
ZC_INTERPRETER_VEN	title	string
ZC_INTERPRETER_VEN	abbr	string
ZC_INTERPRETER_VEN	internal_id	int
ZC_INTERPRETER_VEN	dl_load_dt	date
ZC_INTERPRETER_VEN	dl_load_ts	timestamp
ZC_INTF_REF_MEDLOOP	intf_ref_medloop_c	int
ZC_INTF_REF_MEDLOOP	name	string
ZC_INTF_REF_MEDLOOP	title	string
ZC_INTF_REF_MEDLOOP	abbr	string
ZC_INTF_REF_MEDLOOP	internal_id	int
ZC_INTF_REF_MEDLOOP	dl_load_dt	date
ZC_INTF_REF_MEDLOOP	dl_load_ts	timestamp
ZC_INTRP_ASSIGNMEN	intrp_assignmen_c	int
ZC_INTRP_ASSIGNMEN	name	string
ZC_INTRP_ASSIGNMEN	title	string
ZC_INTRP_ASSIGNMEN	abbr	string
ZC_INTRP_ASSIGNMEN	internal_id	int
ZC_INTRP_ASSIGNMEN	dl_load_dt	date
ZC_INTRP_ASSIGNMEN	dl_load_ts	timestamp
ZC_INVLD_REASON	invld_reason_c	int
ZC_INVLD_REASON	name	string
ZC_INVLD_REASON	title	string
ZC_INVLD_REASON	abbr	string
ZC_INVLD_REASON	internal_id	int
ZC_INVLD_REASON	dl_load_dt	date
ZC_INVLD_REASON	dl_load_ts	timestamp
ZC_IPV_EMOTIONAL_ABUSE	ipv_emotional_abuse_c	int
ZC_IPV_EMOTIONAL_ABUSE	name	string
ZC_IPV_EMOTIONAL_ABUSE	title	string
ZC_IPV_EMOTIONAL_ABUSE	abbr	string
ZC_IPV_EMOTIONAL_ABUSE	internal_id	int
ZC_IPV_EMOTIONAL_ABUSE	dl_load_dt	date
ZC_IPV_EMOTIONAL_ABUSE	dl_load_ts	timestamp
ZC_IPV_FEAR	ipv_fear_c	int
ZC_IPV_FEAR	name	string
ZC_IPV_FEAR	title	string
ZC_IPV_FEAR	abbr	string
ZC_IPV_FEAR	internal_id	int
ZC_IPV_FEAR	dl_load_dt	date
ZC_IPV_FEAR	dl_load_ts	timestamp
ZC_IPV_PHYSICAL_ABUSE	ipv_physical_abuse_c	int
ZC_IPV_PHYSICAL_ABUSE	name	string
ZC_IPV_PHYSICAL_ABUSE	title	string
ZC_IPV_PHYSICAL_ABUSE	abbr	string
ZC_IPV_PHYSICAL_ABUSE	internal_id	int
ZC_IPV_PHYSICAL_ABUSE	dl_load_dt	date
ZC_IPV_PHYSICAL_ABUSE	dl_load_ts	timestamp
ZC_IPV_SEXUAL_ABUSE	ipv_sexual_abuse_c	int
ZC_IPV_SEXUAL_ABUSE	name	string
ZC_IPV_SEXUAL_ABUSE	title	string
ZC_IPV_SEXUAL_ABUSE	abbr	string
ZC_IPV_SEXUAL_ABUSE	internal_id	int
ZC_IPV_SEXUAL_ABUSE	dl_load_dt	date
ZC_IPV_SEXUAL_ABUSE	dl_load_ts	timestamp
ZC_ISOLATION	isolation_c	int
ZC_ISOLATION	name	string
ZC_ISOLATION	title	string
ZC_ISOLATION	abbr	string
ZC_ISOLATION	internal_id	int
ZC_ISOLATION	dl_load_dt	date
ZC_ISOLATION	dl_load_ts	timestamp
ZC_ISOLATION_STATUS	isolation_status_c	int
ZC_ISOLATION_STATUS	name	string
ZC_ISOLATION_STATUS	title	string
ZC_ISOLATION_STATUS	abbr	string
ZC_ISOLATION_STATUS	internal_id	int
ZC_ISOLATION_STATUS	dl_load_dt	date
ZC_ISOLATION_STATUS	dl_load_ts	timestamp
ZC_LAB_STATUS	lab_status_c	int
ZC_LAB_STATUS	name	string
ZC_LAB_STATUS	title	string
ZC_LAB_STATUS	abbr	string
ZC_LAB_STATUS	internal_id	int
ZC_LAB_STATUS	dl_load_dt	date
ZC_LAB_STATUS	dl_load_ts	timestamp
ZC_LANGUAGE	language_c	string
ZC_LANGUAGE	name	string
ZC_LANGUAGE	title	string
ZC_LANGUAGE	abbr	string
ZC_LANGUAGE	internal_id	string
ZC_LANGUAGE	dl_load_dt	date
ZC_LANGUAGE	dl_load_ts	timestamp
ZC_LD_COMPLICATION	ld_complications_c	int
ZC_LD_COMPLICATION	name	string
ZC_LD_COMPLICATION	title	string
ZC_LD_COMPLICATION	abbr	string
ZC_LD_COMPLICATION	internal_id	int
ZC_LD_COMPLICATION	dl_load_dt	date
ZC_LD_COMPLICATION	dl_load_ts	timestamp
ZC_LETTER_TYPE	letter_type_c	string
ZC_LETTER_TYPE	name	string
ZC_LETTER_TYPE	title	string
ZC_LETTER_TYPE	abbr	string
ZC_LETTER_TYPE	internal_id	string
ZC_LETTER_TYPE	dl_load_dt	date
ZC_LETTER_TYPE	dl_load_ts	timestamp
ZC_LICENSE_DISPLAY	license_display_c	int
ZC_LICENSE_DISPLAY	name	string
ZC_LICENSE_DISPLAY	title	string
ZC_LICENSE_DISPLAY	abbr	string
ZC_LICENSE_DISPLAY	internal_id	int
ZC_LICENSE_DISPLAY	dl_load_dt	date
ZC_LICENSE_DISPLAY	dl_load_ts	timestamp
ZC_LINES_GROUP	lines_group_c	int
ZC_LINES_GROUP	name	string
ZC_LINES_GROUP	title	string
ZC_LINES_GROUP	abbr	string
ZC_LINES_GROUP	internal_id	int
ZC_LINES_GROUP	dl_load_dt	date
ZC_LINES_GROUP	dl_load_ts	timestamp
ZC_LINK_TYPE_4	link_type_4_c	int
ZC_LINK_TYPE_4	name	string
ZC_LINK_TYPE_4	title	string
ZC_LINK_TYPE_4	abbr	string
ZC_LINK_TYPE_4	internal_id	int
ZC_LINK_TYPE_4	dl_load_dt	date
ZC_LINK_TYPE_4	dl_load_ts	timestamp
ZC_LIVING_W_SPOUSE	living_w_spouse_c	int
ZC_LIVING_W_SPOUSE	name	string
ZC_LIVING_W_SPOUSE	title	string
ZC_LIVING_W_SPOUSE	abbr	string
ZC_LIVING_W_SPOUSE	internal_id	int
ZC_LIVING_W_SPOUSE	dl_load_dt	date
ZC_LIVING_W_SPOUSE	dl_load_ts	timestamp
ZC_LOGIN_TYPE	login_type_c	int
ZC_LOGIN_TYPE	name	string
ZC_LOGIN_TYPE	title	string
ZC_LOGIN_TYPE	abbr	string
ZC_LOGIN_TYPE	internal_id	int
ZC_LOGIN_TYPE	dl_load_dt	date
ZC_LOGIN_TYPE	dl_load_ts	timestamp
ZC_LPP_TYPE	lpp_type_c	int
ZC_LPP_TYPE	name	string
ZC_LPP_TYPE	title	string
ZC_LPP_TYPE	abbr	string
ZC_LPP_TYPE	internal_id	int
ZC_LPP_TYPE	dl_load_dt	date
ZC_LPP_TYPE	dl_load_ts	timestamp
ZC_LVL_OF_CARE	level_of_care_c	string
ZC_LVL_OF_CARE	name	string
ZC_LVL_OF_CARE	title	string
ZC_LVL_OF_CARE	abbr	string
ZC_LVL_OF_CARE	internal_id	string
ZC_LVL_OF_CARE	dl_load_dt	date
ZC_LVL_OF_CARE	dl_load_ts	timestamp
ZC_MAR_RSLT	result_c	string
ZC_MAR_RSLT	name	string
ZC_MAR_RSLT	title	string
ZC_MAR_RSLT	abbr	string
ZC_MAR_RSLT	internal_id	string
ZC_MAR_RSLT	dl_load_dt	date
ZC_MAR_RSLT	dl_load_ts	timestamp
ZC_MAR_RSN	reason_c	int
ZC_MAR_RSN	name	string
ZC_MAR_RSN	title	string
ZC_MAR_RSN	abbr	string
ZC_MAR_RSN	internal_id	int
ZC_MAR_RSN	dl_load_dt	date
ZC_MAR_RSN	dl_load_ts	timestamp
ZC_MAR_TIME_SRC	mar_time_src_c	int
ZC_MAR_TIME_SRC	name	string
ZC_MAR_TIME_SRC	title	string
ZC_MAR_TIME_SRC	abbr	string
ZC_MAR_TIME_SRC	internal_id	int
ZC_MAR_TIME_SRC	dl_load_dt	date
ZC_MAR_TIME_SRC	dl_load_ts	timestamp
ZC_MARITAL_STATUS	marital_status_c	int
ZC_MARITAL_STATUS	name	string
ZC_MARITAL_STATUS	title	string
ZC_MARITAL_STATUS	abbr	string
ZC_MARITAL_STATUS	internal_id	int
ZC_MARITAL_STATUS	dl_load_dt	date
ZC_MARITAL_STATUS	dl_load_ts	timestamp
ZC_MC_ADM_SOURCE	admission_source_c	string
ZC_MC_ADM_SOURCE	name	string
ZC_MC_ADM_SOURCE	title	string
ZC_MC_ADM_SOURCE	abbr	string
ZC_MC_ADM_SOURCE	internal_id	string
ZC_MC_ADM_SOURCE	dl_load_dt	date
ZC_MC_ADM_SOURCE	dl_load_ts	timestamp
ZC_MC_ADM_TYPE	admission_type_c	string
ZC_MC_ADM_TYPE	name	string
ZC_MC_ADM_TYPE	title	string
ZC_MC_ADM_TYPE	abbr	string
ZC_MC_ADM_TYPE	internal_id	string
ZC_MC_ADM_TYPE	dl_load_dt	date
ZC_MC_ADM_TYPE	dl_load_ts	timestamp
ZC_MC_PAT_STATUS	pat_status_c	string
ZC_MC_PAT_STATUS	name	string
ZC_MC_PAT_STATUS	title	string
ZC_MC_PAT_STATUS	abbr	string
ZC_MC_PAT_STATUS	internal_id	string
ZC_MC_PAT_STATUS	dl_load_dt	date
ZC_MC_PAT_STATUS	dl_load_ts	timestamp
ZC_MED_CYTO_WORKFL	med_cyto_workfl_c	int
ZC_MED_CYTO_WORKFL	name	string
ZC_MED_CYTO_WORKFL	title	string
ZC_MED_CYTO_WORKFL	abbr	string
ZC_MED_CYTO_WORKFL	internal_id	int
ZC_MED_CYTO_WORKFL	dl_load_dt	date
ZC_MED_CYTO_WORKFL	dl_load_ts	timestamp
ZC_MED_DURATION_UN	med_duration_un_c	int
ZC_MED_DURATION_UN	name	string
ZC_MED_DURATION_UN	title	string
ZC_MED_DURATION_UN	abbr	string
ZC_MED_DURATION_UN	internal_id	int
ZC_MED_DURATION_UN	dl_load_dt	date
ZC_MED_DURATION_UN	dl_load_ts	timestamp
ZC_MED_MIXTURE_TEXT_TYPE	med_mixture_text_type_c	int
ZC_MED_MIXTURE_TEXT_TYPE	name	string
ZC_MED_MIXTURE_TEXT_TYPE	title	string
ZC_MED_MIXTURE_TEXT_TYPE	abbr	string
ZC_MED_MIXTURE_TEXT_TYPE	internal_id	int
ZC_MED_MIXTURE_TEXT_TYPE	dl_load_dt	date
ZC_MED_MIXTURE_TEXT_TYPE	dl_load_ts	timestamp
ZC_MED_TRANSPORT_NEEDS	med_transport_needs_c	int
ZC_MED_TRANSPORT_NEEDS	name	string
ZC_MED_TRANSPORT_NEEDS	title	string
ZC_MED_TRANSPORT_NEEDS	abbr	string
ZC_MED_TRANSPORT_NEEDS	internal_id	int
ZC_MED_TRANSPORT_NEEDS	dl_load_dt	date
ZC_MED_TRANSPORT_NEEDS	dl_load_ts	timestamp
ZC_MED_UNIT	disp_qtyunit_c	int
ZC_MED_UNIT	name	string
ZC_MED_UNIT	title	string
ZC_MED_UNIT	abbr	string
ZC_MED_UNIT	internal_id	int
ZC_MED_UNIT	dl_load_dt	date
ZC_MED_UNIT	dl_load_ts	timestamp
ZC_MED_VERIFY_TYPE	med_verify_type_c	int
ZC_MED_VERIFY_TYPE	name	string
ZC_MED_VERIFY_TYPE	title	string
ZC_MED_VERIFY_TYPE	abbr	string
ZC_MED_VERIFY_TYPE	internal_id	int
ZC_MED_VERIFY_TYPE	dl_load_dt	date
ZC_MED_VERIFY_TYPE	dl_load_ts	timestamp
ZC_MEDCOM_TYPE	medcom_type_c	int
ZC_MEDCOM_TYPE	name	string
ZC_MEDCOM_TYPE	title	string
ZC_MEDCOM_TYPE	abbr	string
ZC_MEDCOM_TYPE	internal_id	int
ZC_MEDCOM_TYPE	dl_load_dt	date
ZC_MEDCOM_TYPE	dl_load_ts	timestamp
ZC_MEDICAL_HX	medical_hx_c	int
ZC_MEDICAL_HX	name	string
ZC_MEDICAL_HX	title	string
ZC_MEDICAL_HX	abbr	string
ZC_MEDICAL_HX	internal_id	int
ZC_MEDICAL_HX	dl_load_dt	date
ZC_MEDICAL_HX	dl_load_ts	timestamp
ZC_MEM_REL_TO_SUB	mem_rel_to_sub_c	int
ZC_MEM_REL_TO_SUB	name	string
ZC_MEM_REL_TO_SUB	title	string
ZC_MEM_REL_TO_SUB	abbr	string
ZC_MEM_REL_TO_SUB	internal_id	int
ZC_MEM_REL_TO_SUB	dl_load_dt	date
ZC_MEM_REL_TO_SUB	dl_load_ts	timestamp
ZC_METHOD_TYPE_2	method_type_2_c	int
ZC_METHOD_TYPE_2	name	string
ZC_METHOD_TYPE_2	title	string
ZC_METHOD_TYPE_2	abbr	string
ZC_METHOD_TYPE_2	internal_id	int
ZC_METHOD_TYPE_2	dl_load_dt	date
ZC_METHOD_TYPE_2	dl_load_ts	timestamp
ZC_METRIC_DATE_DESC	metric_date_desc_c	int
ZC_METRIC_DATE_DESC	name	string
ZC_METRIC_DATE_DESC	title	string
ZC_METRIC_DATE_DESC	abbr	string
ZC_METRIC_DATE_DESC	internal_id	int
ZC_METRIC_DATE_DESC	dl_load_dt	date
ZC_METRIC_DATE_DESC	dl_load_ts	timestamp
ZC_METRIC_STATUS	metric_status_c	int
ZC_METRIC_STATUS	name	string
ZC_METRIC_STATUS	title	string
ZC_METRIC_STATUS	abbr	string
ZC_METRIC_STATUS	internal_id	int
ZC_METRIC_STATUS	dl_load_dt	date
ZC_METRIC_STATUS	dl_load_ts	timestamp
ZC_METRIC_VALUE_DESC	metric_value_desc_c	int
ZC_METRIC_VALUE_DESC	name	string
ZC_METRIC_VALUE_DESC	title	string
ZC_METRIC_VALUE_DESC	abbr	string
ZC_METRIC_VALUE_DESC	internal_id	int
ZC_METRIC_VALUE_DESC	dl_load_dt	date
ZC_METRIC_VALUE_DESC	dl_load_ts	timestamp
ZC_MFG	mfg_c	int
ZC_MFG	name	string
ZC_MFG	title	string
ZC_MFG	abbr	string
ZC_MFG	internal_id	int
ZC_MFG	dl_load_dt	date
ZC_MFG	dl_load_ts	timestamp
ZC_MICRO_GENUS	micro_genus_c	int
ZC_MICRO_GENUS	name	string
ZC_MICRO_GENUS	title	string
ZC_MICRO_GENUS	abbr	string
ZC_MICRO_GENUS	internal_id	int
ZC_MICRO_GENUS	dl_load_dt	date
ZC_MICRO_GENUS	dl_load_ts	timestamp
ZC_MICRO_GROUP	micro_group_c	int
ZC_MICRO_GROUP	name	string
ZC_MICRO_GROUP	title	string
ZC_MICRO_GROUP	abbr	string
ZC_MICRO_GROUP	internal_id	int
ZC_MICRO_GROUP	dl_load_dt	date
ZC_MICRO_GROUP	dl_load_ts	timestamp
ZC_MICRO_SPECIES	micro_species_c	int
ZC_MICRO_SPECIES	name	string
ZC_MICRO_SPECIES	title	string
ZC_MICRO_SPECIES	abbr	string
ZC_MICRO_SPECIES	internal_id	int
ZC_MICRO_SPECIES	dl_load_dt	date
ZC_MICRO_SPECIES	dl_load_ts	timestamp
ZC_MOD_TYPE	mod_type_c	string
ZC_MOD_TYPE	name	string
ZC_MOD_TYPE	title	string
ZC_MOD_TYPE	abbr	string
ZC_MOD_TYPE	internal_id	string
ZC_MOD_TYPE	dl_load_dt	date
ZC_MOD_TYPE	dl_load_ts	timestamp
ZC_MODALITY_TYPE	modality_type_c	int
ZC_MODALITY_TYPE	name	string
ZC_MODALITY_TYPE	title	string
ZC_MODALITY_TYPE	abbr	string
ZC_MODALITY_TYPE	internal_id	int
ZC_MODALITY_TYPE	dl_load_dt	date
ZC_MODALITY_TYPE	dl_load_ts	timestamp
ZC_MOSAICISM	mosaicism_c	int
ZC_MOSAICISM	name	string
ZC_MOSAICISM	title	string
ZC_MOSAICISM	abbr	string
ZC_MOSAICISM	internal_id	int
ZC_MOSAICISM	dl_load_dt	date
ZC_MOSAICISM	dl_load_ts	timestamp
ZC_MSG_CALLER_REL	msg_caller_rel_c	string
ZC_MSG_CALLER_REL	name	string
ZC_MSG_CALLER_REL	title	string
ZC_MSG_CALLER_REL	abbr	string
ZC_MSG_CALLER_REL	internal_id	string
ZC_MSG_CALLER_REL	dl_load_dt	date
ZC_MSG_CALLER_REL	dl_load_ts	timestamp
ZC_MSG_PRIORITY	msg_priority_c	string
ZC_MSG_PRIORITY	name	string
ZC_MSG_PRIORITY	title	string
ZC_MSG_PRIORITY	abbr	string
ZC_MSG_PRIORITY	internal_id	string
ZC_MSG_PRIORITY	dl_load_dt	date
ZC_MSG_PRIORITY	dl_load_ts	timestamp
ZC_MYC_ACCT_TYPE	myc_acct_type_c	int
ZC_MYC_ACCT_TYPE	name	string
ZC_MYC_ACCT_TYPE	title	string
ZC_MYC_ACCT_TYPE	abbr	string
ZC_MYC_ACCT_TYPE	internal_id	int
ZC_MYC_ACCT_TYPE	dl_load_dt	date
ZC_MYC_ACCT_TYPE	dl_load_ts	timestamp
ZC_MYC_CARE_PROGRAM	myc_care_program_c	int
ZC_MYC_CARE_PROGRAM	name	string
ZC_MYC_CARE_PROGRAM	title	string
ZC_MYC_CARE_PROGRAM	abbr	string
ZC_MYC_CARE_PROGRAM	internal_id	int
ZC_MYC_CARE_PROGRAM	dl_load_dt	date
ZC_MYC_CARE_PROGRAM	dl_load_ts	timestamp
ZC_MYC_MSG_TYP	myc_msg_typ_c	string
ZC_MYC_MSG_TYP	name	string
ZC_MYC_MSG_TYP	title	string
ZC_MYC_MSG_TYP	abbr	string
ZC_MYC_MSG_TYP	internal_id	string
ZC_MYC_MSG_TYP	dl_load_dt	date
ZC_MYC_MSG_TYP	dl_load_ts	timestamp
ZC_MYC_PAT_TYPE	myc_pat_type_c	int
ZC_MYC_PAT_TYPE	name	string
ZC_MYC_PAT_TYPE	title	string
ZC_MYC_PAT_TYPE	abbr	string
ZC_MYC_PAT_TYPE	internal_id	int
ZC_MYC_PAT_TYPE	dl_load_dt	date
ZC_MYC_PAT_TYPE	dl_load_ts	timestamp
ZC_MYC_PRXY_RELATN	myc_prxy_relatn_c	int
ZC_MYC_PRXY_RELATN	name	string
ZC_MYC_PRXY_RELATN	title	string
ZC_MYC_PRXY_RELATN	abbr	string
ZC_MYC_PRXY_RELATN	internal_id	int
ZC_MYC_PRXY_RELATN	dl_load_dt	date
ZC_MYC_PRXY_RELATN	dl_load_ts	timestamp
ZC_MYC_STATUS	myc_status_c	int
ZC_MYC_STATUS	name	string
ZC_MYC_STATUS	title	string
ZC_MYC_STATUS	abbr	string
ZC_MYC_STATUS	internal_id	int
ZC_MYC_STATUS	dl_load_dt	date
ZC_MYC_STATUS	dl_load_ts	timestamp
ZC_MYCHART_STATUS	mychart_status_c	int
ZC_MYCHART_STATUS	name	string
ZC_MYCHART_STATUS	title	string
ZC_MYCHART_STATUS	abbr	string
ZC_MYCHART_STATUS	internal_id	int
ZC_MYCHART_STATUS	dl_load_dt	date
ZC_MYCHART_STATUS	dl_load_ts	timestamp
ZC_NATV_PRIM_FAIL	nat_primary_fail_c	int
ZC_NATV_PRIM_FAIL	name	string
ZC_NATV_PRIM_FAIL	title	string
ZC_NATV_PRIM_FAIL	abbr	string
ZC_NATV_PRIM_FAIL	internal_id	int
ZC_NATV_PRIM_FAIL	dl_load_dt	date
ZC_NATV_PRIM_FAIL	dl_load_ts	timestamp
ZC_NCS_TOPIC	topic_c	string
ZC_NCS_TOPIC	name	string
ZC_NCS_TOPIC	title	string
ZC_NCS_TOPIC	abbr	string
ZC_NCS_TOPIC	internal_id	string
ZC_NCS_TOPIC	dl_load_dt	date
ZC_NCS_TOPIC	dl_load_ts	timestamp
ZC_NEAREST_MED_TIM	nearest_med_tim_c	int
ZC_NEAREST_MED_TIM	name	string
ZC_NEAREST_MED_TIM	title	string
ZC_NEAREST_MED_TIM	abbr	string
ZC_NEAREST_MED_TIM	internal_id	int
ZC_NEAREST_MED_TIM	dl_load_dt	date
ZC_NEAREST_MED_TIM	dl_load_ts	timestamp
ZC_NO_SHOW_ACTION	no_show_action_c	string
ZC_NO_SHOW_ACTION	name	string
ZC_NO_SHOW_ACTION	title	string
ZC_NO_SHOW_ACTION	abbr	string
ZC_NO_SHOW_ACTION	internal_id	string
ZC_NO_SHOW_ACTION	dl_load_dt	date
ZC_NO_SHOW_ACTION	dl_load_ts	timestamp
ZC_NO_SHOW_OUTCOME	no_show_outcome_c	string
ZC_NO_SHOW_OUTCOME	name	string
ZC_NO_SHOW_OUTCOME	title	string
ZC_NO_SHOW_OUTCOME	abbr	string
ZC_NO_SHOW_OUTCOME	internal_id	string
ZC_NO_SHOW_OUTCOME	dl_load_dt	date
ZC_NO_SHOW_OUTCOME	dl_load_ts	timestamp
ZC_NOTE_FORMAT	note_format_c	string
ZC_NOTE_FORMAT	name	string
ZC_NOTE_FORMAT	title	string
ZC_NOTE_FORMAT	abbr	string
ZC_NOTE_FORMAT	internal_id	string
ZC_NOTE_FORMAT	dl_load_dt	date
ZC_NOTE_FORMAT	dl_load_ts	timestamp
ZC_NOTE_PURPOSE	note_purpose_c	int
ZC_NOTE_PURPOSE	name	string
ZC_NOTE_PURPOSE	title	string
ZC_NOTE_PURPOSE	abbr	string
ZC_NOTE_PURPOSE	internal_id	int
ZC_NOTE_PURPOSE	dl_load_dt	date
ZC_NOTE_PURPOSE	dl_load_ts	timestamp
ZC_NOTE_SER	service_type_c	string
ZC_NOTE_SER	name	string
ZC_NOTE_SER	title	string
ZC_NOTE_SER	abbr	string
ZC_NOTE_SER	internal_id	string
ZC_NOTE_SER	dl_load_dt	date
ZC_NOTE_SER	dl_load_ts	timestamp
ZC_NOTE_SOURCE	note_source_c	int
ZC_NOTE_SOURCE	name	string
ZC_NOTE_SOURCE	title	string
ZC_NOTE_SOURCE	abbr	string
ZC_NOTE_SOURCE	internal_id	int
ZC_NOTE_SOURCE	dl_load_dt	date
ZC_NOTE_SOURCE	dl_load_ts	timestamp
ZC_NOTE_STATUS	note_status_c	string
ZC_NOTE_STATUS	name	string
ZC_NOTE_STATUS	title	string
ZC_NOTE_STATUS	abbr	string
ZC_NOTE_STATUS	internal_id	string
ZC_NOTE_STATUS	dl_load_dt	date
ZC_NOTE_STATUS	dl_load_ts	timestamp
ZC_NOTE_TYPE	note_type_c	string
ZC_NOTE_TYPE	name	string
ZC_NOTE_TYPE	title	string
ZC_NOTE_TYPE	abbr	string
ZC_NOTE_TYPE	internal_id	string
ZC_NOTE_TYPE	dl_load_dt	date
ZC_NOTE_TYPE	dl_load_ts	timestamp
ZC_NOTE_TYPE_IP	type_ip_c	string
ZC_NOTE_TYPE_IP	name	string
ZC_NOTE_TYPE_IP	title	string
ZC_NOTE_TYPE_IP	abbr	string
ZC_NOTE_TYPE_IP	internal_id	string
ZC_NOTE_TYPE_IP	dl_load_dt	date
ZC_NOTE_TYPE_IP	dl_load_ts	timestamp
ZC_NOTEATTR_SOURCE	noteattr_source_c	int
ZC_NOTEATTR_SOURCE	name	string
ZC_NOTEATTR_SOURCE	title	string
ZC_NOTEATTR_SOURCE	abbr	string
ZC_NOTEATTR_SOURCE	internal_id	int
ZC_NOTEATTR_SOURCE	dl_load_dt	date
ZC_NOTEATTR_SOURCE	dl_load_ts	timestamp
ZC_NOTEATTR_SOURCE_TYPE	noteattr_source_type_c	int
ZC_NOTEATTR_SOURCE_TYPE	name	string
ZC_NOTEATTR_SOURCE_TYPE	title	string
ZC_NOTEATTR_SOURCE_TYPE	abbr	string
ZC_NOTEATTR_SOURCE_TYPE	internal_id	int
ZC_NOTEATTR_SOURCE_TYPE	dl_load_dt	date
ZC_NOTEATTR_SOURCE_TYPE	dl_load_ts	timestamp
ZC_NURSE_NOTE_STAT	nurse_note_stat_c	int
ZC_NURSE_NOTE_STAT	name	string
ZC_NURSE_NOTE_STAT	title	string
ZC_NURSE_NOTE_STAT	abbr	string
ZC_NURSE_NOTE_STAT	internal_id	int
ZC_NURSE_NOTE_STAT	dl_load_dt	date
ZC_NURSE_NOTE_STAT	dl_load_ts	timestamp
ZC_NURSE_NOTE_TYPE	nurse_note_type_c	int
ZC_NURSE_NOTE_TYPE	name	string
ZC_NURSE_NOTE_TYPE	title	string
ZC_NURSE_NOTE_TYPE	abbr	string
ZC_NURSE_NOTE_TYPE	internal_id	int
ZC_NURSE_NOTE_TYPE	dl_load_dt	date
ZC_NURSE_NOTE_TYPE	dl_load_ts	timestamp
ZC_OB_DEL_APGAR_1	ob_del_apgar_1_c	int
ZC_OB_DEL_APGAR_1	name	string
ZC_OB_DEL_APGAR_1	title	string
ZC_OB_DEL_APGAR_1	abbr	string
ZC_OB_DEL_APGAR_1	internal_id	int
ZC_OB_DEL_APGAR_1	dl_load_dt	date
ZC_OB_DEL_APGAR_1	dl_load_ts	timestamp
ZC_OB_DEL_CERVRIPE	obd_cerv_ripe_t_c	int
ZC_OB_DEL_CERVRIPE	name	string
ZC_OB_DEL_CERVRIPE	title	string
ZC_OB_DEL_CERVRIPE	abbr	string
ZC_OB_DEL_CERVRIPE	internal_id	int
ZC_OB_DEL_CERVRIPE	dl_load_dt	date
ZC_OB_DEL_CERVRIPE	dl_load_ts	timestamp
ZC_OB_DEL_EPISIO	obd_episiotomy_c	int
ZC_OB_DEL_EPISIO	name	string
ZC_OB_DEL_EPISIO	title	string
ZC_OB_DEL_EPISIO	abbr	string
ZC_OB_DEL_EPISIO	internal_id	int
ZC_OB_DEL_EPISIO	dl_load_dt	date
ZC_OB_DEL_EPISIO	dl_load_ts	timestamp
ZC_OB_DEL_INDUCT	obd_induction_c	int
ZC_OB_DEL_INDUCT	name	string
ZC_OB_DEL_INDUCT	title	string
ZC_OB_DEL_INDUCT	abbr	string
ZC_OB_DEL_INDUCT	internal_id	int
ZC_OB_DEL_INDUCT	dl_load_dt	date
ZC_OB_DEL_INDUCT	dl_load_ts	timestamp
ZC_OB_DEL_INDUCT_RSN	induction_reason_c	int
ZC_OB_DEL_INDUCT_RSN	name	string
ZC_OB_DEL_INDUCT_RSN	title	string
ZC_OB_DEL_INDUCT_RSN	abbr	string
ZC_OB_DEL_INDUCT_RSN	internal_id	int
ZC_OB_DEL_INDUCT_RSN	dl_load_dt	date
ZC_OB_DEL_INDUCT_RSN	dl_load_ts	timestamp
ZC_OB_DEL_LABOR_TYPE	ob_del_labor_type_c	int
ZC_OB_DEL_LABOR_TYPE	name	string
ZC_OB_DEL_LABOR_TYPE	title	string
ZC_OB_DEL_LABOR_TYPE	abbr	string
ZC_OB_DEL_LABOR_TYPE	internal_id	int
ZC_OB_DEL_LABOR_TYPE	dl_load_dt	date
ZC_OB_DEL_LABOR_TYPE	dl_load_ts	timestamp
ZC_OB_DEL_RUPTCLR	ob_del_ruptcolor_c	int
ZC_OB_DEL_RUPTCLR	name	string
ZC_OB_DEL_RUPTCLR	title	string
ZC_OB_DEL_RUPTCLR	abbr	string
ZC_OB_DEL_RUPTCLR	internal_id	int
ZC_OB_DEL_RUPTCLR	dl_load_dt	date
ZC_OB_DEL_RUPTCLR	dl_load_ts	timestamp
ZC_OB_DEL_RUPTTYPE	ob_del_rupture_c	int
ZC_OB_DEL_RUPTTYPE	name	string
ZC_OB_DEL_RUPTTYPE	title	string
ZC_OB_DEL_RUPTTYPE	abbr	string
ZC_OB_DEL_RUPTTYPE	internal_id	int
ZC_OB_DEL_RUPTTYPE	dl_load_dt	date
ZC_OB_DEL_RUPTTYPE	dl_load_ts	timestamp
ZC_OB_DEL_STEROIDS	ob_del_steroids_c	int
ZC_OB_DEL_STEROIDS	name	string
ZC_OB_DEL_STEROIDS	title	string
ZC_OB_DEL_STEROIDS	abbr	string
ZC_OB_DEL_STEROIDS	internal_id	int
ZC_OB_DEL_STEROIDS	dl_load_dt	date
ZC_OB_DEL_STEROIDS	dl_load_ts	timestamp
ZC_OB_DT_EVENT	ob_dt_event_c	int
ZC_OB_DT_EVENT	name	string
ZC_OB_DT_EVENT	title	string
ZC_OB_DT_EVENT	abbr	string
ZC_OB_DT_EVENT	internal_id	int
ZC_OB_DT_EVENT	dl_load_dt	date
ZC_OB_DT_EVENT	dl_load_ts	timestamp
ZC_OB_HX_IS_LIVING	ob_hx_is_living_c	int
ZC_OB_HX_IS_LIVING	name	string
ZC_OB_HX_IS_LIVING	title	string
ZC_OB_HX_IS_LIVING	abbr	string
ZC_OB_HX_IS_LIVING	internal_id	int
ZC_OB_HX_IS_LIVING	dl_load_dt	date
ZC_OB_HX_IS_LIVING	dl_load_ts	timestamp
ZC_OB_HX_OUTCOME	ob_hx_outcome_c	int
ZC_OB_HX_OUTCOME	name	string
ZC_OB_HX_OUTCOME	title	string
ZC_OB_HX_OUTCOME	abbr	string
ZC_OB_HX_OUTCOME	internal_id	int
ZC_OB_HX_OUTCOME	dl_load_dt	date
ZC_OB_HX_OUTCOME	dl_load_ts	timestamp
ZC_OCCUPATION	occupation_c	int
ZC_OCCUPATION	name	string
ZC_OCCUPATION	title	string
ZC_OCCUPATION	abbr	string
ZC_OCCUPATION	internal_id	int
ZC_OCCUPATION	dl_load_dt	date
ZC_OCCUPATION	dl_load_ts	timestamp
ZC_OCS_CONTEXT	ocs_context_c	int
ZC_OCS_CONTEXT	name	string
ZC_OCS_CONTEXT	title	string
ZC_OCS_CONTEXT	abbr	string
ZC_OCS_CONTEXT	internal_id	int
ZC_OCS_CONTEXT	dl_load_dt	date
ZC_OCS_CONTEXT	dl_load_ts	timestamp
ZC_OR_ANSTAFF_TYPE	anest_staff_req_c	int
ZC_OR_ANSTAFF_TYPE	name	string
ZC_OR_ANSTAFF_TYPE	title	string
ZC_OR_ANSTAFF_TYPE	abbr	string
ZC_OR_ANSTAFF_TYPE	internal_id	int
ZC_OR_ANSTAFF_TYPE	dl_load_dt	date
ZC_OR_ANSTAFF_TYPE	dl_load_ts	timestamp
ZC_OR_ASA_RATING	asa_rating_c	int
ZC_OR_ASA_RATING	name	string
ZC_OR_ASA_RATING	title	string
ZC_OR_ASA_RATING	abbr	string
ZC_OR_ASA_RATING	internal_id	int
ZC_OR_ASA_RATING	dl_load_dt	date
ZC_OR_ASA_RATING	dl_load_ts	timestamp
ZC_OR_AUDIT_ACTION	audit_action_c	int
ZC_OR_AUDIT_ACTION	name	string
ZC_OR_AUDIT_ACTION	title	string
ZC_OR_AUDIT_ACTION	abbr	string
ZC_OR_AUDIT_ACTION	internal_id	int
ZC_OR_AUDIT_ACTION	dl_load_dt	date
ZC_OR_AUDIT_ACTION	dl_load_ts	timestamp
ZC_OR_BLOCK	block_type_c	int
ZC_OR_BLOCK	name	string
ZC_OR_BLOCK	title	string
ZC_OR_BLOCK	abbr	string
ZC_OR_BLOCK	internal_id	int
ZC_OR_BLOCK	dl_load_dt	date
ZC_OR_BLOCK	dl_load_ts	timestamp
ZC_OR_CANCEL_RSN	cancel_reason_c	int
ZC_OR_CANCEL_RSN	name	string
ZC_OR_CANCEL_RSN	title	string
ZC_OR_CANCEL_RSN	abbr	string
ZC_OR_CANCEL_RSN	internal_id	int
ZC_OR_CANCEL_RSN	dl_load_dt	date
ZC_OR_CANCEL_RSN	dl_load_ts	timestamp
ZC_OR_CASE_CLASS	case_class_c	int
ZC_OR_CASE_CLASS	name	string
ZC_OR_CASE_CLASS	title	string
ZC_OR_CASE_CLASS	abbr	string
ZC_OR_CASE_CLASS	internal_id	int
ZC_OR_CASE_CLASS	dl_load_dt	date
ZC_OR_CASE_CLASS	dl_load_ts	timestamp
ZC_OR_EVENT_TYPE	track_event_type_c	int
ZC_OR_EVENT_TYPE	name	string
ZC_OR_EVENT_TYPE	title	string
ZC_OR_EVENT_TYPE	abbr	string
ZC_OR_EVENT_TYPE	internal_id	int
ZC_OR_EVENT_TYPE	dl_load_dt	date
ZC_OR_EVENT_TYPE	dl_load_ts	timestamp
ZC_OR_LRB	lrb_c	int
ZC_OR_LRB	name	string
ZC_OR_LRB	title	string
ZC_OR_LRB	abbr	string
ZC_OR_LRB	internal_id	int
ZC_OR_LRB	dl_load_dt	date
ZC_OR_LRB	dl_load_ts	timestamp
ZC_OR_MANUFACTURER	manufacturer_c	string
ZC_OR_MANUFACTURER	name	string
ZC_OR_MANUFACTURER	title	string
ZC_OR_MANUFACTURER	abbr	string
ZC_OR_MANUFACTURER	internal_id	string
ZC_OR_MANUFACTURER	dl_load_dt	date
ZC_OR_MANUFACTURER	dl_load_ts	timestamp
ZC_OR_OLD_BLOCK	old_block_type_c	int
ZC_OR_OLD_BLOCK	name	string
ZC_OR_OLD_BLOCK	title	string
ZC_OR_OLD_BLOCK	abbr	string
ZC_OR_OLD_BLOCK	internal_id	int
ZC_OR_OLD_BLOCK	dl_load_dt	date
ZC_OR_OLD_BLOCK	dl_load_ts	timestamp
ZC_OR_OP_REGION	operating_region_c	int
ZC_OR_OP_REGION	name	string
ZC_OR_OP_REGION	title	string
ZC_OR_OP_REGION	abbr	string
ZC_OR_OP_REGION	internal_id	int
ZC_OR_OP_REGION	dl_load_dt	date
ZC_OR_OP_REGION	dl_load_ts	timestamp
ZC_OR_PANEL_ROLE	role_c	int
ZC_OR_PANEL_ROLE	name	string
ZC_OR_PANEL_ROLE	title	string
ZC_OR_PANEL_ROLE	abbr	string
ZC_OR_PANEL_ROLE	internal_id	int
ZC_OR_PANEL_ROLE	dl_load_dt	date
ZC_OR_PANEL_ROLE	dl_load_ts	timestamp
ZC_OR_PAT_EVENTS	tracking_event_c	string
ZC_OR_PAT_EVENTS	name	string
ZC_OR_PAT_EVENTS	title	string
ZC_OR_PAT_EVENTS	abbr	string
ZC_OR_PAT_EVENTS	internal_id	string
ZC_OR_PAT_EVENTS	dl_load_dt	date
ZC_OR_PAT_EVENTS	dl_load_ts	timestamp
ZC_OR_PAT_STATUS	case_progress_c	int
ZC_OR_PAT_STATUS	name	string
ZC_OR_PAT_STATUS	title	string
ZC_OR_PAT_STATUS	abbr	string
ZC_OR_PAT_STATUS	internal_id	int
ZC_OR_PAT_STATUS	dl_load_dt	date
ZC_OR_PAT_STATUS	dl_load_ts	timestamp
ZC_OR_SCHED_STATUS	sched_status_c	int
ZC_OR_SCHED_STATUS	name	string
ZC_OR_SCHED_STATUS	title	string
ZC_OR_SCHED_STATUS	abbr	string
ZC_OR_SCHED_STATUS	internal_id	int
ZC_OR_SCHED_STATUS	dl_load_dt	date
ZC_OR_SCHED_STATUS	dl_load_ts	timestamp
ZC_OR_SERVICE	service_c	string
ZC_OR_SERVICE	name	string
ZC_OR_SERVICE	title	string
ZC_OR_SERVICE	abbr	string
ZC_OR_SERVICE	internal_id	string
ZC_OR_SERVICE	dl_load_dt	date
ZC_OR_SERVICE	dl_load_ts	timestamp
ZC_OR_STAFF_TYP_MAP	staff_type_map_c	int
ZC_OR_STAFF_TYP_MAP	name	string
ZC_OR_STAFF_TYP_MAP	title	string
ZC_OR_STAFF_TYP_MAP	abbr	string
ZC_OR_STAFF_TYP_MAP	internal_id	int
ZC_OR_STAFF_TYP_MAP	dl_load_dt	date
ZC_OR_STAFF_TYP_MAP	dl_load_ts	timestamp
ZC_OR_STAFF_TYPE	surg_staff_req_c	string
ZC_OR_STAFF_TYPE	name	string
ZC_OR_STAFF_TYPE	title	string
ZC_OR_STAFF_TYPE	abbr	string
ZC_OR_STAFF_TYPE	internal_id	string
ZC_OR_STAFF_TYPE	dl_load_dt	date
ZC_OR_STAFF_TYPE	dl_load_ts	timestamp
ZC_OR_STATUS	status_c	int
ZC_OR_STATUS	name	string
ZC_OR_STATUS	title	string
ZC_OR_STATUS	abbr	string
ZC_OR_STATUS	internal_id	int
ZC_OR_STATUS	dl_load_dt	date
ZC_OR_STATUS	dl_load_ts	timestamp
ZC_OR_TIMING_EVENT	timing_event_c	int
ZC_OR_TIMING_EVENT	name	string
ZC_OR_TIMING_EVENT	title	string
ZC_OR_TIMING_EVENT	abbr	string
ZC_OR_TIMING_EVENT	internal_id	int
ZC_OR_TIMING_EVENT	dl_load_dt	date
ZC_OR_TIMING_EVENT	dl_load_ts	timestamp
ZC_OR_TYPE_OF_PROC	type_of_proc_c	string
ZC_OR_TYPE_OF_PROC	name	string
ZC_OR_TYPE_OF_PROC	title	string
ZC_OR_TYPE_OF_PROC	abbr	string
ZC_OR_TYPE_OF_PROC	internal_id	string
ZC_OR_TYPE_OF_PROC	dl_load_dt	date
ZC_OR_TYPE_OF_PROC	dl_load_ts	timestamp
ZC_OR_WOUND_CLASS	wnd_cls_c	int
ZC_OR_WOUND_CLASS	name	string
ZC_OR_WOUND_CLASS	title	string
ZC_OR_WOUND_CLASS	abbr	string
ZC_OR_WOUND_CLASS	internal_id	int
ZC_OR_WOUND_CLASS	dl_load_dt	date
ZC_OR_WOUND_CLASS	dl_load_ts	timestamp
ZC_OR_WOUND_CLASS	partition_dt	date
ZC_ORD_BLOB_TYPE	ord_blob_type_c	int
ZC_ORD_BLOB_TYPE	name	string
ZC_ORD_BLOB_TYPE	title	string
ZC_ORD_BLOB_TYPE	abbr	string
ZC_ORD_BLOB_TYPE	internal_id	int
ZC_ORD_BLOB_TYPE	dl_load_dt	date
ZC_ORD_BLOB_TYPE	dl_load_ts	timestamp
ZC_ORD_CNTCT_TYPE	contact_type_c	int
ZC_ORD_CNTCT_TYPE	name	string
ZC_ORD_CNTCT_TYPE	title	string
ZC_ORD_CNTCT_TYPE	abbr	string
ZC_ORD_CNTCT_TYPE	internal_id	int
ZC_ORD_CNTCT_TYPE	dl_load_dt	date
ZC_ORD_CNTCT_TYPE	dl_load_ts	timestamp
ZC_ORD_LST_ED_ACTI	ord_lst_ed_acti_c	int
ZC_ORD_LST_ED_ACTI	name	string
ZC_ORD_LST_ED_ACTI	title	string
ZC_ORD_LST_ED_ACTI	abbr	string
ZC_ORD_LST_ED_ACTI	internal_id	int
ZC_ORD_LST_ED_ACTI	dl_load_dt	date
ZC_ORD_LST_ED_ACTI	dl_load_ts	timestamp
ZC_ORD_PROC_FREQ	ord_proc_freq_c	int
ZC_ORD_PROC_FREQ	name	string
ZC_ORD_PROC_FREQ	title	string
ZC_ORD_PROC_FREQ	abbr	string
ZC_ORD_PROC_FREQ	internal_id	int
ZC_ORD_PROC_FREQ	dl_load_dt	date
ZC_ORD_PROC_FREQ	dl_load_ts	timestamp
ZC_ORDER_CLASS	order_class_c	string
ZC_ORDER_CLASS	name	string
ZC_ORDER_CLASS	title	string
ZC_ORDER_CLASS	abbr	string
ZC_ORDER_CLASS	internal_id	string
ZC_ORDER_CLASS	dl_load_dt	date
ZC_ORDER_CLASS	dl_load_ts	timestamp
ZC_ORDER_PRIORITY	order_priority_c	int
ZC_ORDER_PRIORITY	name	string
ZC_ORDER_PRIORITY	title	string
ZC_ORDER_PRIORITY	abbr	string
ZC_ORDER_PRIORITY	internal_id	int
ZC_ORDER_PRIORITY	dl_load_dt	date
ZC_ORDER_PRIORITY	dl_load_ts	timestamp
ZC_ORDER_SOURCE	order_source_c	int
ZC_ORDER_SOURCE	name	string
ZC_ORDER_SOURCE	title	string
ZC_ORDER_SOURCE	abbr	string
ZC_ORDER_SOURCE	internal_id	int
ZC_ORDER_SOURCE	dl_load_dt	date
ZC_ORDER_SOURCE	dl_load_ts	timestamp
ZC_ORDER_STATUS	order_status_c	int
ZC_ORDER_STATUS	name	string
ZC_ORDER_STATUS	title	string
ZC_ORDER_STATUS	abbr	string
ZC_ORDER_STATUS	internal_id	int
ZC_ORDER_STATUS	dl_load_dt	date
ZC_ORDER_STATUS	dl_load_ts	timestamp
ZC_ORDER_TYPE	order_type_c	int
ZC_ORDER_TYPE	name	string
ZC_ORDER_TYPE	title	string
ZC_ORDER_TYPE	abbr	string
ZC_ORDER_TYPE	internal_id	int
ZC_ORDER_TYPE	dl_load_dt	date
ZC_ORDER_TYPE	dl_load_ts	timestamp
ZC_ORDERING_MODE	ordering_mode_c	int
ZC_ORDERING_MODE	name	string
ZC_ORDERING_MODE	title	string
ZC_ORDERING_MODE	abbr	string
ZC_ORDERING_MODE	internal_id	int
ZC_ORDERING_MODE	dl_load_dt	date
ZC_ORDERING_MODE	dl_load_ts	timestamp
ZC_ORGANISM_TYPE	organism_type_c	int
ZC_ORGANISM_TYPE	name	string
ZC_ORGANISM_TYPE	title	string
ZC_ORGANISM_TYPE	abbr	string
ZC_ORGANISM_TYPE	internal_id	int
ZC_ORGANISM_TYPE	dl_load_dt	date
ZC_ORGANISM_TYPE	dl_load_ts	timestamp
ZC_ORP_RPT_GRP_S2	orp_rpt_grp_s2_c	int
ZC_ORP_RPT_GRP_S2	name	string
ZC_ORP_RPT_GRP_S2	title	string
ZC_ORP_RPT_GRP_S2	abbr	string
ZC_ORP_RPT_GRP_S2	internal_id	int
ZC_ORP_RPT_GRP_S2	dl_load_dt	date
ZC_ORP_RPT_GRP_S2	dl_load_ts	timestamp
ZC_OTHER_COMMUNIC	other_communic_c	string
ZC_OTHER_COMMUNIC	name	string
ZC_OTHER_COMMUNIC	title	string
ZC_OTHER_COMMUNIC	abbr	string
ZC_OTHER_COMMUNIC	internal_id	string
ZC_OTHER_COMMUNIC	dl_load_dt	date
ZC_OTHER_COMMUNIC	dl_load_ts	timestamp
ZC_OTHER_TRANSPORT_NEEDS	other_transport_needs_c	int
ZC_OTHER_TRANSPORT_NEEDS	name	string
ZC_OTHER_TRANSPORT_NEEDS	title	string
ZC_OTHER_TRANSPORT_NEEDS	abbr	string
ZC_OTHER_TRANSPORT_NEEDS	internal_id	int
ZC_OTHER_TRANSPORT_NEEDS	dl_load_dt	date
ZC_OTHER_TRANSPORT_NEEDS	dl_load_ts	timestamp
ZC_OUTPUT_TYPE_P	output_type_p_c	int
ZC_OUTPUT_TYPE_P	name	string
ZC_OUTPUT_TYPE_P	title	string
ZC_OUTPUT_TYPE_P	abbr	string
ZC_OUTPUT_TYPE_P	internal_id	int
ZC_OUTPUT_TYPE_P	dl_load_dt	date
ZC_OUTPUT_TYPE_P	dl_load_ts	timestamp
ZC_PA_UNDO_RSN	preadm_undo_rsn_c	int
ZC_PA_UNDO_RSN	name	string
ZC_PA_UNDO_RSN	title	string
ZC_PA_UNDO_RSN	abbr	string
ZC_PA_UNDO_RSN	internal_id	int
ZC_PA_UNDO_RSN	dl_load_dt	date
ZC_PA_UNDO_RSN	dl_load_ts	timestamp
ZC_PASSIVE_SMOKE_EXPOSURE	passive_smoke_exposure_c	int
ZC_PASSIVE_SMOKE_EXPOSURE	name	string
ZC_PASSIVE_SMOKE_EXPOSURE	title	string
ZC_PASSIVE_SMOKE_EXPOSURE	abbr	string
ZC_PASSIVE_SMOKE_EXPOSURE	internal_id	int
ZC_PASSIVE_SMOKE_EXPOSURE	dl_load_dt	date
ZC_PASSIVE_SMOKE_EXPOSURE	dl_load_ts	timestamp
ZC_PAT_CLASS	adt_pat_class_c	string
ZC_PAT_CLASS	name	string
ZC_PAT_CLASS	title	string
ZC_PAT_CLASS	abbr	string
ZC_PAT_CLASS	internal_id	string
ZC_PAT_CLASS	dl_load_dt	date
ZC_PAT_CLASS	dl_load_ts	timestamp
ZC_PAT_HOUSING_STA	pat_housing_sta_c	int
ZC_PAT_HOUSING_STA	name	string
ZC_PAT_HOUSING_STA	title	string
ZC_PAT_HOUSING_STA	abbr	string
ZC_PAT_HOUSING_STA	internal_id	int
ZC_PAT_HOUSING_STA	dl_load_dt	date
ZC_PAT_HOUSING_STA	dl_load_ts	timestamp
ZC_PAT_LIVING_STAT	pat_living_stat_c	int
ZC_PAT_LIVING_STAT	name	string
ZC_PAT_LIVING_STAT	title	string
ZC_PAT_LIVING_STAT	abbr	string
ZC_PAT_LIVING_STAT	internal_id	int
ZC_PAT_LIVING_STAT	dl_load_dt	date
ZC_PAT_LIVING_STAT	dl_load_ts	timestamp
ZC_PAT_NAME_SUFFIX	pat_name_suffix_c	int
ZC_PAT_NAME_SUFFIX	name	string
ZC_PAT_NAME_SUFFIX	title	string
ZC_PAT_NAME_SUFFIX	abbr	string
ZC_PAT_NAME_SUFFIX	internal_id	int
ZC_PAT_NAME_SUFFIX	dl_load_dt	date
ZC_PAT_NAME_SUFFIX	dl_load_ts	timestamp
ZC_PAT_RELATION	pat_relation_c	string
ZC_PAT_RELATION	name	string
ZC_PAT_RELATION	title	string
ZC_PAT_RELATION	abbr	string
ZC_PAT_RELATION	internal_id	string
ZC_PAT_RELATION	dl_load_dt	date
ZC_PAT_RELATION	dl_load_ts	timestamp
ZC_PAT_REPORTED_STATUS	pat_reported_status_c	int
ZC_PAT_REPORTED_STATUS	name	string
ZC_PAT_REPORTED_STATUS	title	string
ZC_PAT_REPORTED_STATUS	abbr	string
ZC_PAT_REPORTED_STATUS	internal_id	int
ZC_PAT_REPORTED_STATUS	dl_load_dt	date
ZC_PAT_REPORTED_STATUS	dl_load_ts	timestamp
ZC_PAT_SERVICE	hosp_serv_c	string
ZC_PAT_SERVICE	name	string
ZC_PAT_SERVICE	title	string
ZC_PAT_SERVICE	abbr	string
ZC_PAT_SERVICE	internal_id	string
ZC_PAT_SERVICE	dl_load_dt	date
ZC_PAT_SERVICE	dl_load_ts	timestamp
ZC_PAT_SIG_REPLY	pat_sig_reply_c	int
ZC_PAT_SIG_REPLY	name	string
ZC_PAT_SIG_REPLY	title	string
ZC_PAT_SIG_REPLY	abbr	string
ZC_PAT_SIG_REPLY	internal_id	int
ZC_PAT_SIG_REPLY	dl_load_dt	date
ZC_PAT_SIG_REPLY	dl_load_ts	timestamp
ZC_PAT_STATUS	adt_patient_stat_c	int
ZC_PAT_STATUS	name	string
ZC_PAT_STATUS	title	string
ZC_PAT_STATUS	abbr	string
ZC_PAT_STATUS	internal_id	int
ZC_PAT_STATUS	dl_load_dt	date
ZC_PAT_STATUS	dl_load_ts	timestamp
ZC_PAT_TITLE	pat_title_c	string
ZC_PAT_TITLE	name	string
ZC_PAT_TITLE	title	string
ZC_PAT_TITLE	abbr	string
ZC_PAT_TITLE	internal_id	string
ZC_PAT_TITLE	dl_load_dt	date
ZC_PAT_TITLE	dl_load_ts	timestamp
ZC_PATIENT_FLAG_SRC	patient_flag_src_c	int
ZC_PATIENT_FLAG_SRC	name	string
ZC_PATIENT_FLAG_SRC	title	string
ZC_PATIENT_FLAG_SRC	abbr	string
ZC_PATIENT_FLAG_SRC	internal_id	int
ZC_PATIENT_FLAG_SRC	dl_load_dt	date
ZC_PATIENT_FLAG_SRC	dl_load_ts	timestamp
ZC_PATIENT_RACE	patient_race_c	int
ZC_PATIENT_RACE	name	string
ZC_PATIENT_RACE	title	string
ZC_PATIENT_RACE	abbr	string
ZC_PATIENT_RACE	internal_id	int
ZC_PATIENT_RACE	dl_load_dt	date
ZC_PATIENT_RACE	dl_load_ts	timestamp
ZC_PATIENT_STATUS	patient_status_c	string
ZC_PATIENT_STATUS	name	string
ZC_PATIENT_STATUS	title	string
ZC_PATIENT_STATUS	abbr	string
ZC_PATIENT_STATUS	internal_id	string
ZC_PATIENT_STATUS	dl_load_dt	date
ZC_PATIENT_STATUS	dl_load_ts	timestamp
ZC_PATIENT_TYPE	patient_type_c	string
ZC_PATIENT_TYPE	name	string
ZC_PATIENT_TYPE	title	string
ZC_PATIENT_TYPE	abbr	string
ZC_PATIENT_TYPE	internal_id	string
ZC_PATIENT_TYPE	dl_load_dt	date
ZC_PATIENT_TYPE	dl_load_ts	timestamp
ZC_PATMSG_PRIORITY	patmsg_priority_c	string
ZC_PATMSG_PRIORITY	name	string
ZC_PATMSG_PRIORITY	title	string
ZC_PATMSG_PRIORITY	abbr	string
ZC_PATMSG_PRIORITY	internal_id	string
ZC_PATMSG_PRIORITY	dl_load_dt	date
ZC_PATMSG_PRIORITY	dl_load_ts	timestamp
ZC_PCP_CHG_REQ_BY	change_req_by_c	int
ZC_PCP_CHG_REQ_BY	name	string
ZC_PCP_CHG_REQ_BY	title	string
ZC_PCP_CHG_REQ_BY	abbr	string
ZC_PCP_CHG_REQ_BY	internal_id	int
ZC_PCP_CHG_REQ_BY	dl_load_dt	date
ZC_PCP_CHG_REQ_BY	dl_load_ts	timestamp
ZC_PCP_SWITCH_RSN	switch_reason_c	int
ZC_PCP_SWITCH_RSN	name	string
ZC_PCP_SWITCH_RSN	title	string
ZC_PCP_SWITCH_RSN	abbr	string
ZC_PCP_SWITCH_RSN	internal_id	int
ZC_PCP_SWITCH_RSN	dl_load_dt	date
ZC_PCP_SWITCH_RSN	dl_load_ts	timestamp
ZC_PCP_TYPE	pcp_type_c	int
ZC_PCP_TYPE	name	string
ZC_PCP_TYPE	title	string
ZC_PCP_TYPE	abbr	string
ZC_PCP_TYPE	internal_id	int
ZC_PCP_TYPE	dl_load_dt	date
ZC_PCP_TYPE	dl_load_ts	timestamp
ZC_PGX_DRUG_EFFICACY	pgx_drug_efficacy_c	int
ZC_PGX_DRUG_EFFICACY	name	string
ZC_PGX_DRUG_EFFICACY	title	string
ZC_PGX_DRUG_EFFICACY	abbr	string
ZC_PGX_DRUG_EFFICACY	internal_id	int
ZC_PGX_DRUG_EFFICACY	dl_load_dt	date
ZC_PGX_DRUG_EFFICACY	dl_load_ts	timestamp
ZC_PGX_DRUG_METAB	pgx_drug_metab_c	int
ZC_PGX_DRUG_METAB	name	string
ZC_PGX_DRUG_METAB	title	string
ZC_PGX_DRUG_METAB	abbr	string
ZC_PGX_DRUG_METAB	internal_id	int
ZC_PGX_DRUG_METAB	dl_load_dt	date
ZC_PGX_DRUG_METAB	dl_load_ts	timestamp
ZC_PGX_DRUG_METAB	asgnd_interp_ty_c	int
ZC_PGX_DRUG_TXPORT	pgx_drug_txport_c	int
ZC_PGX_DRUG_TXPORT	name	string
ZC_PGX_DRUG_TXPORT	title	string
ZC_PGX_DRUG_TXPORT	abbr	string
ZC_PGX_DRUG_TXPORT	internal_id	int
ZC_PGX_DRUG_TXPORT	dl_load_dt	date
ZC_PGX_DRUG_TXPORT	dl_load_ts	timestamp
ZC_PGX_HIGH_RISK	pgx_high_risk_c	int
ZC_PGX_HIGH_RISK	name	string
ZC_PGX_HIGH_RISK	title	string
ZC_PGX_HIGH_RISK	abbr	string
ZC_PGX_HIGH_RISK	internal_id	int
ZC_PGX_HIGH_RISK	dl_load_dt	date
ZC_PGX_HIGH_RISK	dl_load_ts	timestamp
ZC_PHAGE_TYPE	phage_type_c	int
ZC_PHAGE_TYPE	name	string
ZC_PHAGE_TYPE	title	string
ZC_PHAGE_TYPE	abbr	string
ZC_PHAGE_TYPE	internal_id	int
ZC_PHAGE_TYPE	dl_load_dt	date
ZC_PHAGE_TYPE	dl_load_ts	timestamp
ZC_PHARM_CLASS	pharm_class_c	int
ZC_PHARM_CLASS	name	string
ZC_PHARM_CLASS	title	string
ZC_PHARM_CLASS	abbr	string
ZC_PHARM_CLASS	internal_id	int
ZC_PHARM_CLASS	dl_load_dt	date
ZC_PHARM_CLASS	dl_load_ts	timestamp
ZC_PHARM_SUBCLASS	pharm_subclass_c	int
ZC_PHARM_SUBCLASS	name	string
ZC_PHARM_SUBCLASS	title	string
ZC_PHARM_SUBCLASS	abbr	string
ZC_PHARM_SUBCLASS	internal_id	int
ZC_PHARM_SUBCLASS	dl_load_dt	date
ZC_PHARM_SUBCLASS	dl_load_ts	timestamp
ZC_PHONE_COMMUNICATION	phone_communication_c	int
ZC_PHONE_COMMUNICATION	name	string
ZC_PHONE_COMMUNICATION	title	string
ZC_PHONE_COMMUNICATION	abbr	string
ZC_PHONE_COMMUNICATION	internal_id	int
ZC_PHONE_COMMUNICATION	dl_load_dt	date
ZC_PHONE_COMMUNICATION	dl_load_ts	timestamp
ZC_PHONE_REM_STAT	phone_rem_stat_c	int
ZC_PHONE_REM_STAT	name	string
ZC_PHONE_REM_STAT	title	string
ZC_PHONE_REM_STAT	abbr	string
ZC_PHONE_REM_STAT	internal_id	int
ZC_PHONE_REM_STAT	dl_load_dt	date
ZC_PHONE_REM_STAT	dl_load_ts	timestamp
ZC_PHOTO_APPROVED	photo_approved_c	int
ZC_PHOTO_APPROVED	name	string
ZC_PHOTO_APPROVED	title	string
ZC_PHOTO_APPROVED	abbr	string
ZC_PHOTO_APPROVED	internal_id	int
ZC_PHOTO_APPROVED	dl_load_dt	date
ZC_PHOTO_APPROVED	dl_load_ts	timestamp
ZC_PHYS_ACT_DAYS_PER_WEEK	phys_act_days_per_week_c	int
ZC_PHYS_ACT_DAYS_PER_WEEK	name	string
ZC_PHYS_ACT_DAYS_PER_WEEK	title	string
ZC_PHYS_ACT_DAYS_PER_WEEK	abbr	string
ZC_PHYS_ACT_DAYS_PER_WEEK	internal_id	int
ZC_PHYS_ACT_DAYS_PER_WEEK	dl_load_dt	date
ZC_PHYS_ACT_DAYS_PER_WEEK	dl_load_ts	timestamp
ZC_PHYS_ACT_MIN_PER_SESS	phys_act_min_per_sess_c	int
ZC_PHYS_ACT_MIN_PER_SESS	name	string
ZC_PHYS_ACT_MIN_PER_SESS	title	string
ZC_PHYS_ACT_MIN_PER_SESS	abbr	string
ZC_PHYS_ACT_MIN_PER_SESS	internal_id	int
ZC_PHYS_ACT_MIN_PER_SESS	dl_load_dt	date
ZC_PHYS_ACT_MIN_PER_SESS	dl_load_ts	timestamp
ZC_PHYS_TEMP_SRC	phys_temp_src_c	string
ZC_PHYS_TEMP_SRC	name	string
ZC_PHYS_TEMP_SRC	title	string
ZC_PHYS_TEMP_SRC	abbr	string
ZC_PHYS_TEMP_SRC	internal_id	string
ZC_PHYS_TEMP_SRC	dl_load_dt	date
ZC_PHYS_TEMP_SRC	dl_load_ts	timestamp
ZC_PHYSICAL_LOC	physical_loc_c	int
ZC_PHYSICAL_LOC	name	string
ZC_PHYSICAL_LOC	title	string
ZC_PHYSICAL_LOC	abbr	string
ZC_PHYSICAL_LOC	internal_id	int
ZC_PHYSICAL_LOC	dl_load_dt	date
ZC_PHYSICAL_LOC	dl_load_ts	timestamp
ZC_PLAN_STATUS	plan_status_c	int
ZC_PLAN_STATUS	name	string
ZC_PLAN_STATUS	title	string
ZC_PLAN_STATUS	abbr	string
ZC_PLAN_STATUS	internal_id	int
ZC_PLAN_STATUS	dl_load_dt	date
ZC_PLAN_STATUS	dl_load_ts	timestamp
ZC_PRIORITY_3	priority_3_c	int
ZC_PRIORITY_3	name	string
ZC_PRIORITY_3	title	string
ZC_PRIORITY_3	abbr	string
ZC_PRIORITY_3	internal_id	int
ZC_PRIORITY_3	dl_load_dt	date
ZC_PRIORITY_3	dl_load_ts	timestamp
ZC_PROBLEM_STATUS	problem_status_c	int
ZC_PROBLEM_STATUS	name	string
ZC_PROBLEM_STATUS	title	string
ZC_PROBLEM_STATUS	abbr	string
ZC_PROBLEM_STATUS	internal_id	int
ZC_PROBLEM_STATUS	dl_load_dt	date
ZC_PROBLEM_STATUS	dl_load_ts	timestamp
ZC_PROC_NOT_DONE_R	proc_not_done_r_c	int
ZC_PROC_NOT_DONE_R	name	string
ZC_PROC_NOT_DONE_R	title	string
ZC_PROC_NOT_DONE_R	abbr	string
ZC_PROC_NOT_DONE_R	internal_id	int
ZC_PROC_NOT_DONE_R	dl_load_dt	date
ZC_PROC_NOT_DONE_R	dl_load_ts	timestamp
ZC_PROC_NOT_PERF	proc_not_perf_c	int
ZC_PROC_NOT_PERF	name	string
ZC_PROC_NOT_PERF	title	string
ZC_PROC_NOT_PERF	abbr	string
ZC_PROC_NOT_PERF	internal_id	int
ZC_PROC_NOT_PERF	dl_load_dt	date
ZC_PROC_NOT_PERF	dl_load_ts	timestamp
ZC_PROCEDURE_SUBTYPE	procedure_subtype_c	int
ZC_PROCEDURE_SUBTYPE	name	string
ZC_PROCEDURE_SUBTYPE	title	string
ZC_PROCEDURE_SUBTYPE	abbr	string
ZC_PROCEDURE_SUBTYPE	internal_id	int
ZC_PROCEDURE_SUBTYPE	dl_load_dt	date
ZC_PROCEDURE_SUBTYPE	dl_load_ts	timestamp
ZC_PROCESSING_STAT	processing_stat_c	int
ZC_PROCESSING_STAT	name	string
ZC_PROCESSING_STAT	title	string
ZC_PROCESSING_STAT	abbr	string
ZC_PROCESSING_STAT	internal_id	int
ZC_PROCESSING_STAT	dl_load_dt	date
ZC_PROCESSING_STAT	dl_load_ts	timestamp
ZC_PROD_TYPE	prod_type_c	string
ZC_PROD_TYPE	name	string
ZC_PROD_TYPE	title	string
ZC_PROD_TYPE	abbr	string
ZC_PROD_TYPE	internal_id	string
ZC_PROD_TYPE	dl_load_dt	date
ZC_PROD_TYPE	dl_load_ts	timestamp
ZC_PRODUCT_STATUS	product_status_c	int
ZC_PRODUCT_STATUS	name	string
ZC_PRODUCT_STATUS	title	string
ZC_PRODUCT_STATUS	abbr	string
ZC_PRODUCT_STATUS	internal_id	int
ZC_PRODUCT_STATUS	dl_load_dt	date
ZC_PRODUCT_STATUS	dl_load_ts	timestamp
ZC_PROV_LICENSURE	licen_reqd_c	int
ZC_PROV_LICENSURE	name	string
ZC_PROV_LICENSURE	title	string
ZC_PROV_LICENSURE	abbr	string
ZC_PROV_LICENSURE	internal_id	int
ZC_PROV_LICENSURE	dl_load_dt	date
ZC_PROV_LICENSURE	dl_load_ts	timestamp
ZC_PROV_STATUS	prov_status_c	int
ZC_PROV_STATUS	name	string
ZC_PROV_STATUS	title	string
ZC_PROV_STATUS	abbr	string
ZC_PROV_STATUS	internal_id	int
ZC_PROV_STATUS	dl_load_dt	date
ZC_PROV_STATUS	dl_load_ts	timestamp
ZC_PROV_TYPE	prov_type_c	string
ZC_PROV_TYPE	name	string
ZC_PROV_TYPE	title	string
ZC_PROV_TYPE	abbr	string
ZC_PROV_TYPE	internal_id	string
ZC_PROV_TYPE	dl_load_dt	date
ZC_PROV_TYPE	dl_load_ts	timestamp
ZC_PROVIDER_TYPE	provider_type_c	int
ZC_PROVIDER_TYPE	name	string
ZC_PROVIDER_TYPE	title	string
ZC_PROVIDER_TYPE	abbr	string
ZC_PROVIDER_TYPE	internal_id	int
ZC_PROVIDER_TYPE	dl_load_dt	date
ZC_PROVIDER_TYPE	dl_load_ts	timestamp
ZC_PRT_CLS	prt_cls_c	string
ZC_PRT_CLS	name	string
ZC_PRT_CLS	title	string
ZC_PRT_CLS	abbr	string
ZC_PRT_CLS	internal_id	string
ZC_PRT_CLS	dl_load_dt	date
ZC_PRT_CLS	dl_load_ts	timestamp
ZC_PT_ENT_DRAW_STAT	pt_ent_draw_stat_c	int
ZC_PT_ENT_DRAW_STAT	name	string
ZC_PT_ENT_DRAW_STAT	title	string
ZC_PT_ENT_DRAW_STAT	abbr	string
ZC_PT_ENT_DRAW_STAT	internal_id	int
ZC_PT_ENT_DRAW_STAT	dl_load_dt	date
ZC_PT_ENT_DRAW_STAT	dl_load_ts	timestamp
ZC_QUERY_REASON	query_reason_c	int
ZC_QUERY_REASON	name	string
ZC_QUERY_REASON	title	string
ZC_QUERY_REASON	abbr	string
ZC_QUERY_REASON	internal_id	int
ZC_QUERY_REASON	dl_load_dt	date
ZC_QUERY_REASON	dl_load_ts	timestamp
ZC_QUEST_TYPE	quest_type_c	int
ZC_QUEST_TYPE	name	string
ZC_QUEST_TYPE	title	string
ZC_QUEST_TYPE	abbr	string
ZC_QUEST_TYPE	internal_id	int
ZC_QUEST_TYPE	dl_load_dt	date
ZC_QUEST_TYPE	dl_load_ts	timestamp
ZC_RDT_TYPE	rdt_type_c	int
ZC_RDT_TYPE	name	string
ZC_RDT_TYPE	title	string
ZC_RDT_TYPE	abbr	string
ZC_RDT_TYPE	internal_id	int
ZC_RDT_TYPE	dl_load_dt	date
ZC_RDT_TYPE	dl_load_ts	timestamp
ZC_REACTION	reaction_c	int
ZC_REACTION	name	string
ZC_REACTION	title	string
ZC_REACTION	abbr	string
ZC_REACTION	internal_id	int
ZC_REACTION	dl_load_dt	date
ZC_REACTION	dl_load_ts	timestamp
ZC_REASON_FOR_CANC	reason_for_canc_c	string
ZC_REASON_FOR_CANC	name	string
ZC_REASON_FOR_CANC	title	string
ZC_REASON_FOR_CANC	abbr	string
ZC_REASON_FOR_CANC	internal_id	string
ZC_REASON_FOR_CANC	dl_load_dt	date
ZC_REASON_FOR_CANC	dl_load_ts	timestamp
ZC_REC_ACTION	rec_action_c	int
ZC_REC_ACTION	name	string
ZC_REC_ACTION	title	string
ZC_REC_ACTION	abbr	string
ZC_REC_ACTION	internal_id	int
ZC_REC_ACTION	dl_load_dt	date
ZC_REC_ACTION	dl_load_ts	timestamp
ZC_RECORD_STAT_HRV	record_stat_hrv_c	int
ZC_RECORD_STAT_HRV	name	string
ZC_RECORD_STAT_HRV	title	string
ZC_RECORD_STAT_HRV	abbr	string
ZC_RECORD_STAT_HRV	internal_id	int
ZC_RECORD_STAT_HRV	dl_load_dt	date
ZC_RECORD_STAT_HRV	dl_load_ts	timestamp
ZC_RECORD_STATE_5	record_state_5_c	int
ZC_RECORD_STATE_5	name	string
ZC_RECORD_STATE_5	title	string
ZC_RECORD_STATE_5	abbr	string
ZC_RECORD_STATE_5	internal_id	int
ZC_RECORD_STATE_5	dl_load_dt	date
ZC_RECORD_STATE_5	dl_load_ts	timestamp
ZC_RECORD_STS	record_sts_c	int
ZC_RECORD_STS	name	string
ZC_RECORD_STS	title	string
ZC_RECORD_STS	abbr	string
ZC_RECORD_STS	internal_id	int
ZC_RECORD_STS	dl_load_dt	date
ZC_RECORD_STS	dl_load_ts	timestamp
ZC_REGIMEN_CAT	regimen_cat_c	string
ZC_REGIMEN_CAT	name	string
ZC_REGIMEN_CAT	title	string
ZC_REGIMEN_CAT	abbr	string
ZC_REGIMEN_CAT	internal_id	string
ZC_REGIMEN_CAT	dl_load_dt	date
ZC_REGIMEN_CAT	dl_load_ts	timestamp
ZC_RELATION_TO_PAT	relation_to_pat_c	int
ZC_RELATION_TO_PAT	name	string
ZC_RELATION_TO_PAT	title	string
ZC_RELATION_TO_PAT	abbr	string
ZC_RELATION_TO_PAT	internal_id	int
ZC_RELATION_TO_PAT	dl_load_dt	date
ZC_RELATION_TO_PAT	dl_load_ts	timestamp
ZC_RELEASE_REASON	release_reason_c	int
ZC_RELEASE_REASON	name	string
ZC_RELEASE_REASON	title	string
ZC_RELEASE_REASON	abbr	string
ZC_RELEASE_REASON	internal_id	int
ZC_RELEASE_REASON	dl_load_dt	date
ZC_RELEASE_REASON	dl_load_ts	timestamp
ZC_RELIGION	religion_c	int
ZC_RELIGION	name	string
ZC_RELIGION	title	string
ZC_RELIGION	abbr	string
ZC_RELIGION	internal_id	int
ZC_RELIGION	dl_load_dt	date
ZC_RELIGION	dl_load_ts	timestamp
ZC_REQ_CONTEXT	req_context_c	int
ZC_REQ_CONTEXT	name	string
ZC_REQ_CONTEXT	title	string
ZC_REQ_CONTEXT	abbr	string
ZC_REQ_CONTEXT	internal_id	int
ZC_REQ_CONTEXT	dl_load_dt	date
ZC_REQ_CONTEXT	dl_load_ts	timestamp
ZC_REQ_STATUS_RCVD	req_status_rcvd_c	int
ZC_REQ_STATUS_RCVD	name	string
ZC_REQ_STATUS_RCVD	title	string
ZC_REQ_STATUS_RCVD	abbr	string
ZC_REQ_STATUS_RCVD	internal_id	int
ZC_REQ_STATUS_RCVD	dl_load_dt	date
ZC_REQ_STATUS_RCVD	dl_load_ts	timestamp
ZC_RES_VAL_STATUS	res_val_status_c	int
ZC_RES_VAL_STATUS	name	string
ZC_RES_VAL_STATUS	title	string
ZC_RES_VAL_STATUS	abbr	string
ZC_RES_VAL_STATUS	internal_id	int
ZC_RES_VAL_STATUS	dl_load_dt	date
ZC_RES_VAL_STATUS	dl_load_ts	timestamp
ZC_RESP_METH	resp_meth_c	int
ZC_RESP_METH	name	string
ZC_RESP_METH	title	string
ZC_RESP_METH	abbr	string
ZC_RESP_METH	internal_id	int
ZC_RESP_METH	dl_load_dt	date
ZC_RESP_METH	dl_load_ts	timestamp
ZC_RESULT_FLAG	result_flag_c	string
ZC_RESULT_FLAG	name	string
ZC_RESULT_FLAG	title	string
ZC_RESULT_FLAG	abbr	string
ZC_RESULT_FLAG	internal_id	string
ZC_RESULT_FLAG	dl_load_dt	date
ZC_RESULT_FLAG	dl_load_ts	timestamp
ZC_RESULT_STATUS	result_status_c	int
ZC_RESULT_STATUS	name	string
ZC_RESULT_STATUS	title	string
ZC_RESULT_STATUS	abbr	string
ZC_RESULT_STATUS	internal_id	int
ZC_RESULT_STATUS	dl_load_dt	date
ZC_RESULT_STATUS	dl_load_ts	timestamp
ZC_RESULTS	results_c	int
ZC_RESULTS	name	string
ZC_RESULTS	title	string
ZC_RESULTS	abbr	string
ZC_RESULTS	internal_id	int
ZC_RESULTS	dl_load_dt	date
ZC_RESULTS	dl_load_ts	timestamp
ZC_RFL_CLASS	rfl_class_c	string
ZC_RFL_CLASS	name	string
ZC_RFL_CLASS	title	string
ZC_RFL_CLASS	abbr	string
ZC_RFL_CLASS	internal_id	string
ZC_RFL_CLASS	dl_load_dt	date
ZC_RFL_CLASS	dl_load_ts	timestamp
ZC_RFL_PRIORITY	priority_c	string
ZC_RFL_PRIORITY	name	string
ZC_RFL_PRIORITY	title	string
ZC_RFL_PRIORITY	abbr	string
ZC_RFL_PRIORITY	internal_id	string
ZC_RFL_PRIORITY	dl_load_dt	date
ZC_RFL_PRIORITY	dl_load_ts	timestamp
ZC_RFL_STATUS	rfl_status_c	int
ZC_RFL_STATUS	name	string
ZC_RFL_STATUS	title	string
ZC_RFL_STATUS	abbr	string
ZC_RFL_STATUS	internal_id	int
ZC_RFL_STATUS	dl_load_dt	date
ZC_RFL_STATUS	dl_load_ts	timestamp
ZC_RFL_TYPE	rfl_type_c	string
ZC_RFL_TYPE	name	string
ZC_RFL_TYPE	title	string
ZC_RFL_TYPE	abbr	string
ZC_RFL_TYPE	internal_id	string
ZC_RFL_TYPE	dl_load_dt	date
ZC_RFL_TYPE	dl_load_ts	timestamp
ZC_ROI_AUTH_TYPE	roi_auth_type_c	string
ZC_ROI_AUTH_TYPE	name	string
ZC_ROI_AUTH_TYPE	title	string
ZC_ROI_AUTH_TYPE	abbr	string
ZC_ROI_AUTH_TYPE	internal_id	string
ZC_ROI_AUTH_TYPE	dl_load_dt	date
ZC_ROI_AUTH_TYPE	dl_load_ts	timestamp
ZC_ROUTE	route_c	int
ZC_ROUTE	name	string
ZC_ROUTE	title	string
ZC_ROUTE	abbr	string
ZC_ROUTE	internal_id	int
ZC_ROUTE	dl_load_dt	date
ZC_ROUTE	dl_load_ts	timestamp
ZC_ROUTING_DEPT_TY	routing_dept_ty_c	int
ZC_ROUTING_DEPT_TY	name	string
ZC_ROUTING_DEPT_TY	title	string
ZC_ROUTING_DEPT_TY	abbr	string
ZC_ROUTING_DEPT_TY	internal_id	int
ZC_ROUTING_DEPT_TY	dl_load_dt	date
ZC_ROUTING_DEPT_TY	dl_load_ts	timestamp
ZC_RSN_FOR_DISCON	rsn_for_discon_c	int
ZC_RSN_FOR_DISCON	name	string
ZC_RSN_FOR_DISCON	title	string
ZC_RSN_FOR_DISCON	abbr	string
ZC_RSN_FOR_DISCON	internal_id	int
ZC_RSN_FOR_DISCON	dl_load_dt	date
ZC_RSN_FOR_DISCON	dl_load_ts	timestamp
ZC_RSN_FOR_RFL	rsn_for_rfl_c	string
ZC_RSN_FOR_RFL	name	string
ZC_RSN_FOR_RFL	title	string
ZC_RSN_FOR_RFL	abbr	string
ZC_RSN_FOR_RFL	internal_id	string
ZC_RSN_FOR_RFL	dl_load_dt	date
ZC_RSN_FOR_RFL	dl_load_ts	timestamp
ZC_RX_CUST_ID_ISSUE_ORG	rx_cust_id_issue_org_c	int
ZC_RX_CUST_ID_ISSUE_ORG	name	string
ZC_RX_CUST_ID_ISSUE_ORG	title	string
ZC_RX_CUST_ID_ISSUE_ORG	abbr	string
ZC_RX_CUST_ID_ISSUE_ORG	internal_id	int
ZC_RX_CUST_ID_ISSUE_ORG	dl_load_dt	date
ZC_RX_CUST_ID_ISSUE_ORG	dl_load_ts	timestamp
ZC_RX_DISP_CUST_ID_TYPE	rx_disp_cust_id_type_c	int
ZC_RX_DISP_CUST_ID_TYPE	name	string
ZC_RX_DISP_CUST_ID_TYPE	title	string
ZC_RX_DISP_CUST_ID_TYPE	abbr	string
ZC_RX_DISP_CUST_ID_TYPE	internal_id	int
ZC_RX_DISP_CUST_ID_TYPE	dl_load_dt	date
ZC_RX_DISP_CUST_ID_TYPE	dl_load_ts	timestamp
ZC_RX_DOCUMENT_STATUS	rx_document_status_c	int
ZC_RX_DOCUMENT_STATUS	name	string
ZC_RX_DOCUMENT_STATUS	title	string
ZC_RX_DOCUMENT_STATUS	abbr	string
ZC_RX_DOCUMENT_STATUS	internal_id	int
ZC_RX_DOCUMENT_STATUS	dl_load_dt	date
ZC_RX_DOCUMENT_STATUS	dl_load_ts	timestamp
ZC_RXNORM_CODE_LEVEL	rxnorm_code_level_c	int
ZC_RXNORM_CODE_LEVEL	name	string
ZC_RXNORM_CODE_LEVEL	title	string
ZC_RXNORM_CODE_LEVEL	abbr	string
ZC_RXNORM_CODE_LEVEL	internal_id	int
ZC_RXNORM_CODE_LEVEL	dl_load_dt	date
ZC_RXNORM_CODE_LEVEL	dl_load_ts	timestamp
ZC_RXNORM_TERM_TYPE	rxnorm_term_type_c	int
ZC_RXNORM_TERM_TYPE	name	string
ZC_RXNORM_TERM_TYPE	title	string
ZC_RXNORM_TERM_TYPE	abbr	string
ZC_RXNORM_TERM_TYPE	internal_id	int
ZC_RXNORM_TERM_TYPE	dl_load_dt	date
ZC_RXNORM_TERM_TYPE	dl_load_ts	timestamp
ZC_SCHED_STATUS	sched_status_c	int
ZC_SCHED_STATUS	name	string
ZC_SCHED_STATUS	title	string
ZC_SCHED_STATUS	abbr	string
ZC_SCHED_STATUS	internal_id	int
ZC_SCHED_STATUS	dl_load_dt	date
ZC_SCHED_STATUS	dl_load_ts	timestamp
ZC_SDOH_ADDRESSED	sdoh_addressed_c	int
ZC_SDOH_ADDRESSED	name	string
ZC_SDOH_ADDRESSED	title	string
ZC_SDOH_ADDRESSED	abbr	string
ZC_SDOH_ADDRESSED	internal_id	int
ZC_SDOH_ADDRESSED	dl_load_dt	date
ZC_SDOH_ADDRESSED	dl_load_ts	timestamp
ZC_SEROTYPE	serotype_c	int
ZC_SEROTYPE	name	string
ZC_SEROTYPE	title	string
ZC_SEROTYPE	abbr	string
ZC_SEROTYPE	internal_id	int
ZC_SEROTYPE	dl_load_dt	date
ZC_SEROTYPE	dl_load_ts	timestamp
ZC_SEVERITY	severity_c	int
ZC_SEVERITY	name	string
ZC_SEVERITY	title	string
ZC_SEVERITY	abbr	string
ZC_SEVERITY	internal_id	int
ZC_SEVERITY	dl_load_dt	date
ZC_SEVERITY	dl_load_ts	timestamp
ZC_SEX	rcpt_mem_sex_c	string
ZC_SEX	name	string
ZC_SEX	title	string
ZC_SEX	abbr	string
ZC_SEX	internal_id	string
ZC_SEX	dl_load_dt	date
ZC_SEX	dl_load_ts	timestamp
ZC_SEX_ASGN_AT_BIRTH	sex_asgn_at_birth_c	int
ZC_SEX_ASGN_AT_BIRTH	name	string
ZC_SEX_ASGN_AT_BIRTH	title	string
ZC_SEX_ASGN_AT_BIRTH	abbr	string
ZC_SEX_ASGN_AT_BIRTH	internal_id	int
ZC_SEX_ASGN_AT_BIRTH	dl_load_dt	date
ZC_SEX_ASGN_AT_BIRTH	dl_load_ts	timestamp
ZC_SEXUAL_ORIENTATION	sexual_orientation_c	int
ZC_SEXUAL_ORIENTATION	name	string
ZC_SEXUAL_ORIENTATION	title	string
ZC_SEXUAL_ORIENTATION	abbr	string
ZC_SEXUAL_ORIENTATION	internal_id	int
ZC_SEXUAL_ORIENTATION	dl_load_dt	date
ZC_SEXUAL_ORIENTATION	dl_load_ts	timestamp
ZC_SEXUALLY_ACTIVE	sexually_active_c	int
ZC_SEXUALLY_ACTIVE	name	string
ZC_SEXUALLY_ACTIVE	title	string
ZC_SEXUALLY_ACTIVE	abbr	string
ZC_SEXUALLY_ACTIVE	internal_id	int
ZC_SEXUALLY_ACTIVE	dl_load_dt	date
ZC_SEXUALLY_ACTIVE	dl_load_ts	timestamp
ZC_SIMPLE_GENERIC	simple_generic_c	string
ZC_SIMPLE_GENERIC	name	string
ZC_SIMPLE_GENERIC	title	string
ZC_SIMPLE_GENERIC	abbr	string
ZC_SIMPLE_GENERIC	internal_id	string
ZC_SIMPLE_GENERIC	dl_load_dt	date
ZC_SIMPLE_GENERIC	dl_load_ts	timestamp
ZC_SITE	site_c	int
ZC_SITE	name	string
ZC_SITE	title	string
ZC_SITE	abbr	string
ZC_SITE	internal_id	int
ZC_SITE	dl_load_dt	date
ZC_SITE	dl_load_ts	timestamp
ZC_SITE_OF_COLLECT	site_of_collect_c	int
ZC_SITE_OF_COLLECT	name	string
ZC_SITE_OF_COLLECT	title	string
ZC_SITE_OF_COLLECT	abbr	string
ZC_SITE_OF_COLLECT	internal_id	int
ZC_SITE_OF_COLLECT	dl_load_dt	date
ZC_SITE_OF_COLLECT	dl_load_ts	timestamp
ZC_SMOKELESS_TOB_U	smokeless_tob_u_c	int
ZC_SMOKELESS_TOB_U	name	string
ZC_SMOKELESS_TOB_U	title	string
ZC_SMOKELESS_TOB_U	abbr	string
ZC_SMOKELESS_TOB_U	internal_id	int
ZC_SMOKELESS_TOB_U	dl_load_dt	date
ZC_SMOKELESS_TOB_U	dl_load_ts	timestamp
ZC_SMOKING_TOB_USE	smoking_tob_use_c	int
ZC_SMOKING_TOB_USE	name	string
ZC_SMOKING_TOB_USE	title	string
ZC_SMOKING_TOB_USE	abbr	string
ZC_SMOKING_TOB_USE	internal_id	int
ZC_SMOKING_TOB_USE	dl_load_dt	date
ZC_SMOKING_TOB_USE	dl_load_ts	timestamp
ZC_SOCIALIZATION_FREQ	socialization_freq_c	int
ZC_SOCIALIZATION_FREQ	name	string
ZC_SOCIALIZATION_FREQ	title	string
ZC_SOCIALIZATION_FREQ	abbr	string
ZC_SOCIALIZATION_FREQ	internal_id	int
ZC_SOCIALIZATION_FREQ	dl_load_dt	date
ZC_SOCIALIZATION_FREQ	dl_load_ts	timestamp
ZC_SOI_ROM	soi_rom_c	int
ZC_SOI_ROM	name	string
ZC_SOI_ROM	title	string
ZC_SOI_ROM	abbr	string
ZC_SOI_ROM	internal_id	int
ZC_SOI_ROM	dl_load_dt	date
ZC_SOI_ROM	dl_load_ts	timestamp
ZC_SOURCE_OF_PRI_I	source_of_pri_i_c	int
ZC_SOURCE_OF_PRI_I	name	string
ZC_SOURCE_OF_PRI_I	title	string
ZC_SOURCE_OF_PRI_I	abbr	string
ZC_SOURCE_OF_PRI_I	internal_id	int
ZC_SOURCE_OF_PRI_I	dl_load_dt	date
ZC_SOURCE_OF_PRI_I	dl_load_ts	timestamp
ZC_SPEC_AC	spec_ac_c	int
ZC_SPEC_AC	name	string
ZC_SPEC_AC	title	string
ZC_SPEC_AC	abbr	string
ZC_SPEC_AC	internal_id	int
ZC_SPEC_AC	dl_load_dt	date
ZC_SPEC_AC	dl_load_ts	timestamp
ZC_SPEC_DRAW_TYPE	spec_draw_type_c	int
ZC_SPEC_DRAW_TYPE	name	string
ZC_SPEC_DRAW_TYPE	title	string
ZC_SPEC_DRAW_TYPE	abbr	string
ZC_SPEC_DRAW_TYPE	internal_id	int
ZC_SPEC_DRAW_TYPE	dl_load_dt	date
ZC_SPEC_DRAW_TYPE	dl_load_ts	timestamp
ZC_SPEC_ORIGIN	spec_origin_c	int
ZC_SPEC_ORIGIN	name	string
ZC_SPEC_ORIGIN	title	string
ZC_SPEC_ORIGIN	abbr	string
ZC_SPEC_ORIGIN	internal_id	int
ZC_SPEC_ORIGIN	dl_load_dt	date
ZC_SPEC_ORIGIN	dl_load_ts	timestamp
ZC_SPEC_SOURCE	spec_source_c	int
ZC_SPEC_SOURCE	name	string
ZC_SPEC_SOURCE	title	string
ZC_SPEC_SOURCE	abbr	string
ZC_SPEC_SOURCE	internal_id	int
ZC_SPEC_SOURCE	dl_load_dt	date
ZC_SPEC_SOURCE	dl_load_ts	timestamp
ZC_SPEC_TEST_PRI	spec_test_pri_c	string
ZC_SPEC_TEST_PRI	name	string
ZC_SPEC_TEST_PRI	title	string
ZC_SPEC_TEST_PRI	abbr	string
ZC_SPEC_TEST_PRI	internal_id	string
ZC_SPEC_TEST_PRI	dl_load_dt	date
ZC_SPEC_TEST_PRI	dl_load_ts	timestamp
ZC_SPECIALTY	specialty_c	string
ZC_SPECIALTY	name	string
ZC_SPECIALTY	title	string
ZC_SPECIALTY	abbr	string
ZC_SPECIALTY	internal_id	string
ZC_SPECIALTY	dl_load_dt	date
ZC_SPECIALTY	dl_load_ts	timestamp
ZC_SPECIALTY_DEP	specialty_dep_c	string
ZC_SPECIALTY_DEP	name	string
ZC_SPECIALTY_DEP	title	string
ZC_SPECIALTY_DEP	abbr	string
ZC_SPECIALTY_DEP	internal_id	string
ZC_SPECIALTY_DEP	dl_load_dt	date
ZC_SPECIALTY_DEP	dl_load_ts	timestamp
ZC_SPECIMEN_SOURCE	specimen_source_c	int
ZC_SPECIMEN_SOURCE	name	string
ZC_SPECIMEN_SOURCE	title	string
ZC_SPECIMEN_SOURCE	abbr	string
ZC_SPECIMEN_SOURCE	internal_id	int
ZC_SPECIMEN_SOURCE	dl_load_dt	date
ZC_SPECIMEN_SOURCE	dl_load_ts	timestamp
ZC_SPECIMEN_TYPE	specimen_type_c	int
ZC_SPECIMEN_TYPE	name	string
ZC_SPECIMEN_TYPE	title	string
ZC_SPECIMEN_TYPE	abbr	string
ZC_SPECIMEN_TYPE	internal_id	int
ZC_SPECIMEN_TYPE	dl_load_dt	date
ZC_SPECIMEN_TYPE	dl_load_ts	timestamp
ZC_SR_PRIORITY	sr_priority_c	string
ZC_SR_PRIORITY	name	string
ZC_SR_PRIORITY	title	string
ZC_SR_PRIORITY	abbr	string
ZC_SR_PRIORITY	internal_id	string
ZC_SR_PRIORITY	dl_load_dt	date
ZC_SR_PRIORITY	dl_load_ts	timestamp
ZC_ST_COMPREHENSIVE	st_comprehensive_c	int
ZC_ST_COMPREHENSIVE	name	string
ZC_ST_COMPREHENSIVE	title	string
ZC_ST_COMPREHENSIVE	abbr	string
ZC_ST_COMPREHENSIVE	internal_id	int
ZC_ST_COMPREHENSIVE	dl_load_dt	date
ZC_ST_COMPREHENSIVE	dl_load_ts	timestamp
ZC_STAT_ABNORMS	stat_abnorms_c	string
ZC_STAT_ABNORMS	name	string
ZC_STAT_ABNORMS	title	string
ZC_STAT_ABNORMS	abbr	string
ZC_STAT_ABNORMS	internal_id	string
ZC_STAT_ABNORMS	dl_load_dt	date
ZC_STAT_ABNORMS	dl_load_ts	timestamp
ZC_STATE	state_c	string
ZC_STATE	name	string
ZC_STATE	title	string
ZC_STATE	abbr	string
ZC_STATE	internal_id	string
ZC_STATE	dl_load_dt	date
ZC_STATE	dl_load_ts	timestamp
ZC_STATUS_REASON	status_reason_c	int
ZC_STATUS_REASON	name	string
ZC_STATUS_REASON	title	string
ZC_STATUS_REASON	abbr	string
ZC_STATUS_REASON	internal_id	int
ZC_STATUS_REASON	dl_load_dt	date
ZC_STATUS_REASON	dl_load_ts	timestamp
ZC_STND_TP	stnd_tp_c	int
ZC_STND_TP	name	string
ZC_STND_TP	title	string
ZC_STND_TP	abbr	string
ZC_STND_TP	internal_id	int
ZC_STND_TP	dl_load_dt	date
ZC_STND_TP	dl_load_ts	timestamp
ZC_STRUCT_TYPE	struct_type_c	int
ZC_STRUCT_TYPE	name	string
ZC_STRUCT_TYPE	title	string
ZC_STRUCT_TYPE	abbr	string
ZC_STRUCT_TYPE	internal_id	int
ZC_STRUCT_TYPE	dl_load_dt	date
ZC_STRUCT_TYPE	dl_load_ts	timestamp
ZC_STYLESHEET	stylesheet_c	int
ZC_STYLESHEET	name	string
ZC_STYLESHEET	title	string
ZC_STYLESHEET	abbr	string
ZC_STYLESHEET	internal_id	int
ZC_STYLESHEET	dl_load_dt	date
ZC_STYLESHEET	dl_load_ts	timestamp
ZC_SUSCEPT	suscept_c	int
ZC_SUSCEPT	name	string
ZC_SUSCEPT	title	string
ZC_SUSCEPT	abbr	string
ZC_SUSCEPT	internal_id	int
ZC_SUSCEPT	dl_load_dt	date
ZC_SUSCEPT	dl_load_ts	timestamp
ZC_SYNOPSIS_DEPT	synopsis_dept_c	int
ZC_SYNOPSIS_DEPT	name	string
ZC_SYNOPSIS_DEPT	title	string
ZC_SYNOPSIS_DEPT	abbr	string
ZC_SYNOPSIS_DEPT	internal_id	int
ZC_SYNOPSIS_DEPT	dl_load_dt	date
ZC_SYNOPSIS_DEPT	dl_load_ts	timestamp
ZC_TASK	task_c	int
ZC_TASK	name	string
ZC_TASK	title	string
ZC_TASK	abbr	string
ZC_TASK	internal_id	int
ZC_TASK	dl_load_dt	date
ZC_TASK	dl_load_ts	timestamp
ZC_TASK_ACTION	task_action_c	int
ZC_TASK_ACTION	name	string
ZC_TASK_ACTION	title	string
ZC_TASK_ACTION	abbr	string
ZC_TASK_ACTION	internal_id	int
ZC_TASK_ACTION	dl_load_dt	date
ZC_TASK_ACTION	dl_load_ts	timestamp
ZC_TAX_STATE	tax_state_c	string
ZC_TAX_STATE	name	string
ZC_TAX_STATE	title	string
ZC_TAX_STATE	abbr	string
ZC_TAX_STATE	internal_id	string
ZC_TAX_STATE	dl_load_dt	date
ZC_TAX_STATE	dl_load_ts	timestamp
ZC_TC_CANCEL_RSN	tc_cancel_rsn_c	int
ZC_TC_CANCEL_RSN	name	string
ZC_TC_CANCEL_RSN	title	string
ZC_TC_CANCEL_RSN	abbr	string
ZC_TC_CANCEL_RSN	internal_id	int
ZC_TC_CANCEL_RSN	dl_load_dt	date
ZC_TC_CANCEL_RSN	dl_load_ts	timestamp
ZC_TC_DECLINE_RSN	tc_decline_rsn_c	int
ZC_TC_DECLINE_RSN	name	string
ZC_TC_DECLINE_RSN	title	string
ZC_TC_DECLINE_RSN	abbr	string
ZC_TC_DECLINE_RSN	internal_id	int
ZC_TC_DECLINE_RSN	dl_load_dt	date
ZC_TC_DECLINE_RSN	dl_load_ts	timestamp
ZC_TC_REQUEST_STATUS	tc_request_status_c	int
ZC_TC_REQUEST_STATUS	name	string
ZC_TC_REQUEST_STATUS	title	string
ZC_TC_REQUEST_STATUS	abbr	string
ZC_TC_REQUEST_STATUS	internal_id	int
ZC_TC_REQUEST_STATUS	dl_load_dt	date
ZC_TC_REQUEST_STATUS	dl_load_ts	timestamp
ZC_TEAM_ACTION	team_action_c	int
ZC_TEAM_ACTION	name	string
ZC_TEAM_ACTION	title	string
ZC_TEAM_ACTION	abbr	string
ZC_TEAM_ACTION	internal_id	int
ZC_TEAM_ACTION	dl_load_dt	date
ZC_TEAM_ACTION	dl_load_ts	timestamp
ZC_THERA_CLASS	thera_class_c	int
ZC_THERA_CLASS	name	string
ZC_THERA_CLASS	title	string
ZC_THERA_CLASS	abbr	string
ZC_THERA_CLASS	internal_id	int
ZC_THERA_CLASS	dl_load_dt	date
ZC_THERA_CLASS	dl_load_ts	timestamp
ZC_TIME_SOURCE_STATUS	time_source_status_c	int
ZC_TIME_SOURCE_STATUS	name	string
ZC_TIME_SOURCE_STATUS	title	string
ZC_TIME_SOURCE_STATUS	abbr	string
ZC_TIME_SOURCE_STATUS	internal_id	int
ZC_TIME_SOURCE_STATUS	dl_load_dt	date
ZC_TIME_SOURCE_STATUS	dl_load_ts	timestamp
ZC_TIME_SOURCE_STATUS	pat_id	string
ZC_TIME_SOURCE_STATUS	contact_serial_num	decimal(18,0)
ZC_TIME_SOURCE_STATUS	line_count	int
ZC_TIME_SOURCE_STATUS	value_count	int
ZC_TIME_SOURCE_STATUS	medication_order_id	decimal(18,0)
ZC_TIME_SOURCE_STATUS	taking_yn	string
ZC_TIME_SOURCE_STATUS	cm_phy_owner_id	string
ZC_TIME_SOURCE_STATUS	cm_log_owner_id	string
ZC_TOBACCO_USER	tobacco_user_c	int
ZC_TOBACCO_USER	name	string
ZC_TOBACCO_USER	title	string
ZC_TOBACCO_USER	abbr	string
ZC_TOBACCO_USER	internal_id	int
ZC_TOBACCO_USER	dl_load_dt	date
ZC_TOBACCO_USER	dl_load_ts	timestamp
ZC_TOFROM_PAT	tofrom_pat_c	int
ZC_TOFROM_PAT	name	string
ZC_TOFROM_PAT	title	string
ZC_TOFROM_PAT	abbr	string
ZC_TOFROM_PAT	internal_id	int
ZC_TOFROM_PAT	dl_load_dt	date
ZC_TOFROM_PAT	dl_load_ts	timestamp
ZC_TPL_BSA_SRC	tpl_bsa_src_c	int
ZC_TPL_BSA_SRC	name	string
ZC_TPL_BSA_SRC	title	string
ZC_TPL_BSA_SRC	abbr	string
ZC_TPL_BSA_SRC	internal_id	int
ZC_TPL_BSA_SRC	dl_load_dt	date
ZC_TPL_BSA_SRC	dl_load_ts	timestamp
ZC_TPL_HT_SOURCE	tpl_ht_source_c	int
ZC_TPL_HT_SOURCE	name	string
ZC_TPL_HT_SOURCE	title	string
ZC_TPL_HT_SOURCE	abbr	string
ZC_TPL_HT_SOURCE	internal_id	int
ZC_TPL_HT_SOURCE	dl_load_dt	date
ZC_TPL_HT_SOURCE	dl_load_ts	timestamp
ZC_TRANSCRIPT_SYSTEM	transcript_system_c	int
ZC_TRANSCRIPT_SYSTEM	name	string
ZC_TRANSCRIPT_SYSTEM	title	string
ZC_TRANSCRIPT_SYSTEM	abbr	string
ZC_TRANSCRIPT_SYSTEM	internal_id	int
ZC_TRANSCRIPT_SYSTEM	dl_load_dt	date
ZC_TRANSCRIPT_SYSTEM	dl_load_ts	timestamp
ZC_TRIP_DATE_APPROX	trip_date_approx_c	int
ZC_TRIP_DATE_APPROX	name	string
ZC_TRIP_DATE_APPROX	title	string
ZC_TRIP_DATE_APPROX	abbr	string
ZC_TRIP_DATE_APPROX	internal_id	int
ZC_TRIP_DATE_APPROX	dl_load_dt	date
ZC_TRIP_DATE_APPROX	dl_load_ts	timestamp
ZC_TRT_DAY_STATUS	trt_day_status_c	int
ZC_TRT_DAY_STATUS	name	string
ZC_TRT_DAY_STATUS	title	string
ZC_TRT_DAY_STATUS	abbr	string
ZC_TRT_DAY_STATUS	internal_id	int
ZC_TRT_DAY_STATUS	dl_load_dt	date
ZC_TRT_DAY_STATUS	dl_load_ts	timestamp
ZC_TRT_GOAL	trt_goal_c	int
ZC_TRT_GOAL	name	string
ZC_TRT_GOAL	title	string
ZC_TRT_GOAL	abbr	string
ZC_TRT_GOAL	internal_id	int
ZC_TRT_GOAL	dl_load_dt	date
ZC_TRT_GOAL	dl_load_ts	timestamp
ZC_TRTMNT_TEAM_INF	trtmnt_team_inf_c	string
ZC_TRTMNT_TEAM_INF	name	string
ZC_TRTMNT_TEAM_INF	title	string
ZC_TRTMNT_TEAM_INF	abbr	string
ZC_TRTMNT_TEAM_INF	internal_id	string
ZC_TRTMNT_TEAM_INF	dl_load_dt	date
ZC_TRTMNT_TEAM_INF	dl_load_ts	timestamp
ZC_TRTMT_TEAM_REL	trtmnt_team_rel_c	string
ZC_TRTMT_TEAM_REL	name	string
ZC_TRTMT_TEAM_REL	title	string
ZC_TRTMT_TEAM_REL	abbr	string
ZC_TRTMT_TEAM_REL	internal_id	string
ZC_TRTMT_TEAM_REL	dl_load_dt	date
ZC_TRTMT_TEAM_REL	dl_load_ts	timestamp
ZC_TT_ACTION	tt_action_c	int
ZC_TT_ACTION	name	string
ZC_TT_ACTION	title	string
ZC_TT_ACTION	abbr	string
ZC_TT_ACTION	internal_id	int
ZC_TT_ACTION	dl_load_dt	date
ZC_TT_ACTION	dl_load_ts	timestamp
ZC_TX_CLASS	tx_class_c	int
ZC_TX_CLASS	name	string
ZC_TX_CLASS	title	string
ZC_TX_CLASS	abbr	string
ZC_TX_CLASS	internal_id	int
ZC_TX_CLASS	dl_load_dt	date
ZC_TX_CLASS	dl_load_ts	timestamp
ZC_TX_CURRENT_STAG	tx_current_stag_c	int
ZC_TX_CURRENT_STAG	name	string
ZC_TX_CURRENT_STAG	title	string
ZC_TX_CURRENT_STAG	abbr	string
ZC_TX_CURRENT_STAG	internal_id	int
ZC_TX_CURRENT_STAG	dl_load_dt	date
ZC_TX_CURRENT_STAG	dl_load_ts	timestamp
ZC_TX_STAT_OUT	tx_stat_out_c	int
ZC_TX_STAT_OUT	name	string
ZC_TX_STAT_OUT	title	string
ZC_TX_STAT_OUT	abbr	string
ZC_TX_STAT_OUT	internal_id	int
ZC_TX_STAT_OUT	dl_load_dt	date
ZC_TX_STAT_OUT	dl_load_ts	timestamp
ZC_TYPE	type	int
ZC_TYPE	name	string
ZC_TYPE	title	string
ZC_TYPE	abbr	string
ZC_TYPE	internal_id	int
ZC_TYPE	dl_load_dt	date
ZC_TYPE	dl_load_ts	timestamp
ZC_TYPE_CASE	type_case_c	int
ZC_TYPE_CASE	name	string
ZC_TYPE_CASE	title	string
ZC_TYPE_CASE	abbr	string
ZC_TYPE_CASE	internal_id	int
ZC_TYPE_CASE	dl_load_dt	date
ZC_TYPE_CASE	dl_load_ts	timestamp
ZC_UNLINK_REASON	unlink_reason_c	int
ZC_UNLINK_REASON	name	string
ZC_UNLINK_REASON	title	string
ZC_UNLINK_REASON	abbr	string
ZC_UNLINK_REASON	internal_id	int
ZC_UNLINK_REASON	dl_load_dt	date
ZC_UNLINK_REASON	dl_load_ts	timestamp
ZC_USER_TYPES	user_types_c	int
ZC_USER_TYPES	name	string
ZC_USER_TYPES	title	string
ZC_USER_TYPES	abbr	string
ZC_USER_TYPES	internal_id	int
ZC_USER_TYPES	dl_load_dt	date
ZC_USER_TYPES	dl_load_ts	timestamp
ZC_VALUES_PER_EVNT	values_per_evnt_c	int
ZC_VALUES_PER_EVNT	name	string
ZC_VALUES_PER_EVNT	title	string
ZC_VALUES_PER_EVNT	abbr	string
ZC_VALUES_PER_EVNT	internal_id	int
ZC_VALUES_PER_EVNT	dl_load_dt	date
ZC_VALUES_PER_EVNT	dl_load_ts	timestamp
ZC_VARIANT_FUNC_EFFECT	variant_func_effect_c	int
ZC_VARIANT_FUNC_EFFECT	name	string
ZC_VARIANT_FUNC_EFFECT	title	string
ZC_VARIANT_FUNC_EFFECT	abbr	string
ZC_VARIANT_FUNC_EFFECT	internal_id	int
ZC_VARIANT_FUNC_EFFECT	dl_load_dt	date
ZC_VARIANT_FUNC_EFFECT	dl_load_ts	timestamp
ZC_VARIANT_MOLEC_CONSEQ	variant_molec_conseq_c	int
ZC_VARIANT_MOLEC_CONSEQ	name	string
ZC_VARIANT_MOLEC_CONSEQ	title	string
ZC_VARIANT_MOLEC_CONSEQ	abbr	string
ZC_VARIANT_MOLEC_CONSEQ	internal_id	int
ZC_VARIANT_MOLEC_CONSEQ	dl_load_dt	date
ZC_VARIANT_MOLEC_CONSEQ	dl_load_ts	timestamp
ZC_VARIANT_SYSTEM	variant_system_c	int
ZC_VARIANT_SYSTEM	name	string
ZC_VARIANT_SYSTEM	title	string
ZC_VARIANT_SYSTEM	abbr	string
ZC_VARIANT_SYSTEM	internal_id	int
ZC_VARIANT_SYSTEM	dl_load_dt	date
ZC_VARIANT_SYSTEM	dl_load_ts	timestamp
ZC_VARIANT_TYPE	variant_type_c	int
ZC_VARIANT_TYPE	name	string
ZC_VARIANT_TYPE	title	string
ZC_VARIANT_TYPE	abbr	string
ZC_VARIANT_TYPE	internal_id	int
ZC_VARIANT_TYPE	dl_load_dt	date
ZC_VARIANT_TYPE	dl_load_ts	timestamp
ZC_VERB_ORD_TYPE	signed_type_c	int
ZC_VERB_ORD_TYPE	name	string
ZC_VERB_ORD_TYPE	title	string
ZC_VERB_ORD_TYPE	abbr	string
ZC_VERB_ORD_TYPE	internal_id	int
ZC_VERB_ORD_TYPE	dl_load_dt	date
ZC_VERB_ORD_TYPE	dl_load_ts	timestamp
ZC_VERIF_STATUS	verif_status_c	int
ZC_VERIF_STATUS	name	string
ZC_VERIF_STATUS	title	string
ZC_VERIF_STATUS	abbr	string
ZC_VERIF_STATUS	internal_id	int
ZC_VERIF_STATUS	dl_load_dt	date
ZC_VERIF_STATUS	dl_load_ts	timestamp
ZC_VETERAN_STAT	veteran_status_c	string
ZC_VETERAN_STAT	name	string
ZC_VETERAN_STAT	title	string
ZC_VETERAN_STAT	abbr	string
ZC_VETERAN_STAT	internal_id	string
ZC_VETERAN_STAT	dl_load_dt	date
ZC_VETERAN_STAT	dl_load_ts	timestamp
ZC_WAS_FILTERED	was_filtered_c	int
ZC_WAS_FILTERED	name	string
ZC_WAS_FILTERED	title	string
ZC_WAS_FILTERED	abbr	string
ZC_WAS_FILTERED	internal_id	int
ZC_WAS_FILTERED	dl_load_dt	date
ZC_WAS_FILTERED	dl_load_ts	timestamp
ZC_WEIGHT_SOURCE	weight_source_c	int
ZC_WEIGHT_SOURCE	name	string
ZC_WEIGHT_SOURCE	title	string
ZC_WEIGHT_SOURCE	abbr	string
ZC_WEIGHT_SOURCE	internal_id	int
ZC_WEIGHT_SOURCE	dl_load_dt	date
ZC_WEIGHT_SOURCE	dl_load_ts	timestamp
